review_url,review_title,review_description,review_bloggername,review_postdate
https://blog.naver.com/charone_market/224270215743,[헤이티 메뉴 추천] 코코넛 망고 블루 CGV <b>HEYTEA 강남점</b>,· Travel Note · HEYTEY 메뉴 추천 ─ 코코넛 망고 블루 헤이티 <b>강남점</b> ─ Copyright 2026 ⓒ GADUNG All right reserved... 헤이티 <b>HEYTEA</b> 헤이티는 중국에서 시작한 티 음료 브랜드에요 차를 기본으로 해서 과일이나 우유를... ,"가둥이, 어딜가둥?",20260430
https://blog.naver.com/chufanglog/224224021348,[내돈내산] 헤이티(喜茶/<b>HEYTEA</b>) 서울 <b>강남점</b> 솔직후기,헤이티(<b>HEYTEA</b>)<b>강남점</b> 솔직 후기 2주 전 칭다오 여행에서 1일2헤이티 했던 저.. 홍대점에 이어 강남에도 생겼다는 소식에 망설임 없이 들렸는데 결론부터 말하면.. ‘이 맛이 아니야!!!!’ 였어요 위치는 강남... ,도농로그,20260320
https://blog.naver.com/qq6237/224166467515,<b>HEYTEA</b>(헤이티) <b>강남점</b> 방문 후기!/ 강남역 카페/ 신논현 카페... ,<b>heytea 강남점</b> 매장 위치 서울특별시 강남구 강남대로 438 스타플렉스 2층 210호 영업 시간 매일 11:00 ~ 22:00 웨이팅 유무 x 주차 정보 해당 건물에 주차하면 되지만 발렛비 3000원 있습니다! 오늘은 헤이티 강남점에... ,내가그린곰돌이,20260131
https://blog.naver.com/ahhk23/224234826026,"헤이티 <b>강남점</b>(<b>HEYTEA</b>)-앱 주문 추천, 주말 웨이팅 기본 30분... ","헤이티 <b>강남점</b>(<b>HEYTEA</b>)-앱 주문 추천, 주말 웨이팅 기본 30분, cgv강남 화장실 깨끗함 내돈내산 cgv강남 건물 뒤쪽에 헤이티 매장이 있다. 매장에 자리 2개라서 앉아서 먹지는 못한다고 생각하면 된다. 사람한테... ",케리케리 1234,20260330
https://blog.naver.com/lg320/223673103057,[강남역] 헤이티 <b>HEYTEA 강남점</b> 오픈 / 메뉴&amp;메뉴 추천... ,"헤이티 <b>HEYTEA 강남점</b> 포장 후기 *영업시간 : 매일 11:00-22:00 *전화문의 : 0507-1320-9020 *배달 : 가능(배달의 민족) 헤이티 강남점은 강남역 11번 출구, 신논현역 6번 출구 근처 강남CGV 건물 2층에 있어요 매장은... ",뽀순일상,20241126
https://blog.naver.com/jkim0714/223685259198,<b>HEYTEA</b> 헤이티 <b>강남점</b> 메뉴 추천 망고 레드자몽 사고,오늘은 중국 밀크티 맛집으로 유명한 헤이티 <b>heytea 강남점</b> 뭘 방문해 봤습니다. 직장에서 맛있다고 소문이 나서 전에 배달을 한 번 시켜봤는데 강남점에도 매장이 있는데 배달시키면 압구정점에서 오더라고요?... ,지현햄 일상 맛집 여행 블로그,20241207
https://blog.naver.com/dmswb9803/224261678880,강남역 카페 “<b>HEYTEA 강남점</b>”,헤이티 강남점의 경우 네이버에 헤이티 라고 검색하실 경우 안나오더라구요 ㅠㅠ 꼭 영어로 Heytea 로 치셔야합니다  매장 정보 매장명: <b>HEYTEA 강남점</b> 영업 시간: 월-일 11:00-22:00 들어갈 때부터 보이시죠?... ,옷 좋아하는 미식가,20260422
https://blog.naver.com/kej98723/224178041003,[서울] 밀크티 맛집 <b>HEYTEA</b> 헤이티! <b>강남점</b> 후기,사실은 <b>강남점</b> 방문은 2번째이다 (다른 한국 지점 안가봤듬) 일년만에 재방문한 후기라 할 수 있겠다... 더 맛있는 너낌 그래도 헤이티 생각날 때 먹으면 감동적인 맛〰️ #<b>HEYTEA</b> #<b>heytea</b>한국 #<b>heytea</b>강남 #밀크티,E_iary,20260210
https://blog.naver.com/hyo99oo99/224238714449,[강남 맛집] <b>HEYTEA 강남점</b> | 상하이에서 온 밀크티 망고사고... ,곳이에요 <b>HEYTEA 강남점</b>은 상하이에서 온 밀크티 브랜드라 궁금해서 가봤어요‼️ 강남역 근처라 접근성 좋아서 가볍게 들르기 괜찮은 강남 맛집 느낌이었어요  <b>HEYTEA 강남점</b>  서울 강남구 역삼동 814-6  별도... ,갱이의 일상로그,20260402
https://blog.naver.com/saeromsound/224187963225,"카페음향설치, <b>HEYTEA 강남점</b> - 공간의 밀도를 정리하는 카페... ",출처 : HEYTEA 네이버플레이스 출처 : HEYTEA 네이버플레이스 균형과 확산 – HEYTEA 공간에서 가장 중요한 음향 포인트 이번 <b>HEYTEA 강남점</b> 매장음향시공에서 가장 중점적으로 본 것은 ‘확산’이었습니다. 단일... ,새롬사운드의 새로운이야기,20260219
https://blog.naver.com/23rbgus/224193362700,헤이티 <b>HEYTEA 강남점</b> 로스티드 브라운 슈가 보보 밀크티... ,요즘 강남갈일이 많아서 간김에 간식 먹을거없나 보다가 발견한 헤이티! 전에 친구가 중국에서 유명한 밀크티집이라고 말햇던게 언뜻 생각나서 다녀옴 위치는 신논현역과 좀더 가까움 후기보니 매장에 차... ,첫날의 햇살,20260224
https://blog.naver.com/ohsm3271/223946369100,[ 맛집 | 강남 ] <b>HEYTEA 강남점</b> 인스타그램 후기 많은 이유 있음,위치소개 서울특별시 강남구 강남대로 92길 16 CGV 건물 1층 헤이티 <b>강남점</b>은 신논현역 6번 출구와 강남역... 총평 헤이티 <b>강남점</b>은 공간은 작지만 맛은 결코 작지 않았습니다. 실제로 밀크티의 진정한 매력을 느낄... ,과식주의보,20250729
https://blog.naver.com/forpics1/223950219240,[카페] <b>HEYTEA</b> 내돈내산 후기 및 메뉴 추천 - <b>강남점</b>... ,(사실 우연히 발견함) 망고 러버라면 꼭꼭 방문하시길 추천드려요 <b>HEYTEA 강남점</b> 강남 CGV 뒤편에... (코코넛 망고 붐으로~~~!) (좌)헤이티 강남점 (우) 홍콩 헤이티 Buy 1 Get 1 Free 즉 1+1 이벤트 중이었는데 제가 먹고... ,미돌이 익순이네,20250728
https://blog.naver.com/gpwls10111/224224866877,강남역 맛집 | 헤이티 <b>강남점</b> 중국밀크티 <b>HEYTEA</b> 메뉴 추천... ,"후기를 써보겠습니당~~  위치 및 기본 정보 상호 : <b>HEYTEA 강남점</b> 위치 : 서울 강남구 강남대로 438 스타플렉스 2층 210호 영업시간 : 매일 11:00-22:00 대표 메뉴 : 망고, 그레이프 메뉴 외부 모습 요렇게 아담한 크기고... ",맛 없는 거 먹고 살 찌는 게 제일 싫음,20260321
https://blog.naver.com/blogdana/223856831363,헤이티 <b>Heytea 강남점</b> 혈당스파이크 맥스 찍기 sap가능,강남역과 신논현역 사이에 위치한 헤이티 <b>강남점</b> cgv 건물 뒷쪽이라 강남 많이 오시는 분들은 다 아실거여요. 헤이티가 한국에 들어온지 얼마 안됐나봐요? 같이 지나가다 직장 동료분이 오! 헤이티 생겼네?... ,다나블록,20250506
https://blog.naver.com/dchapsw/223957378135,헤이티 <b>HEYTEA 강남점</b> 메뉴완전 추천 숨은 메뉴 추천... ,"서울 강남역 맛집 <b>HEYTEA 강남점</b> 리뷰 안녕하세요 &gt;,&lt; 최근에 강남에 갈 일이 생겨서 갔다가 헤이티... 헤이티 <b>HEYTEA 강남점</b> 주소 서울 강남구 강남대로 438 스타플렉스 2층 210호 시간 ⏰ 매일 11:00 - 22:00 전화번호... ",챠기로기♡,20250803
https://blog.naver.com/oiiniio00/223748533728,"[강남,강남역] 헤이티(<b>HEYTEA</b>) <b>강남점</b> 버블티 맛집",<b>강남점</b> 헤이티 외관 위치 : 강남역 11번 출구 강남 CGV 건물 뒷쪽 (렌즈미랑 메가커피 사이에 있다) 영업시간 : 매일 11:00 - 22:00 매장 문 옆 유리에 큐알코드가 크게 걸려있었고 저 큐알코드를 찍으면 핸드폰으로... ,INI,20250205
https://blog.naver.com/muchelinguide/223877870421,[강남] 중국 버블티 “<b>HEYTEA</b> 헤이티 <b>강남점</b>” 내돈내산,헤이티 <b>강남점</b>에 다녀왔어요! 중국여행갔을때도 갔었는데 한국에도 지점이 몇개 생겼어요. 강남에는 cgv 건물에 있습니다! qr코드의 나라답게 주문도 qr로 가능했어요 메뉴는 이렇게 있었고 저는 코코넛망고폼... ,무슐랭가이드,20250526
https://blog.naver.com/favyuna/224244086171,"[명동, 강남, 신사 가로수길] <b>HEYTEA</b> 헤이티",<b>HEYTEA 강남점</b> 서울특별시 강남구 강남대로 438 스타플렉스 2층 영업시간⏰ 매일 11:00 ~ 22:00... 강남밀크티 #HEYTEA 가장 최근에 방문한 매장은 강남점이에요 강남점은 CGV건물 뒷편으로 가시면 바로... ,favyuna,20260407
https://blog.naver.com/xhltk481/223984628294,[일상] 송탄부대찌개와보쌈 강남역점/<b>HEYTEA 강남점</b>/팀호완... ,끝남 #송탄부대찌개 #강남역맛집 #강남맛집 #강남놀거리 #강남역놀거리 #강남역카페 #강남역점심맛집 #강남부대찌개 #부대찌개맛집 #헤이티<b>강남점</b> #헤이티 #헤이티메뉴 #헤이티메뉴추천 #팀호완 #팀호완강남... ,뽀그리,20250827
https://blog.naver.com/sobori_/224239676486,[수원] <b>yoee</b> 광교센트럴점-햇살 가득한 광교 신상 카페 요이... ,안녕하세요 광교카페거리에 이미 <b>yoee</b> 1호점이 있는데요~ 최근 <b>yoee</b> 광교센트럴점(2호점)을 오픈했다고 해서 다녀왔어요! <b>yoee</b> 광교센트럴점은 광교 카페거리에서 도보로 5분 거리에 위치한 <b>yoee</b>의 두 번째... ,♥,20260404
https://blog.naver.com/pgbdgq/224272675498,"수원 광교, 신상 카페 <b>yoee</b> 요이 광교 센트럴점",요이 <b>yoee</b> 커피를 다녀왔습니다 처음 사진으로 접했을 때부터 우드톤 인테리어와 감도 높은 디자인이 눈에 들어와 자연스럽게 발걸음이 향했던 곳입니다 매장 입구 2인석 자리도 많았습니다 <b>yoee</b> 메뉴 요이... ,샤블딱 * ੈ✩‧₊˚* ੈ✩‧₊,20260502
https://blog.naver.com/mogura81/223782816819,"주간기록, 토들러 커피바+샌디바이키로+광교 <b>yoee</b>+공세계... ","@ <b>yoee</b> 옷집 안에서 자고 있는 예쁜 길냥이. 부모님 휴대폰 바꾼 날. 나도 휴대폰 매장 시스템 등에 대해서 잘 모르지만, 부모님만 가시는 것보다는 나을 것 같다는 생각에 같이 방문했다. 궁금했던 곳에서... ",추억은 방울방울,20250304
https://blog.naver.com/yase90/224248289834,광교 카페 거리 커피 맛집 <b>yoee</b> 느좋카페,<b>yoee</b> 주말에 광교 카페거리에 갈 일이 있어 들렀다가 통창 뷰가 눈에 확 들어오는 카페를 발견하고 여기다! 싶어 들어가 보았다. <b>yoee</b> 경기 수원시 영통구 센트럴파크로127번길 100 1층 매일 10:30 - 22:30 카페 바로... ,야세 블로그,20260410
https://blog.naver.com/mellie_/224249438432,수원 광교 신상 카페 <b>yoee</b> 광교센트럴점 요이 2호점 주차 가능,"<b>yoee</b> 광교센트럴점 수원 광교 신상 카페 <b>yoee</b> 광교센트럴점 요이 2호점 주차 가능 주소 경기 수원시 영통구 센트럴타운로 106 1층 103, 104호 영업시간 월, 화, 수, 목, 금 08:00-21:00 토, 일 09:00-22:30 휴무 X 주차 O... ",Mellie Blog,20260412
https://blog.naver.com/she1042/224271275367,광교 디저트 카페 <b>yoee</b> 광교센트럴점,광교카페거리에 자리한 <b>yoee</b> 본점 특유의 예쁨 가득한 무드를 참 좋아했는데 이번에 새롭게 오픈한 광교 디저트 카페 <b>yoee</b> 광교센트럴점 소식에 설레는 마음으로 다녀왔답니다 결론부터 말씀드리자면 이곳 역시... ,맛있는인생,20260501
https://blog.naver.com/s2crystal/224089189293,수원 광교 카페거리 <b>Yoee</b>(요이) / 프렌치토스트 디저트 맛집... ,♡₊˚ ☘️・₊✧ 수원 광교 카페거리 <b>Yoee</b>(요이) 디저트 프렌치토스트 맛집 분좋카 <b>Yoee</b>  주소 : 경기 수원시 영통구 센트럴파크로127번길 100 1층 ⏰ 영업시간 : 매일 10:30 - 22:30  전화번호 : 0507-1400-2578... ,레 닝 로 그,20251126
https://blog.naver.com/sin7u/224120420976,수원 광교카페거리카페 분위기 좋은 요이 <b>yoee</b>,요이 <b>yoee</b> 분위기 있는 카페를 못지나치는 세신입니다. 오늘도 수원 광교카페거리에 갔다가 크리스마스트리가 예쁜 곳이 있어서 지나치지 못하고 다녀왔어요. 바로 수원 광교카페거리카페 <b>yoee</b> 요이 였어요.... ,S e s i N - *,20251223
https://blog.naver.com/hgy1243/224073726834,[수원 광교 카페]<b>yoee</b> (요이) ｜ 광교카페거리 뷰 맛집 메뉴... ,안녕하세요:) 오늘은 수원 광교 카페거리 카페 <b>yoee</b>입니다 광교 드라이브 갔다가 간 카페 인데요!! 뷰가 너무 좋았어서 힐링하고 온 곳입니다 <b>yoee</b> -영업시간- 매일 10:30-22:30 전화 0507-1400-2578 주차 매장 앞... ,지혜의 맛집기행,20251112
https://blog.naver.com/earlybird_o_o/224208514967,광교카페 <b>yoee</b> -프렌치토스트 맛집!,에 위치한 감성카페 <b>yoee</b> 입니다!  위치 -주소 : 경기 수원시 영통구 센트럴파크로127번길 100 1층 -네비 검색 : 광교 <b>yoee</b> 카페 -도보 접근성 : 광교중앙역 3번출구에서 801m (도보 13분)  주차 -주차 가능 여부... ,맛있는거,20260308
https://blog.naver.com/death9690/224249588788,요즘 뜨는 광교 신상 카페 <b>yoee</b> 광교센트럴점,카페 <b>yoee</b> 광교센트럴점 요이 2호점으로 오픈  기존 카페거리 1호점 인기 이어감 광교 맛집들... 도전 예정입니다 #광교카페 #요이카페 #<b>yoee</b> #광교신상카페 #수원카페 #카페추천 #휘낭시에맛집 #광교데이트 #daniel,Daniel's Talk,20260412
https://blog.naver.com/yejinchoi23/224243657283,수원 카페 : &lt;<b>yoee</b>&gt;,오늘도 돌아온 카페 방문기 드가를 드가 광교 카페거리에 있는 &lt;<b>yoee</b>&gt; 요이 다냐왓습니당 [네이버지도] <b>yoee</b> 경기 수원시 영통구 센트럴파크로127번길 100 1층 https://naver.me/xQeWZhEg 매일 10:30 - 22:30  0507-1400-2578... ,짤짤이네,20260407
https://blog.naver.com/qlwnzjaal/223984579679,수원 광교카페거리 디저트 맛집 <b>yoee</b> 요이 솔직후기,수원 광교카페거리 디저트 맛집 <b>Yoee</b> 요이 • addresses 경기 수원시 영통구 이의동 1321-4 • business hours... 카페 <b>yoee</b>요이라는 곳이에요 주차는 매장 앞에 3~4대 정도 가능했고 자리가 없다면 바로 근처에... ,ღ yeeniroom,20250827
https://blog.naver.com/94_sujin/224177453915,수원 광교 카페거리 분좋카 <b>yoee</b> 요이 카페 프렌치토스트 후기,카페거리 <b>YOEE</b> 요이 카페에 다녀왔어요 후기도 좋고 리뷰도 많고 분좋카로 유명하더라구요 그래서 여기다! 하고 다녀오게 되었습니다 후기 시작해보곘습니다 <b>yoee</b> 요이 경기 수원시 영통구 센트럴파크로127번길... ,내가 좋아하는건 전부 담는,20260209
https://blog.naver.com/bbongdda35/224054992741,광교 카페거리 핫한 수변 통창 뷰 <b>yoee</b> 요이,"요이(<b>yoee</b>)입니다 #내돈내산 #내돈내먹 <b>yoee</b> 손님들로 가득 찬 핫한 수변 통창 뷰 광교 카페 영업시간 10:30 - 22:30 주소 경기 수원시 영통구 센트럴파크로127번길 1층 주차 카페 앞 소량 주차 가능 단체, 포장... ",또꽃으로 살아가기,20251027
https://blog.naver.com/dpwls_e/224242157466,광교중앙역 카페 <b>yoee</b> 광교센트럴점 우드톤 감성 맛집... ,"카페 <b>yoee</b> 광교센트럴점 영업시간 ️ 월-목 08:00 ~ 21:00 금요일 08:00 ~ 22:30 토-일 09:00 ~ 22:30  광교중앙역 3번 출구에서 505m 안녕하세요, 여행블로거 오일락입니다! 얼마 전 광교중앙역 신상 카페로 오픈한 <b>yoee</b>... ","언제나 떠나요, 오일락-로그",20260406
https://blog.naver.com/qkr3283/224227038675,옥수수라떼가 맛있는 광교 카페거리 카페 추천 <b>yoee</b>,<b>Yoee</b> 경기 수원시 영통구 센트럴파크로 127번 길 100 1층 ⏰운영시간 10:30~22:30 ️매장 앞 주차 또는 광교... 해보다가 <b>yoee</b> 카페 분위기가 너무 좋아 보여서 방문해 보았답니다~ 지정장소 외 무단 주차로 인해 주변... ,캠핑 하루,20260325
https://blog.naver.com/forsins/223746730016,수원 신상카페 광교카페거리 요이커피 <b>YOEE</b> 내돈내산 후기,"수원 신상카페 광교카페거리 요이(<b>YOEE</b>) 내돈내산 후기 사진 / 글 by 보구리 광교카페거리에 새로 오픈했다는 수원 신상카페 요이(<b>YOEE</b>) 소식을 듣고, 주말에 잠시 시간을 내어 후다닥 다녀왔어요. 사실... ",보구리의 여행로그,20250203
https://blog.naver.com/cadieuuu/224114365370,광교 카페거리 <b>yoee</b>(요이) 방문 후기｜내부 분위기·메뉴 총정리,"그중에서도 특히 예뻐보이던 광교 카페거리 <b>yoee</b>(요이)에 다녀왔는데요, 카페거리 산책하다가... 카페거리 <b>yoee</b>(요이)는 카페거리 안쪽에 자리하고 있어서 복잡한 메인라인보다는 살짝 여유 있는 동선에 위치해... ",갱이사는 이야기,20251227
https://blog.naver.com/kkom_ii/224274723415,"광교 카페거리 카페 <b>yoee</b> 후기, 메뉴 추천","광교 카페거리의 최고 맛집 오초를 다녀온 뒤 근처에서 유명한 <b>yoee</b>를 가보게 되었다. 광교 카페를 검색해 보면 <b>yoee</b>가 압도적으로 많이 나오는 것을 볼 수 있는데, 가보면 왜 이렇게 리뷰가 많은지 바로 알... ",김새댁,20260504
https://blog.naver.com/armn1201/223946085881,<b>갓덴스시 강남점</b> 메뉴 추천 웨이팅 가격 | 강남역 회전초밥 맛집,내돈내산 리뷰입니다 메뉴 추천 웨이팅 가격 <b>갓덴스시 강남점</b> 영업시간 | 매일 11:00~21:30 주소 | 서울... 참고로 이 친구는 한 달에 한 번은 오는 <b>갓덴스시 강남점</b> 단골. 다른 지점도 다 가봤는데 이 지점이 제일... ,앎의 빅데이터 저장소,20250725
https://blog.naver.com/eblovebr0915/224267231673,<b>갓덴스시 강남점</b> 웨이팅 및 룸좌석 후기와 추천메뉴,"강남역을 지나다닐 때마다 항상 웨이팅 줄이 길게 늘어서 있어서 대체 얼마나 맛있길래 저러나 궁금했던 '<b>갓덴스시 강남점</b>'인데요. '갓덴스시'는 일본 사이타마현에서 시작된 브랜드로, '갓덴'은 일본어로... ",빛나는 하루의 정리,20260427
https://blog.naver.com/yourjun_/224193777142,[서울 강남] <b>갓덴스시 강남점</b> 내돈내산 후기｜웨이팅·주차... ,"몰랐는데 강남점에는 룸이 있었고 룸 좌석에 앉게 되었어요! 룸 안에는 옷걸이, 4인 테이블 2개가... 가봐야겠습니다 #강남맛집 #강남역맛집 #강남초밥맛집 #강남회전초밥 #갓덴스시 #<b>갓덴스시강남점</b>... ",쭈니‘s 행복 일상,20260224
https://blog.naver.com/morene-/224078987012,"환상적인, &quot;<b>갓덴스시 강남점</b>&quot;(<b>갓덴스시강남점</b>평일저녁웨이팅... ","<b>갓덴스시 강남점</b>_ 친구들과 너무나도 사랑하는 초밥집, 갓덴스시에 가기로 했다. 요번엔 평일저녁이니 좀 웨이팅이 덜하지 않을까하는 기대감으로 출발~ 갓덴스시 금요일 저녁 5시 웨이팅_ 테이블링으로... ",모린MORENE,20251117
https://blog.naver.com/pcmm1/223523925801,회전초밥 <b>갓덴스시 강남점</b>  내돈내산후기,좋아하는 스시로 결정 강남역 회전초밥 <b>갓덴스시 강남점</b>으로 향했어요 네비를 찍고 가는데 주차장을... 돌아 갓덴스시 앞쪽으로 갔더니 발렛 아저씨가 나오시더라고요 저처럼 주차장 찾지 마세요 입구에 가서... ,사월&영웅이와 행복한 동행,20240724
https://blog.naver.com/temis65/223831368108,[서울/강남역 맛집] 두툼한 횟감이 맛있는 <b>갓덴스시 강남점</b> (봄... ,<b>갓덴스시 강남점</b>은 원격줄서기는 불가하고 현장에서만 웨이팅 등록이 가능합니다! 그리고 추천 메뉴들을 찾아보며 기다렸는데 여러 팀이 동시에 나와서 5분 정도 기다리고 바로 입장했어요~!! 갓덴스시는... ,떼떼와 몽몽의 이모저모,20250413
https://blog.naver.com/kmjhan91/223931890467,강남역 맛집 : 회전초밥 <b>갓덴스시 강남점</b> 웨이팅 추천메뉴... ,"강남역 스시 맛집 찾을때 추천하고 싶은 <b>갓덴스시 강남점</b> 회전초밥으로 먹기도 좋고, 웨이팅이... 와규의 쫄깃함 스시 못지 않게 좋아요  그리고 갓덴스시 추천메뉴 + 강남점 추천메뉴인 잿방어 (아귀간을 더한)... ",무한긍정소녀 행복한 블로그,20250713
https://blog.naver.com/charming_hn/223836017803,강남역 회전초밥 맛집 : <b>갓덴스시 강남점</b> 주말 방문후기,있는 갓덴스시 신선도도 괜찮고 맛도 좋아서 종종 가는편인데 롯데월드몰보다 강남점이 쾌적해서... 가야지 #갓덴스시 #<b>갓덴스시강남점</b> #강남역회전초밥 #강남역갓덴스시 #강남스시 #강남초밥맛집... ,놀고만 싶은 수리누나,20250416
https://blog.naver.com/dmswldu718/223687112948,강남역 회전초밥 <b>갓덴스시 강남점</b> 점심 웨이팅해도 맛있었던 곳,<b>갓덴스시 강남점</b> 입니다! 강남역 12번 출구에서 맥도날드 건물 옆쪽에 위치해서 금방 찾아갈 수... 진짜 퀄리티가 상당한 강남역 스시 갓덴스시 아무래도 초밥이 정말 신선하고 또 회전도 빠른데다가 독특한... ,맛집 가려고 근로소득 버는 아로미❤️,20241209
https://blog.naver.com/day_soft/224145545567,강남 오마카세 퀄리티 회전초밥 스시 맛집 | <b>갓덴스시 강남점</b>... ,"급 갓덴스시 강남역점 강남에서 엄청 유명한 회전초밥집인데, 한 번 맛보면 왜 이렇게 웨이팅이 많은지 단번에 이해되더라구요. <b>갓덴스시 강남점</b> 강남 퀄리티 좋은 회전 초밥집, 강남 스시 맛집 추천 주소... ",스마트한 꿀팁 모음,20260114
https://blog.naver.com/iie_eiii/224195244737,강남 맛집 <b>갓덴스시 강남점</b> 최애 회전초밥집,위치 및 주차 01 <b>갓덴스시 강남점</b> 위치 서울 강남구 테헤란로 109 강남제일빌딩 접근성 강남역 12번 출구에서 도보 1분 영업 시간 매일 11시 ~ 21시30분 (21시 라스트오더) 전화번호 0507-1423-1477 갓덴스시는 제... ,하윙 Blog,20260225
https://blog.naver.com/pigme_eat/223731756354,[강남역 회전초밥 맛집] 최애스시집! <b>갓덴스시 강남점</b> (주말... ,１－２번은 <b>갓덴스시</b> 갈 정도로 저희 커플의 최애 완전 최애 <b>스시</b>집입니댱 특히 겨울 <b>갓덴</b>은 진짜 사랑이에요 저희는 신세계 <b>강남점</b>에 있는곳을 제일 많이 가는데 이번에 여기 <b>강남점</b>은 처음이라 포스팅... ,"be happy,♥",20250120
https://blog.naver.com/ddorri_2/224198848128,"<b>갓덴스시 강남점</b>｜메뉴 추천, 마이갓덴 적립·사용 방법 (평일... ",강남 웨이팅 초밥 맛집 일본 현지의 맛과 분위기를 그대로 즐기는 <b>갓덴스시 강남점</b> 오늘은 강남역... 만큼 스시에 진심인 편인데요. 갓덴스시는 일본 사이타마현에서 시작하여 2010년 한국에 강남점을 처음... ,또리의 맛 탐방기,20260228
https://blog.naver.com/thddlehddn/224092672840,고퀄리티의 회전 초밥집 &lt;<b>갓덴스시 강남점</b>&gt;,"기다릴 수 있는 공간도 있으니 <b>스시</b> 땡길 때 가보면 좋을 것 같다. 아 그리고 <b>갓덴스시</b>는 체인점이라 김포, 잠실 등 서울 이곳저곳에 지점이 있음!(잠실점은 진짜 웨이팅 극악이라고 한다. 웬만하면 <b>강남점</b>으로~)",Connie의 블로그,20251130
https://blog.naver.com/hokeun-2/224097976425,"<b>갓덴스시 강남점</b> 솔직후기 가격, 메뉴",2.스시 접시부터 다르죠? 비싼 참치 기름이 아주 가득해서 초반에 먹으면 좋을 것 같아요! 맛있고 비싼... 갓덴스시가격 #강남초밥 #강남초밥맛집 #강남맛집 #갓덴스시강남 #갓덴스시 #<b>갓덴스시강남점</b> #서이추환영,꾸며낸 이야기와 글,20251204
https://blog.naver.com/qvzxt1122/224201742968,[강남/갓덴스시](3월 임시 휴업)<b>갓덴스시 강남점</b> 내돈내산... ,"1월에 방문했었는데, 리뉴얼 기념으로 작성하는 갓덴스시 후기!! <b>갓덴스시 강남점</b> : 영업정보... 그렇다보나 기대 없이 방문했는데 강남점이 본점이라 그런지 너무 맛있게 잘 먹었다 !! 조만간 또 갈 예정이라서... ","여행,일상,기록",20260302
https://blog.naver.com/loveandtaste/224105934581,[<b>갓덴스시 강남점</b>] 프랜차이즈지만 완전 고퀄리티 회전초밥... ,"맛집 <b>갓덴스시 강남점</b>을 다녀왔습니당 강남 뿐만 아니라 잠실,신사 등등 핫플이란 핫플에는 하나씩은 꼭 있는 회전초밥 전문점 갓덴스시 프랜차이즈라 그런지 전반적인 매장 분위기, 인테리어도 좋구... ",여행하는 밍구리,20251211
https://blog.naver.com/jinkong_/224034730715,[평일저녁 웨이팅] <b>갓덴스시 강남점</b>(잠실점과 비교),"잠실점 보다 맛있었던 강남점 갓덴스시를 사랑하는 나로써, 잠실점도 많이 가봤지만 평일 퇴근 후 방문... 등 <b>갓덴스시 강남점</b>  서울특별시 강남구 테헤란로 109, 강남제일빌딩 1층  매일 11:00 ~ 21:30  현장 방문 시... ",진콩blog,20251008
https://blog.naver.com/minji8635/223881182311,"강남맛집 <b>갓덴스시 강남점</b>, 서울 회전초밥 맛집 둘이서 9만원",것 같아요  갓덴스시 바로 마이갓덴 가입하고 빠르게 적립도 완료했답니다! 굿! #<b>갓덴스시강남점</b> #강남갓덴스시 #갓덴스시 #서울갓덴스시 #서울회전초밥 #회전초밥맛집 #강남회전초밥 #강남초밥맛집 #강남맛집,글쓰는 미운오리새끼,20250530
https://blog.naver.com/nanaseries/223856943093,서울 회전초밥 강남역 맛집 <b>갓덴스시 강남점</b> 웨이팅 없이... ,유명한 갓덴스시! 강남역 맛집으로 유명한 <b>갓덴스시 강남점</b> 웨이팅 없이 #내돈내산 먹고온 후기입니다... 기다리면서 갓덴뉴스를 읽어주는 것도 좋아용 식당 내부 5월 연휴 중에 방문하니 웨이팅 거의 없이 5분?... ,Nana's series,20250508
https://blog.naver.com/poou0070/224197847449,<b>갓포우오 신사점</b> - 맛있고 푸짐한 룸 이자카야,요즘 인기 맛집으로 핫하다는 <b>갓포우오 신사점</b> 방문후기 입니다 예약 필수 발렛파킹 가능 2시간 5천원 이후 10분당 천원 추가 ~ 입구부터 뭔가 맛집 스멜이 폴폴폴 갓포우오는 전석 룸 구성이라 조용히 즐기기... ,아놀드의 마음속 이글,20260227
https://blog.naver.com/solttete/224216134724,<b>갓포우오 신사점</b> | 신사 모임하기 좋은 프라이빗 룸 이자카야,<b>갓포우오 신사점</b> 서울 강남구 강남대로156길 12 1층 영업시간 17:00~01:30 대학 친구들과 오랜만에 모임을 하러 <b>갓포우오 신사점</b>에 왔어요 근처에서 근무하는 친구의 회식장소 후보 중 한 곳이었다나 봐요.... 메뉴... ,지구 블로그 협객,20260314
https://blog.naver.com/kimtavanam/223809100629,[강남 신사 이자카야] 전좌석 룸으로 구성된 '<b>갓포우오 신사점</b>',캐치테이블에서 품평이 좋은 이자카야로 골라서 <b>갓포우오 신사점</b>으로 골랐다 (냉삼 먹고싶다던 내 친구야 내가 무리하게 추진해서 미안하다.. 다 뜻이 있었다..) 신사역 이자카야 술집 <b>갓포우오 신사점</b>... ,분당 사는 사회초년생 웨딩 준비 일기,20250325
https://blog.naver.com/onyouly/224074542859,"룸 술집 이자카야_ <b>갓포우오 신사점</b> [예약, 메뉴, 이용 시간 등]","그래서 진짜 겨우겨우 시간 맞춰 오랜만에 둘이 놀고 왔어요(*´◡｀*) 이날 다녀온 곳은 신사역 6,8번 출구로 나와서 도보 5분이 안 걸리는 곳에 있는 <b>갓포우오</b>‼️ 신사역에 가면 술집 몰려있는 쪽에 있어요... ",돈 버는 이유,20251113
https://blog.naver.com/ssu-world/223545068224,신사 단체모임 룸술집 이자카야 '<b>갓포우오 신사점</b>',캐치테이블 4.9점이었던 신사 갓포우오 Go~ 사실 4.9점에는 [후기 작성 이벤트]라는 약간의 비밀이... ㅎㅎ #신사역술집 #신사동맛집 #신사룸이자카야 <b>갓포우오 신사점</b>은 룸 형식에 주차 예약 모두 가능해서... ,쑤월드 is All You Need!,20240812
https://blog.naver.com/a623927/224152496542,신사 가로수길 모임하기 좋은 프라이빗 룸 술집-<b>갓포우오 신사점</b>,"술집 '갓포우오'에 다녀왔어요! 갓포요리[割烹料理]란, 칼과 불을 잘 다루어 뛰어난 조리법으로 만든 일본 요리를 의미합니다. <b>갓포우오 신사점</b> 서울 강남구 강남대로156길 12 1층 ③ (신분당선) 신사역 8번... ","Bonjour, ma copine",20260120
https://blog.naver.com/seew1026/224055574010,"강남구이자카야 <b>갓포우오 신사점</b>, 제철 사시미의 마법","바로 강남구이자카야 <b>갓포우오 신사점</b>인데요. 정말 우연이었지만, 이번 방문은 진짜 만족도가 높았던... 한 번쯤 꼭 방문해보시길 추천드립니다. #강남구이자카야 #신사맛집 #갓포우오 #사시미맛집 #직장인회식",웃으면 복이와요!!,20251027
https://blog.naver.com/inhani1220/224055536759,[서울/강남] 신사역 룸 이자까야 <b>갓포우오 신사점</b>,전좌석 룸 이자까야 갓포우오 신사역에서 맥주집을 찾아 가게 된 <b>갓포우오 신사점</b> 토요일 저녁 다행히 웨이팅 없이 입장 미리 예약해서 룸에서 마셔도 너무 좋을 것 같았던 갓포우오 데이트하기도 회식하기도... ,내맘대로 끄적이는 블로그,20251027
https://blog.naver.com/juppyblog-/223539749345,[신사 맛집] 신사 이자카야 <b>갓포우오 신사점</b> (모리아와세... ,"신사 맛집 모임 장소로 제격인 <b>갓포우오 신사점</b> 메 뉴 출처 - 캐치테이블 유동인구가 많은 신사에... 신사 맛집 신사 이자카야 <b>갓포우오 신사점</b> 이집 특징은요, 제철 사시미가 훌룡해요 프라이빗 룸 형태에요... ",여기저기 다니고픈 주피,20240808
https://blog.naver.com/oothroddl/224053818370,프라이빗한 룸에서 즐기는 제철  신사역 술집 <b>갓포우오 신사점</b>... ,"안녕하세요 최근 신사역 술집 <b>갓포우오 신사점</b>에서 정말 특별한 경험을 하고 왔는데요, 어느새... 신사역에 도착해 갓포우오로 향했습니다. 역에서 그리 멀지 않은 곳에 위치해 있어 찾아가기도 편하더라고요.... ",oothroddl님의 블로그,20251026
https://blog.naver.com/kweon7727/223726327412,신사역 가로수길 룸 이자카야 <b>갓포우오 신사점</b> | 주차 발렛,"안녕하세여~~ 지난 주말 신사에 있는 이자카야 술집 갓포우오에 다녀왔어요 <b>갓포우오 신사점</b> 주소 : 서울 강남구 강남대로156길 12 1층 영업시간 : 17:00 ~ 1:30 전화번호 : 010-****-**** 주차 가능 : 발렛 2시간 5,000원... ",Jenny Travel✈️,20250115
https://blog.naver.com/rlao03/224054426140,"미식이 예술이 되는 공간, <b>갓포우오 신사점</b>","조용한 조명, 나무 향이 어우러진 문을 열면 마치 일본의 정통 갓포집에 온 듯한 분위기가 펼쳐집니다. 그곳이 바로 <b>갓포우오 신사점</b>이에요. 이곳은 음식 하나하나에 정성과 철학이 담긴, 진짜 ‘정통 일식’을... ",rlao03님의 블로그,20251026
https://blog.naver.com/my_cup_of_tea_/223824555620,"갓포우오, 신사역 이자카야, 신사동 맛집 - <b>갓포우오 신사점</b>","<b>갓포우오 신사점</b> 신사동 이자카야 오랜만에 대학 시절 친구들과의 모임을 위해 장소를 찾던 중... 제철 사시미 모리아와세 - 55,000원 갓포우오의 대표적인 메뉴로, 신선한 제철 해산물을 다채롭게 즐길 수 있는... ",cup of tea,20250407
https://blog.naver.com/goke788/224055585913,"여자 셋의 행복한 회식, 강남구이자카야 <b>갓포우오 신사점</b> 후기","강남구이자카야 <b>갓포우오 신사점</b>이에요. 가게 문을 열고 들어가자마자 일본 분위기가 물씬~ 저는... 결론적으로, 강남구이자카야 <b>갓포우오 신사점</b>은 엄 마랑 동생이랑 여자 셋이서 오기에도 정말 만족스러운... ",매일 개념있게 살자,20251027
https://blog.naver.com/bella47/224009668280,<b>갓포우오 신사점</b>,신사에 있는 <b>갓포우오</b> 이자카야  친구가 예약한 곳인데 정말 센스 있어.  모든 직원들이 어쩜 그렇게 친절하실까요! 또 가고 싶음 조용한 공간에서 대화할 수 있으니깐 완전완전 좋아 좋은 친구랑 함께- 81... ,비단향꽃무,20250916
https://blog.naver.com/sara857/223739341614,"신사 가로수길 이자카야, <b>갓포우오 신사점</b> 직접 시켜본 추천메뉴","<b>갓포우오 신사점</b> <b>갓포우오 신사점</b> 서울 강남구 강남대로 156길 12 1층 매일 17:00 - 1:30 010-****-****... 맛있어서 갓포우오 방문하시면 꼭 시켜야할 메뉴입니다. 매운 해산물나베 3.2 ⭐추천⭐ 양이 많고, 국물이... ",새라의 데일리,20250303
https://blog.naver.com/senorita___/224004282074,<b>갓포우오 신사점</b> : 아늑한 룸에서 즐기는 정통 일본 갓포 요리,"신사동에서 특별한 날이나 친구, 연인과 조용하게 식사와 술자리를 즐기고 싶은 분이라면, 신사동 룸 이자카야 <b>갓포우오</b>가 제격입니다. 일본 전통 <b>갓포</b> 스타일 요리를 제공하는 <b>갓포우오</b>는 프라이빗 룸과 아늑한... ",Work Life Balance,20250912
https://blog.naver.com/llilly_lli/223671951300,가로수길 룸술집 이자카야 ‘<b>갓포우오 신사점</b>’에서 사시미 후기,"폴렌느 구경갔다가 아쉬움 가득한 채로 밥 먹으러 온 <b>갓포우오 신사점</b>,, 캐치테이블로 예약해둬서 시간 맞춰서 왔당 (땡큐 !) 이렇게 전부 룸으로 되어있는 구조 룸공간을 확보하려다보니 이렇게 된건지 4인... ",YIMB | Yay It's My Bloggg,20241125
https://blog.naver.com/madeo250/224055592471,"강남구이자카야 <b>갓포우오 신사점</b>, 남편과 함께한 일본 요리... ","그래서 찾은 곳이 강남구이자카야 <b>갓포우오 신사점</b>이에요. 우리가 갔을 때, 딱 들어가자마자 분위기가... 저희는 평소에 일본 음식을 자주 먹는 편인데, 강남구이자카야 <b>갓포우오 신사점</b>은 그동안 먹어본 일본식... ",은이스토리♥,20251027
https://blog.naver.com/jisoo-log/224029169977,가로수길 룸 이자카야 - <b>갓포우오 신사점</b> 청첩장모임 후기,"메로 자체가 기름진 생선이라 자칫 느끼할 수 있는데, 갓포우오에서는 간이 잘 맞아서 끝까지 맛있게 먹었어요. <b>갓포우오 신사점</b>은 룸으로 되어 있어 프라이빗한 모임에 최적화되어있어서 청첩장모임장소로... ",지수로그 일상을 여행처럼,20251002
https://blog.naver.com/littlebunnyenglish/224256144696,수원 인계동 맛집 돈까스::<b>계원당 인계점</b>,예라 계원당의 가훈이 눈에 띄네요 ㅎㅎ 매장에는 4인테이블과 2인테이블이 여러개 있어요. 테이블을 움직일 수 있어 단체모임을 하기에도 너무 좋더라고요. <b>계원당 인계점</b>의 인테리어는 아늑하고 집처럼... ,하나맘의 여행기록,20260417
https://blog.naver.com/hapeunri/224273215604,수원시청역 맛집 돈까스 <b>계원당 인계점</b> 치킨까스 추천,"해서 <b>계원당 인계점</b>에 갔다왔습니다! +수원사람이면 다 아는 ,,,, 인계동에 주차헬인데요 계원당... 계원당 내부자리 점심시간 좀 지나고 갔더니 내부는 한적해서 오히려 좋았구요 우드톤으로 통일된... ",이은리은의 맛집&카페,20260503
https://blog.naver.com/yummyshuka/224257401175,수원시청역 맛집 돈까스로 유명한 <b>계원당 인계점</b> 후기,"수원시청역에서 점심 메뉴를 고민하다가 이번에 새로 오픈한 <b>계원당 인계점</b> 다녀왔어요! 보통 돈까스 전문점이라고 하면 일식이나 경양식 구성을 떠올리기 마련인데 계원당에서는 수제 카츠, 특히 치킨... ",오늘을 채우다,20260419
https://blog.naver.com/yeondaze/224265621675,인계동 맛집 돈까스 치킨까스가 맛있는 <b>계원당 인계점</b>,오늘은 인계동 맛집 돈까스 치킨까스가 맛있는 <b>계원당 인계점</b>에 다녀왔어요. 아주 바삭한 돈까스와... 계원당이라는 이름답게 치킨까스가 메인인 거 같아요. 잘라보니 닭고기가 아주 두툼하게 들어 있구요!... ,연푸디 Blog♥,20260426
https://blog.naver.com/allisa_kim/224254865259,수원시청역 맛집 돈까스 수제 치킨까스 <b>계원당 인계점</b>,맛집 <b>계원당 인계점</b>으로~~ 결정!! 수원시청역 돈까스 맛집 <b>계원당 인계점</b>은 KBS 수원아트홀 근처에... 인계동맛집 계원당 치킨까스를 한입 먹어보더니 &quot;뭐야? 여기 치킨까스는 왜이렇게 부드러워?&quot;라고... ,우리들의 행복한 시간,20260416
https://blog.naver.com/minively528/224264667744,수원시청 맛집 점심 데이트코스 추천 <b>계원당 인계점</b>,데이트코스 <b>계원당 인계점</b> 날이 좋았던 주말 평일에 많이 자지 못했던 잠을 풀로 즐기고 당당님과 인계동 돈카츠 맛집 계원당을 다녀와보았다 수제치킨카츠 맛집 닭요리 반상 전문 계원당 지하 주차장이 있어... ,pretty good my life,20260425
https://blog.naver.com/dpdlcl612/224276087718,수원시청 맛집 점심 100% 통닭다리살만 사용 하는 <b>계원당 인계점</b>,좋은 계원당에 다녀왔다✨ ✔️ <b>계원당 인계점</b>  주소 경기 수원시 팔달구 인계로138번길 9 1층 102호  대중교통 수원시청역 8번 출구에서 550m ⏰ 영업시간 매일 11:00 - 21:00 20:30 라스트오더  전화번호 0507-1314-2468... ,행복 찾아 삼만리☘️,20260506
https://blog.naver.com/jujihye11/224265858283,신상 인계동 맛집 돈까스가 맛있는 &quot;<b>계원당 인계점</b>&quot; 100... ,#<b>계원당인계점</b> #계원당 #인계계원당 #수원시청역맛집 #수원시청역맛집돈까스 #인계동돈까스 #수원시청맛집점심 #수원시청역점심 #인계동점심 #인계동맛집 #인계동맛집돈까스,주money의 브이로그 ꈍ◡ꈍ,20260501
https://blog.naver.com/bisoli2/224262281412,수원시청 맛집 점심 <b>계원당 인계점</b> 가성비 굿,"수원시청 맛집 점심 먹으러 다녀온 <b>계원당 인계점</b> 수원시청 맛집 점심 계원당은 인계동에 새로 오픈한 곳으로, 통다리살로 만든 수제 치킨까스 전문점입니다. 요즘 물가 가격 생각하면 만원 초반대로 한 끼... ","냠냠, Yum-yummy!",20260423
https://blog.naver.com/wngur5161/224259531141,[수원 인계동] 수원시청역 맛집 돈까스 '<b>계원당 인계점</b>... ,화장실/출입구/좌석휠체어가능 #계원당 #<b>계원당인계점</b> #수원돈까스 #수원맛집 #수원시청맛집 #수원시청역맛집 #수원시청돈까스 #수원시청맛집점심 #인계동점심 #인계동맛집 #인계동돈까스 #수원맛집추천... ,주씨가 하고 싶은 거 다함 :),20260421
https://blog.naver.com/kimej7290/224257950401,수원시청 맛집 점심 돈까스 카레 <b>계원당 인계점</b>,직장인 분들이라면 <b>계원당 인계점</b>에 꼭 한번 방문해 보시기를 진심으로 추천해 드려요. 가성비와 가심비 모두를 만족시켜 주는 드문 식당이라 저도 앞으로 자주 오게 될 것 같아요. 인계동 점심맛집 계원당!!,운동조아의 일상 기록,20260419
https://blog.naver.com/newjspark/224272561885,변신 '<b>계원당 인계점</b>' 솔직 후기 데이트 추천 탄산리필 주차가능... ,#인계동맛집 #수원돈까스맛집 #계원당 #인계동데이트 #수원치킨가스 요약 인계동에서 깔끔하고 분위기... 이번 주말에는 바삭한 돈까스와 치킨가스가 생각나서 인계동에 위치한 '<b>계원당 인계점</b>'에... ,용목형 - 용감한 목형,20260502
https://blog.naver.com/happyloopyj/224265391961,인계동 맛집 돈까스 가성비 테이크아웃 커피 <b>계원당 인계점</b>,커피 <b>계원당 인계점</b>의 커플세트입니다 계원당 최초 커플세트 주문자로 마치 첫커플 느낌으로??? ㅋㅋㅋ 음식이 나오자마자 허겁지겁 먹었습니다 치킨까스가 왜 한접시에만 나오나 섭섭해하지 마세요! 총3개의... ,happyloopy님의 블로그,20260426
https://blog.naver.com/ehgml2792/224254786484,"맛집: 돈까스보다 완벽했던 100% 닭다리살, <b>계원당 인계점</b> 방문기",#계원당 #<b>계원당인계점</b> #인계동맛집 #수원시청역맛집 #수원돈까스 #수원치킨까스 #인계동치킨까스 #수원데이트 #인계동점심 #나혜석거리맛집 #팔달구맛집 #수원시청맛집 #또이집사의수원생활기록... ,또이집사의 수원생활지도,20260416
https://blog.naver.com/hopeandlove-/224254456062,인계동 맛집 돈까스 <b>계원당 인계점</b> 수원시청 점심 데이트,"점심 메뉴, 인계동 맛집 돈까스 찾는다면 <b>계원당 인계점</b> 추천드립니다. #<b>계원당인계점</b> #계원당 #수원시청역맛집 #수원시청역돈까스 #수원시청맛집 #수원시청점심 #인계동맛집 #인계동돈까스 #수원시청돈까스",편안하게(ad agio),20260416
https://blog.naver.com/love-kim92/224264038455,<b>계원당 인계점</b> 커플세트 한상으로 즐기는 뽀송뽀송한 점심,컨셉 #인계동치킨까스맛집 #인계동점심맛집 #수원시청역돈까스 #계원당 #<b>계원당인계점</b> #인계동맛집추천 #수원돈까스맛집 #치킨까스한상 #버터치킨카레 #인계동데이트 #수원시청점심 #5찬반상 #가성비맛집... ,까꿍이(지안) 육아일기장:),20260424
https://blog.naver.com/lululu5432/224265418614,인계동 맛집 돈까스 치킨까스 맛있는 식당 수원 <b>계원당 인계점</b>... ,다음에도 인계동에서 점심 먹게 된다면 다시 수원 <b>계원당 인계점</b>을 찾을 것 같아요. 주소 #인계동계원당 #계원단인계점 #수원인계돈계원당 #인계동식당 #인계동점심,룰라,20260426
https://blog.naver.com/olio37/224264232886,인계동 점심 맛집 계란볶음밥 나오는 <b>계원당인계점</b> 추천,"인계동 먹자골목에서 찾은 든든한 한 끼, <b>계원당인계점</b> 방문 후기 80~90년대 양옥집 감성 가득했던 인계동 점심 맛집 최근 인계동 먹자골목에서 식사할 곳을 찾다가 분위기부터 눈길을 끄는 <b>계원당인계점</b>에... ",하루몽담의 일상 리뷰,20260425
https://blog.naver.com/vi1076vi/224269145889,돈까스 <b>계원당 인계점</b> 후기 (수원시청 맛집 점심 추천!) 후기... ,인계동 맛집 돈까스 <b>계원당 인계점</b> - 안녕하세요.리뷰블로거 소정입니다 :) 오늘리뷰할제품은 인계동... ✔ 100% 통닭다리살 사용 ✔ 계원당만의 공법으로 기름기 쫙 빠짐 ✔ 360도 어디를 먹어도 바삭  이런 특징... ,소정’s Review blog,20260429
https://blog.naver.com/yyy6521/224253914469,[수원/인계동] 수원시청역 맛집 돈까스 전문점 <b>계원당 인계점</b>... ,#수원시청역돈까스맛집 #수원돈까스맛집 #인계동돈까스 #계원당 #<b>계원당인계점</b> #수원맛집추천 #인계동맛집 #수원점심맛집 #수원저녁맛집 #수원혼밥맛집 #돈까스맛집 #수원일식맛집 #수원핫플맛집 #인계동핫플... ,❤️보여주는 일기장❤️,20260416
https://blog.naver.com/oyo0606/224252365996,<b>계화정 수원인계점</b> 평일 저녁방문 후기/수원인계동 맛집... ,"맛있어보여서 다음에 오면 석쇠먹어봐야지 했습니다. 네이버 포토리뷰 이벤트도 진행하고 있으니 관심있는 분은 참여해보세요. <b>수원</b>에서 저렴한 술집, 또는 맛집 원하시는 분은 <b>수원</b> <b>계화정</b> 적극 추천드려요!",호기심 많은 겁쟁이,20260414
https://blog.naver.com/bw2733/223957435241,[수원 맛집] <b>계화정 수원인계점</b>,"(but, 반 내돈내산) 이번에는 수원의 인계동에 있는 계화정에 다녀왔어요. 메뉴 선택은 단지, 제가... 츄릅~ 주소 : 경기 수원시 팔달구 인계로138번길 22 (인계동) 1층 <b>계화정 수원인계점</b> 연락처 : 0507-1393-6626... ",솔직하고 담백하게,20250803
https://blog.naver.com/riace/224237277554,수원 닭갈비 인계동 맛집 <b>계화정 수원인계점</b>,수원 닭갈비 인계동 맛집 <b>계화정 수원인계점</b> 경기 수원시 팔달구 인계로 138번길 22 1층 간만에 매콤한 닭갈비가 먹고싶어서 수원 닭갈비 인계동 맛집 계화정 다녀왔어요 편안한 분위기도 좋았고 무엇보다 불향... ,❤️유리ME의 화려한식탁❤️,20260401
https://blog.naver.com/dydrnfl81/224185761744,수원 인계동 닭갈비 맛집 IN [<b>계화정 수원인계점</b>]불향 불맛 가득... ,포차갬성 &quot; <b>계화정 수원 인계점</b> &quot; 입니다. &lt; 기본 정보 &gt; ️ 위치 인계동 박스 안에 있어요~ 건물 주차장에... 된 계화정 ㅎㅎ 다양한 종류의 메뉴부터 세트메뉴도 있고 국물요리도 있었죠 저녁 먹기 이른... ,세상의 중심에서 용구를 외쳐봐!,20260216
https://blog.naver.com/bonitadasom94/224260591743,인계동 닭갈비 맛집 푸짐하고 맛있는 <b>계화정 수원인계점</b>,길찾기 &amp; 외부 <b>계화정 수원인계점</b>은 수원시청역 8번 출구에서 도보로 약 7분 거리에 있습니다. 가게 앞에 큰 배너 메뉴판이 양쪽으로 세워져 있어서 지나가다가도 눈에 확 들어오더라고요. 왼쪽 배너에는... ,살찐치즈 일상리뷰어 Blog,20260421
https://blog.naver.com/paradance98/223766137814,인계동맛집 직화닭갈비 전문점 <b>계화정 수원인계점</b> 리뷰,1층 <b>계화정 수원인계점</b> 영업시간 : 매일 11:40~23:00(라스트오더 22:20) 브레이크타임 15:00~17:00 전화번호 : 0507-1393-6626 계화정은 인계동박스 안에 있다 수원시청역에서 도보로 약 8분정도 걸리고 주차공간이 건물... ,오늘도 태만한 하루,20250307
https://blog.naver.com/wedhyeon/224192011310,수원 인계동맛집 | 불맛나는 직화 닭갈비 | <b>계화정 수원인계점</b>,"<b>계화정 수원 인계점</b> 인계동에 있는 불맛 가득 직화 닭갈비성지 안녕하세요, 이웃님들 ♀️ 오늘 소개할 곳은  수원 닭갈비 맛집 인계동에 위치한 #계화정 입니다. ✅ 영업시간 11:30 ~ 23:00 ✔️브레이크 타임 15... ",시선이 닿는 곳곳,20260222
https://blog.naver.com/kjhking1229/224018001657,인계동 맛집 중 직화석쇠양념닭갈비가 맛있던 <b>계화정 수원인계점</b>,직화석쇠양념닭갈비가 맛있던 <b>계화정 수원인계점</b> 인계동 맛집 안녕하세요  보라색펭귄입니다. 수원 인계동에서 특별한 닭갈비 맛집을 찾고 계신다면 이곳을 놓치면 안 돼요. 여자친구와 함께 방문했는데... ,"맛집과 카페, 여행을 좋아해요",20250922
https://blog.naver.com/95euna/224195351255,추천 수원 닭갈비 푸짐한 계화정 방문 후기 '<b>계화정 수원인계점</b>',"<b>계화정 수원인계점</b> 경기 수원시 팔달구 인계로138번길 22, 1층 101호 T) 0507-1393-6626 매일 11:30~23:00 / 평일... 맛집 계화정에서 수원 닭갈비를 제대로 맛보고 싶다면 필수 메뉴랍니다 철판볶음밥 3,000원 식사의... ",재미난 일상기록 ٩( ᐢ-ᐢ )و,20260225
https://blog.naver.com/870228j/224193938969,수원닭갈비 맵기조절이 가능한 <b>계화정 수원인계점</b>,수원닭갈비 계화정인데 이렇게까지 맛있을 줄은 솔직히 몰랐어요 <b>계화정수원인계점</b>은 동수원우체국 근처에 위치하고있는데요 인계동 박스 내부에 있어서 찾기도 쉬운데 주차도 가능한 곳이라서 너무 귀해요... ,ヽ(✿ﾟ▽ﾟ)ノ또비,20260224
https://blog.naver.com/wonnieangel_/224043720950,[경기/수원] 인계동맛집 <b>계화정 수원인계점</b>... ,"<b>계화정 수원인계점</b> #인계동맛집 #수원시청역맛집 #수원닭갈비 #수원맛집 토요일 저녁, 인계동맛집... 인계동맛집 계화정 내부입니다. 쾌적하고 요즘 느낌나는 인테리어 입니다. 낮은 등받이 + 짐을 넣을 수 있는... ",쏭살의 행복한 추억들,20251017
https://blog.naver.com/lyy982052/224229880238,수원맛집 <b>계화정 수원인계점</b> 주차 편한 불맛 직화 닭갈비 맛집,곳 수원맛집 <b>계화정 수원인계점</b> 평소 주차 어렵기로 자자한 인계동 맛집 거리에서 걱정 없이 제대로... 맵기 조절 가능해 매콤 1단계로 주문했던 수원맛집 계화정의 불맛 직화 닭갈비와 함께 먹어주니 맛의... ,즐거운 일상~,20260326
https://blog.naver.com/impo_o/224127690264,수원 닭갈비 <b>계화정 수원 인계점</b>,먹었습니다 다음에는 직화 닭갈비를 먹어봐야겠어요 인계동 닭갈비 찾는다면 <b>계화정 수원인계점</b> #인계동맛집 #수원닭갈비 #수원맛집 #계화정 #닭갈비맛집 #계진상 #<b>계화정수원인계점</b> #인계동점심 #인계동저녁,lieblich,20251230
https://blog.naver.com/blossom_mom/224006224102,수원 인계동 닭갈비 맛집 불맛... 직화 닭갈비 <b>계화정 수원인계점</b>,"맛집, 《<b>계화정 수원 인계점</b>》은 동수원 뉴코아 맞은편, 삼성증권 건물 뒤쪽에 위치해 있어 찾기... 계화정에 가신다면 꼭 추천드리고 싶은 사이드예요! 직화석쇠 양념 닭갈비 ₩13,500 메인인 직화석쇠 양념... ",엄마가 함께 자라는 공간,20250913
https://blog.naver.com/lacvert3740/224229483287,"찐가네 꽃갈비, <b>계화정 수원인계점</b>(계화치즈 닭갈비) 260324","꽃갈비, <b>계화정 수원인계점</b> 2026년 3월 24일 1. 밥플레이스 ① 진행 안녕하세요. 방송 리뷰어... 마지막으로 방문한 수원 인계동의 '계화정'은 무제한이라는 파격적인 조건으로 닭갈비를 제공해 먹방의 정점을... ",라끄의 TV기록,20260325
https://blog.naver.com/kongboogie/223948463740,"맛집] 수원 구워주는 숯불 닭갈비 맛집, <b>계화정 수원인계점</b>",안녕하세요 안뉴에요 오늘은 수원 인계동에 위치한 계화정에 다녀왔어요~ <b>계화정 수원인계점</b> 위치 : 경기 수원시 팔달구 인계로138번길 22 1층 수원시청역 8번 출구 기준 도보 5분 이내 영업시간 : 매일... ,ahneworld ❤️,20250727
https://blog.naver.com/dharma90/224116322192,인계동 맛집 불향 가득 직화 닭갈비 <b>계화정 수원인계점</b>,#인계동맛집 #수원닭갈비 #수원맛집 #계화정 불맛에 반한 저녁 직화 닭갈비 제대로 즐긴 인계동 맛집... 식사 후 산책 효원공원과 월화원 산책하고 커피 마시러 갑니다^^ <b>계화정 수원인계점</b> 경기 수원시 팔달구... ,박가공간,20251220
https://blog.naver.com/bonitadasom94/224043819024,인계동 닭갈비 맛집 수원 닭갈비 <b>계화정 수원인계점</b>,그래서 술드시고 싶을떄 맛잇는 계화정에서 가볍게 술한잔 추천드려요 위치 &amp; 정보 상호: <b>계화정 수원인계점</b> 위치: 경기도 수원시 팔달구 인계로138번길 22 1층 전화번호: 0507-1393-6626 영업시간 매일 11:40 ~ 23:00... ,살찐치즈 일상리뷰어 Blog,20251016
https://blog.naver.com/thdude0302/223854528454,인계동닭갈비 <b>계화정 수원인계점</b>,<b>계화정 수원인계점</b> 경기 수원시 팔달구 인계로138번길 22 1층 101호 영업시간 매일 11:40 - 23:00 15:00 - 17:00... ♡ 제로 펩시도 있어서 우리에겐 찰떡인 곳 닭갈비 나오기 전에 계화정 맛있게 먹는 꿀조합 읽어보기 1)... ,또몽이의 맛있는 일상:D,20250503
https://blog.naver.com/2948012/223871818750,[수원 인계동]인계동닭갈비 맛집 <b>계화정 수원인계점</b>,"<b>계화정 수원인계점</b> 정보  위치: 경기도 수원시 팔달구 인계로138번길 22 1층 ☎️ 전화: 0507-1393-6626... 9,000원 계화정 세트메뉴 2인기준 36,000원~44,000원 ✔ 네이버 포토리뷰 이벤트 참여 시 갈비만두튀김 4P... ",♥Love Home.♥,20250520
https://blog.naver.com/im_jamae/223836121711,"맛집] 줄 서서 먹는 일본풍 오믈렛리조또 맛집, <b>고에몬 강남점</b>","강남역 일본식 오믈렛/리조또/스파게티 맛집 <b>고에몬 강남점</b> 안녕하세요, 임자매 첫째, 띠띠입니다... 미리 캐치테이블 예약하고 입장하시면 돼요~ 이렇게 다양한 메뉴가 있는 고에몬! 가게 내부 사람 정말... ",임자매랑 뚜벅뚜벅✈︎,20250416
https://blog.naver.com/uiui77_/223639691148,[강남역] 수플레 오믈렛 맛집 '<b>고에몬 강남점</b>' 점심 런치세트 후기,O 21:30) - 휴무일 : 없음 - 예약 : 불가 - 주차 : 불가 오랜만에 강남역 수플레 오믈렛 맛집 고에몬 다녀왔습니다 ! <b>고에몬 강남점</b>은 강남역 9번 or 10번 출구에서 도보 2분거리에 위치하고 있습니다 :) 평일 11... ,최선의 오늘,20241030
https://blog.naver.com/mi_favorito/224227187301,<b>고에몬 강남점</b>  깔끔하고 담백한 일본풍 양식 맛난 디저트까지... ,일본풍 양식집 &lt;<b>고에몬 강남점</b>&gt; 친구랑 강남에 놀러 왔다가 점심을 먹을 겸 방문하게 된 <b>고에몬 강남점</b> 솔직 후기를 남겨 볼게요 깔끔하고 담백한 일본풍 양식 그리고 맛난 디저트까지 &lt;<b>고에몬 강남점</b>&gt; 운영... ,Mi favorito,20260324
https://blog.naver.com/lovely_yh-/223553170420,"오믈렛 파스타 맛집 추천 일본식 스파게티 전문점, <b>고에몬 강남점</b>","<b>고에몬</b>의 대표메뉴인 오믈렛과 파스타 중, 파스타는 먹어봣으니 담엔 오믈렛으로 도전하렵니다 단 <b>강남 점</b>심으로는 조금 부담되는 가격들이긴하지만, 맛과 양을 보면 후회없는 한끼 식사가 될거같아요... ",뇽킴의 식도락,20240819
https://blog.naver.com/geguriii/224080716415,강남 수플레 오믈렛 맛집 <b>고에몬 강남점</b> 내돈내산 리뷰,없이 맛있게 한 끼 먹기 좋은 곳이라 정말 추천하고 싶은 맛집! #강남역맛집 #<b>고에몬강남점</b> #강남수플레오믈렛 #멘타이코리조또 #강남점심 #강남데이트코스 #수플레오믈렛맛집 #강남혼밥 #강남일식 #오믈렛맛집,구리하우츠,20251119
https://blog.naver.com/892089/224008775234,<b>고에몬 강남점</b>,정말정말정말 오랜만에 하는 맛집 포스팅 STAR~T 한때 꽂혀서 열심히 다녔던 고에몬..! 항상 웨이팅... 평일 런치는 또 할인도 된다고 하니 나중에 또 방문할 예정~!~!~! <b>고에몬 강남점</b>은 추추추추천!,애옹이네,20250915
https://blog.naver.com/breas0707/224114552833,"<b>고에몬 강남점</b>, 수플레오믈렛 멘타이꼬 리조또 처음 먹어본... ","잠실 크리스마스마켓과 강남 캐릭터숍들을 둘러본 뒤, 저녁은 <b>고에몬 강남점</b>으로 향했어요. 근처 식당을 검색하다가 친구가 추천해줘서 자연스럽게 방문하게 된 곳이었어요. &lt;매장 분위기&gt; <b>고에몬 강남점</b>은... ",나를 힐링하는 블로그,20251218
https://blog.naver.com/wannableje/224085651338,서울 강남ㅣ<b>고에몬 강남점</b>ㅣ부드러운 수플렛오믈렛에 빠져버린... ,강남역 데이트할 맛집을 찾는다면 퐁실퐁실 수플레 오믈렛이 궁금하다면 강남역에서 혼밥하기 좋은 음식점을 찾고 있다면 '<b>고에몬 강남점</b>' 추천합니다  #고에몬 #<b>고에몬강남점</b> #강남역맛집 #강남역혼밥... ,친치니‘s log,20251123
https://blog.naver.com/crystalupza/223759230880,ㅣ강남맛집ㅣ강남점심... 일본식 스파게티 전문점 <b>고에몬 강남점</b>,아무튼 급 들어온 고에몬강남 가볍게 강남점심 강남역점심 한끼 뚝딱 먹기 좋은 곳 그러나 밤에 가면 가능메뉴가 거의없음주의.. <b>고에몬 강남점</b> 내돈내산 솔직후기,기록의 쓸모,20250213
https://blog.naver.com/crazy4333/223976291707,강남역맛집 일본식파스타 <b>고에몬 강남점</b> 수플레오믈렛... ,com/crazy4333/clip/11279954 고에몬은 홍대점과 강남점이 있는데 그중 강남점은 꽤 오랜시간 이곳을 지켰다고해서 믿고 방문해봤다 강남역 9번 10번 출구 바로 앞에 위치하고 있어서 찾기 쉬웠다 <b>고에몬 강남점</b> 외관... ,JO기자의 일상리포트,20250820
https://blog.naver.com/yd000473/223961166500,"강남역 맛집 <b>고에몬 강남점</b>, 내돈내산 방문 솔직 후기",<b>고에몬 강남점</b> ️ 위치 서울 서초구 서초대로77길 7 서초빌딩 1층  연락처 02-534-8036 ⏰ 영업시간 매일... 유명한 <b>고에몬 강남점</b> 강남역에 한동안 오프라인 수업을 들으러 갔다. 점심시간 걱정 없는 강남 오피스... ,여니로그,20250808
https://blog.naver.com/she0450/224042193429,"[<b>고에몬</b>/<b>강남점</b>] 수플레 오믈렛, 파스타, 강남맛집, 강남역 맛집... ",고에몬의 수플레 맛이 궁금하신 분들은 방문해 보세용~!~! #강남역 #강남맛집 #강남역맛집 #고에몬 #고에몬강남 #수플레 #리조또 #나폴리탄 #<b>고에몬강남점</b> #강남파스타,아지의 이견저견 하루,20251015
https://blog.naver.com/mpyso-ra1219/223920351638,일본풍 스파게티가 있는 강남역 줄 서는 맛집 &lt;<b>고에몬 강남점</b>&gt;,강남점&gt;입니다 #고에몬강남 #고에몬 #<b>고에몬강남점</b> 항상 지나다닐 때마다 줄 서는 곳이길래 언제 한번 가봐야지 했던 곳!! 입구입니다!! 강남역 9번이나 10번 출구로 나오시면 있어요!! 일곱시 조금 넘은 비가 오는... ,30대 노는게 제일 즐거울 나이,20250703
https://blog.naver.com/9ga9ga/224207031441,퐁신 수플레 오믈렛 &amp; 일본풍 스파게티 요멘야 <b>고에몬 강남점</b>,잊고살았던 <b>고에몬</b> 발견..!.!.!.! 오마이갓 잘지냈니 마침 웨이팅도 따악 한팀이라 당장 등록하고... 그리고 <b>고에몬</b> 특징 디저트세트가있다 ㅎㅎ 수플레랑 스파게티랑 다 먹거싶으니까 크렘브릴레랑 다... ,구가구가알로록달로록인생만세,20260306
https://blog.naver.com/mean__d/223953650517,"일본st 퓨전 파스타 맛집 강남 일식 맛집 추천, <b>고에몬 강남점</b>",일본풍 스파게티와 리조또가 있는 강남 일식 맛집 강남 고에몬 ｜ <b>고에몬 강남점</b> 위치 강남 일식 맛집 <b>고에몬 강남점</b> 위치는 강남역에서도 굉장히 가깝습니다! 강남역 9번출구 바로 옆 골목 한 켠에 매장이... ,Trip or Treat :),20250731
https://blog.naver.com/dasu13/223450630587,강남역 9번 출구 맛집 <b>고에몬 강남점</b> 찐후기,곳은 강남점이에요 주소 : 서울특별시 서초구 서초대로77길 7 서초빌딩 1층 강남역 9번 출구에서 도보로... 추천해요 고에몬의 찐후기는 여기까지입니다! #강남역맛집 #강남역9번출구맛집 #고에몬 #<b>고에몬강남점</b>,잼경로그 - 신혼 리얼 라이프,20240518
https://blog.naver.com/jsh94503/223628129399,[내돈내산]강남 청첩장모임:강남역 맛집 '<b>고에몬 강남점</b>... ,다녀왔어용ㅋㅋ #강남청첩장모임 #강남역맛집 #<b>고에몬강남점</b> <b>고에몬 강남점</b> 서울 서초구 서초대로77길... 고에몬의 시그니처 메뉴인 수풀레오믈렛 하나에 언니가 매콤새우버섯토마토 스파게티가... ,여행과 야구 직관의 순간들,20241021
https://blog.naver.com/jeongss101/223776265836,[<b>고에몬 강남점</b>] 일본식 오믈렛과 스파게티가 너무 맛있는 곳,바로 <b>고에몬 강남점</b> 입니다. 근처에 있는 역삼문화공원 제1호 공영주차장을 추천 드립니다. 매일 11:00 - 22:00 21:30 라스트오더 저는 대중교통으로 강남역에 간 뒤에 고에몬 앞에 도착 했는데요. 인기가 많은 곳... ,SJ's Delicious Travel,20250227
https://blog.naver.com/pms824/224075258668,<b>고에몬 강남점</b>  극강의 부드러운 오믈렛,<b>고에몬 강남점</b> ▶ 주소 : 서울 서초구 서초대로 77길 7 서초 빌딩 1층 ▶영업시간: 11:00 ~ 21:30 브레이크 타임 : 15:00 ~17:00 ☎ 02-534-8036 <b>고에몬 강남점</b>은 일본식 오므라이스와 파스타 리조또등을 판매하면 내부는... ,쿠크르삥뽕,20251113
https://blog.naver.com/shj_0117/223497643546,[강남/신논현] 강남 파스타 맛집 :: <b>고에몬 강남점</b>,안녕하세요 코코입니다 ㅎㅎ ‘<b>고에몬 강남점</b>’ 다녀온 후기 작성할게요! <b>고에몬 강남점</b> 주소: 서울... 앞에 대기할 수 있는 공간이 있어서 거기서 대기하며 기다렸어요 :) 비 오는 날 고에몬 가기... 얼마 안... ,cocozzang ෆ,20240701
https://blog.naver.com/tnsi2525/224159101372,532. [맛집] <b>고우시 동탄점</b> 점심특선 오반자이B,<b>고우시 동탄점</b> 점심특선 오반자이B 리뷰 내가 취업하고 힘들어하니까 엄마가 힘내라며 사주신 음식이다. 2026년 1월에 가서 새해 인사가 참 좋았다. 고우시는 일식집인줄 알았는데 프리미엄 크래프트 사케... ,"독서, 일상, 자기계발 블로그",20260125
https://blog.naver.com/reijin0403/224276457440,동탄역 근처 일식 맛집 | <b>고우시 동탄점</b> | 13만 원 코스요리... ,지인께서 맛있다고 추천해 주신 <b>고우시 동탄점</b>. 일식 요리는 확실히 눈도 호강하지요. 고우시 코스 요리 전부 다채롭고 정갈하고 신선하고 무엇보다도 맛깔스럽게 참 잘 내주시는 거 같아요. 먹느라 사진 몇몇... ,씰리침대 동탄점-판매우수(3년연속) 매장,20260506
https://blog.naver.com/seul_9413/224141125161,<b>고우시 동탄점</b> 점심특선ㅣ동탄역 일식집 추천,"출처 : 네이버 업체등록 사진 동탄 점심 약속 잡을 때마다 항상 고민되는 게 바로 메뉴 선택인데, 이번에는 동탄역 일식으로 깔끔하게 먹고 싶어서 고우시 동탄을 다녀왔어요. <b>고우시 동탄점</b>은 라스플로레스... ",소소하게 다소니,20260110
https://blog.naver.com/mmmmioaong/224084290852,정갈한 해산물 초밥 일식 코스요리 룸식당 ‘<b>고우시</b>’ <b>동탄점</b>,Gowoosi <b>고우시</b> 안녕하세요 밍몽맹몽입니다! 작년에 제 생일을 맞아 동탄의 일식당 ‘<b>고우시</b>’에 다녀왔습니다 이번 년도에 회 먹으러 한 번 또 가고 싶어요! 매장 위치 &amp; 운영 정보 주소는 화성시 동탄대로 537... ,mmmmioaong,20251122
https://blog.naver.com/iieor22/224250100994,아기 백일 기념 부모님과 식당 <b>고우시 동탄점</b> 방문 내돈내산 후기,"P 코스 150,000원 고우시 정식 메뉴 소개 <b>고우시 동탄점</b> 1️⃣식전요리(죽, 샐러드, 자왕무시) 2️⃣전채요리(계절요리 2종) 식전요리 세 가지 모두 맛있었어요 저는 특히 자왕무시(일본식 계란찜)가 명란젓이... ",소원파파의 육아일기,20260413
https://blog.naver.com/f8vuhuluyw/223920711643,리베라cc맛집 추천 일식집 룸식당 <b>고우시동탄점</b>,"리베라cc맛집 추천 일식집 룸식당 <b>고우시동탄점</b> 리베라cc맛집 추천 일식집 룸식당 <b>고우시동탄점</b>... 그중에서도 고급스럽고 조용한 분위기의 동탄역 근처 식당, ‘고우시’가 눈에 띄길래 바로 예약부터... ",f8vuhuluyw,20250703
https://blog.naver.com/qhtitl1220/224023929750,동탄룸식당/동탄역맛집/<b>고우시 동탄점</b>에서 점심(내돈내산후기),"동탄룸식당/동탄역맛집/<b>고우시 동탄점</b> 주방은 오픈키친이랍니다. 내부는 룸으로 구성되어 있어서 프라이빗하게 식사하기 너무 좋은곳이랍니다. 고우시 정식 동백코스,매화코스 목련코스,VIP코스 특히... ",뽀샤시 뽀샤시~~♥,20250927
https://blog.naver.com/kalkong/223934793874,맛집] 프라이빗한 룸에서 즐기는 특별한 식사 &lt;<b>고우시 동탄점</b>&gt;,맛동산 닉값을 위해~ ㅋㅋㅋㅋㅋㅋㅋㅋㅋㅋㅋ <b>고우시 동탄점</b> 영업시간: 월~토 11:30 - 22:00 (평일... 바로 고우시 입구가 보여요 짜잔 저희는 점심특선 오반자이A 를 먹기로 했지요 문을 열고 들어가면 이렇게... ,ㅋㅋㅋㅋㅌ,20250715
https://blog.naver.com/juseulgi/224013377175,"<b>고우시 동탄점</b>, 고급 일식집 방문ㅣ프라이빗 룸, 코스요리... ",<b>고우시 동탄점</b>  회사 직원들과 함께 바쁜 일정을 마치고 저녁 회식 자리를 가진 곳은 동탄역 부근에 위치한 일식집 고우시였당 이곳은 프라이빗하게 즐길 수 있는 룸이 많아 단체 모임이나 격식 있는 자리... ,준슬주하 우당탕 이야기 ᵔࡇᵔ,20250919
https://blog.naver.com/akaii18/221764844587,<b>고우시 동탄점</b> 미각 폭발시키는 동탄 데이트코스 맛집,마지막까지 꽉 채워져 있는 것이 기분 좋았어요. 지불한 금액이 전혀 아깝지 않을 정도로 맛도 있고 특별한 날에는 분위기를 내기에도 좋은 동탄 데이트코스 맛집이에요. #동탄 데이트코스 맛집 #<b>동탄점</b> <b>고우시</b>,쪼꼬렛쪼아,20200109
https://blog.naver.com/space_twins/223358859595,[12개월아기랑] <b>고우시 동탄점</b> 룸식당 가족모임 런치코스 후기,시댁식구들과 점심약속으로 다녀온 <b>고우시 동탄점</b>. 유아식을 시작하고 막 10일정도 지난 시점이라..... 고우시 갔을 땐 애들이 걷다가 넘어지고를 반복하는 단계였기에 입구에 있는 커피를 뽑아서 룸에서... ,space.twins,20240219
https://blog.naver.com/smallgarden807/224199316268,"동탄 <b>고우시</b>, 일식 맛집 동백코스 내돈내산 점심 회식장소 추천",동탄 일식당 고우시 최근에 동탄에서 남자친구와 오붓하게 데이트를 했는데요 고우시 내돈내산 리뷰해 볼게요 <b>고우시 동탄점</b> 월-토 11:30 ~ 22:00 일요일 휴무 주차 가능 횟감과 해산물들이 신선하던데 수조가... ,여름 신부의 기록✨,20260228
https://blog.naver.com/frtchungju/224000383123,변호사의 추천:: 동탄 <b>고우시</b> feat. 일식집에서 이혼 상담,내돈내산 100% <b>고우시 동탄점</b> - 주소: 경기 화성시 동탄대로 537 라스플로레스 C동 428호 - 전화번호: 031-372-8088 - 영업시간: 오전 11시30분~ 오후 10시 (일 휴무) - 주요 메뉴: 고우시 정식(5만9000원) 점심 특선... ,✨열정의 충주변호사 변론일지,20250926
https://blog.naver.com/doongtivity/223955111479,동탄역 일식집 <b>고우시</b> 점심특선 오반자이 룸 식사 후기,"있는 <b>고우시 동탄점</b>에 다녀왔어요  위치는 라스플로레스 C동에 있고, ⭐️D동 주차장에 주차하신 후... 들었어요  고우시 메뉴 보여드릴게요! 점심특선이 잘 되어있는 음식점 귀해요 ㅎㅎ 특히나 이 가격에... ",쎄씨의 대환상 신혼일기,20250801
https://blog.naver.com/akqyi19/221764853808,동탄 CGV 데이트 맛집 <b>동탄점</b> <b>고우시</b>가 최고네요,환상이더라고요 <b>동탄점</b> <b>고우시</b>가 내노라하는 대표 메인이 등장 하였는데 색감부터가 남달라요 먹어보지 않아도 상상히 가요 회는 싱싱함이 생명인데 이것이야말로 쫀쫀함이 입안을 가득 채워줘요 이곳 동탄... ,호수너무조아,20200109
https://blog.naver.com/rzigidml/221719879717,동탄2맛집 추천 <b>동탄점</b> <b>고우시</b> 색다른 맛의 결정체!,<b>동탄점</b> <b>고우시</b> 다녀왔습니당~ 진짜 너무 맛있고 직원분들과 사장님이 친절하셔서 저는 자주 이용하고 있어요! 이곳은 정말 직원분들이 친절해요. 저는 음식점에 제일 기본이 친절도 서비스 인데 이곳은 남다르게... ,양아취니,20191127
https://blog.naver.com/ajqu188/221764847943,완벽한 맛과 분위기의 동탄 데이트 식당 <b>동탄점</b> <b>고우시</b>,좋아할만한데 음식이 그 분위기를 더 살려주고 식사 자리를 행복하게 만들어주는 동탄 데이트 식당이었어요. 굳이 특별한 날이 아니어도 자주 찾아오고 싶게 만드는 곳이었어요. #동탄 데이트 식당 #<b>동탄점</b> <b>고우시</b>,완전큰나라,20200109
https://blog.naver.com/shyman_dongtan_south/223922160131,동탄역 CGV 근처 고급 일식 맛집 <b>고우시</b> 후기✨ 데이트 후... ,동탄남광장문화 #동탄남광장이벤트 #동탄남광장생활 #동탄남광장소식 #무인성인용품점 #무인성인샵 #성인용품24시 #성인샵추천 #성인용품점핫플 #편하게골라봐 #고우시 #<b>고우시동탄점</b> #동탄역 #동탄역CGV,경기 동탄 남광장 샤이맨,20250704
https://blog.naver.com/halyn93/223731865602,동탄 룸식당 코스요리 고급진 일식집 <b>고우시</b>,위치 고우시는 동탄역 srt 라스플로레스 맛집 건물 중에서도 매장 크기가 굉장히 큰 동탄 코스요리... <b>고우시 동탄점</b>은 대중교통 이용시 동탄역에서 도보 5분 정도 거리에 위치해 있고요. 차량은 라스플로레스... ,"일상, 리뷰, 여행, 맛집",20250120
https://blog.naver.com/mhske215/221767313395,동탄회식장소 추천받았던 <b>동탄점</b> <b>고우시</b>,"거기에다가 <b>동탄점</b> <b>고우시</b>에는 이것저것 곁들일만한 찬들도 찜기로 가져다주시는데, 집어먹기에도 제법 쏠쏠했어요. 음식 전체가 상황에 따라서 바뀐다고 하시는데, 따뜻함이 느껴지는 찜 종류도 있더라고요.... ",컴플렉스라이프,20200111
https://blog.naver.com/dotori_000/224223490070,"강남역 직장인 점심으로 좋은 생선구이 맛집, <b>군선생 강남점</b>... ","강남역 직장인 점심으로 좋은 생선구이 맛집, <b>군선생 강남점</b> 내돈내산 강남 직장인 점심으로 딱 좋은... #강남역점심 #강남점심 #강남역맛집 #강남생선구이 #군선생 #직장인점심 #강남한식 #강남직장인점심",푸두로그,20260320
https://blog.naver.com/johnkth/224076589973,서울 강남역 삼성 서초본관 근처 생선구이 맛집&quot;<b>군선생 강남점</b>&quot;,편리한 &quot;<b>군선생 강남점</b>&quot;을 오랜만에 찾게 되었습니다 강남역 근처에 7번과 8번 출구쪽으로 삼성 서초... 있는 군선생의 약속 식당으로 내려가는 계단 간판 내부모습 내부가 하나의 큰 홀로 되어 있습니다... ,현명한 투자자의 바른 길잡이,20251115
https://blog.naver.com/alfonso73/223671380929,강남역 부근 보기 드문 생선구이 맛집 <b>군선생 강남점</b>,강남역 주변에 있는 <b>군선생 강남점</b>에 다녀왔다! 강남역 부근 보기 드문 생선구이 맛집 <b>군선생 강남점</b> 주소 : 서울 서초구 강남대로 55길 24 풍림아이원매직 지하1층 영업시간 : 매일 11:00 - 21:00 브레이크 타임 : 15... ,두부쟁이 라이프,20241124
https://blog.naver.com/goodgotjd/224257144478,강남역 생선구이 맛집 <b>군선생 강남점</b> 신선한 재료와 넓은... ,청결한맛집  <b>군선생 강남점</b> 정보  서울 서초구 강남대로55길 24 풍림아이원매직 지하1층 ·  생선구이 ·  강남역 6번 출구에서 252m · 군선생의 약속 1. 세상에서 가장 맛있는 화덕생선구이를 제공합니다. 2.... ,플레스로그,20260420
https://blog.naver.com/bkthdthd/223638977481,500도 화덕으로 구운 생선구이 맛집 :) <b>군선생 강남점</b>! 건강한... ,"맛있는 밥 먹고, 커피 대신에 전통차까지 :) 미니 약과에 차 한잔 즐기니 완벽했다 ㅋㅋ 즐거웠던 하루!! #<b>군선생강남점</b> #군선생 #강남역맛집 #강남역직장인맛집 #강남역생선구이 #강남맛집",재미있는 일을 찾아서,20241030
https://blog.naver.com/sgm04257/224016156385,강남 건강한 생선 맛집 | <b>군선생 강남점</b>,강남 건강한 생선 맛집 <b>군선생 강남점</b> 강남 건강한 생선 맛집 <b>군선생 강남점</b> : 위치 및 영업정보  위치 : 서울 서초구 강남대로55길 24 풍림아이원매직 지하1층 ⏲️ 영업시간 : 11:00 - 21:00 (15:00 - 17:00... ,쏘쏘한 데이,20250921
https://blog.naver.com/pumpkinpant/223979407867,<b>군선생 강남점</b> '삼치구이와 임연수구이',"화덕 생선구이 전문점, &lt;<b>군선생 강남점</b>&gt; 1인 1 생선 구이를 주문하고 반찬은 뷔페로 즐길 수 있어요... 담백한 생선이 먹고 싶어서 삼치구이와 임연수구이를 주문 군선생에는 밥도둑인 반찬이 많아요 아... ",펌킨팬츠,20250822
https://blog.naver.com/ayajae/224270869383,"[<b>군선생 강남점</b>] 강남 생선구이 맛집, 깔끔하게 건강 한 끼... ",이번에 소개해 드릴 장소는 강남역에 위치한 생선구이 맛집 '<b>군선생 강남점</b>' 입니다. 강남역 생선구이 맛집 <b>군선생 강남점</b>  매장 정보  매장명: <b>군선생 강남점</b>  주소: 서울 서초구 강남대로55길 24... ,태-래블러's (TAE-raveler) _ 여행 맛집 책소개,20260501
https://blog.naver.com/m2teor/223802199863,강남에서 맛있는 화덕 생선구이를?  '<b>군선생 강남점</b>' 솔직 후기!,#군선생 #<b>군선생강남점</b> #강남맛집 #강남생선구이 #화덕생선구이 #고등어구이맛집 #임연수구이 #강남점심맛집 #강남역맛집 #강남한식맛집 #강남밥집 #화덕구이전문점 #강남역밥집 #가성비맛집 #강남가성비맛집... ,루피트래블 Luffy.Travel,20250320
https://blog.naver.com/waytowork_ej/224141907993,<b>군선생 강남점</b> 서초동 직장인들 점심으로 먹기 좋은 화덕... ,느낌이에요 <b>군선생 강남점</b>  주소 : 서울 서초구 강남대로55길 24 풍림아이원매직 지하 1층... 마감 <b>군선생 강남점</b>은 지하에 위치해 있어요 강남 한복판에 있는 화덕 생선구이 집이라니! 강남 주변+화덕구이인데... ,일상의 틈을 걷다(맛집/리뷰/일상),20260121
https://blog.naver.com/mazzys/224145962896,"[내돈내산] 강남역 점심 맛집 생선구이 땡길 때, <b>군선생 강남점</b>... ",다녀왔어용 &gt; 군선생 강남역점 위치 자취하다 보면 집에서 생선 구워 먹는 거 거의 불가능하잖아요ㅠ 그래서 가끔 이렇게 생선구이 제대로 먹고 싶을 때 생각나는 곳이에요 <b>군선생 강남점</b>은 강남역 근처라... ,Mazzys,20260114
https://blog.naver.com/free0520/223633307361,<b>군선생</b>(생선구이) 점심시간 <b>강남점</b>,"군선생 주문한 고등어구이, 삼치구이 나왔어요. 고등어구이 부드랍고 담백하고 잔뼈도 많지 않아서 먹기 편하고 삼치구이는… 고담백 셀프바에 있는 무즙과 고추냉이에 콕 찍어 먹어요. <b>군선생 강남점</b>... ",사부작사부작,20241025
https://blog.naver.com/afreelifeofe/223512332718,강남역 아이랑 함께하기 좋은 생선구이 맛집 <b>군선생강남점</b>,"강남역 한식 맛집 <b>군선생 강남점</b>에 다녀왔습니다. 강남역 6, 7, 8번 출구쪽에서 가깝게 갈 수... 어른들끼리도 좋지만 아이와도 함께하기 좋은 강남역에 위치한 군선생강남 추천해요 :)",진심의 기록,20240714
https://blog.naver.com/doll_qls/223559828437,딱인 화덕 생선구이 삼치 고등어 연어 맛집 '<b>군선생 강남점</b>',"강남역 직장인이 적극 추천해줬던 점심 맛집 <b>군선생 강남점</b> 내돈내산 후기 고고~ 강남 생선구이 맛집 군선생은 강남역 5번, 6번 출구 인근에 있습니다! 건물 지하 1층에 있습니다! (전 찾기 좀 어렵더라고요)... ",⬇️ 돈 되는 정보 모음 ✅️,20240825
https://blog.naver.com/zerofull79/223882413628,맛있는 생선구이가 먹고싶을때 <b>군선생 강남점</b>,"<b>군선생</b>은 이미 많은 분들이 방문하시는 맛집으로 소문나있는 집이라 많이들 아실 거예요. 위치, 주차... 생선구이가 생각나는데 집에서 굽기 싫으실 때 <b>군선생</b> 강력 추천합니다 ~~~ 오늘도 몽글몽글♥",몽글몽실 세상사는 이야기,20250529
https://blog.naver.com/somei0428/223517643815,[서초] 강남 생선구이 맛집 ‘<b>군선생 강남점</b>‘ 직장인 점심으로... ,"발견한 &lt;<b>군선생 강남점</b>&gt; 오랜만에 먹는 생선구이였는데, 너무 맛있게 먹어서 내돈내산 후기... 맛집 &lt;군선생&gt; 메뉴판 화덕생선구이가 대표메뉴이고, 그 외에 사이드메뉴와 별미메뉴가 있어요 저녁메뉴도... ",뭉치의 소소한일상,20240718
https://blog.naver.com/diveintodreams/223872262971,화덕생선구이 맛집 <b>군선생 강남점</b>,지난 주말 외국 손님들이 생선구이가 먹고싶다 그래서 찾아간 균선생 강남점. 보통은 강남역... #<b>군선생강남점</b> #화덕생선구이맛집 #강남군선생 #강남역맛집 #강남역생선구이 #강남생선구이 #강남역점심맛집... ,오렌지초코럽,20250520
https://blog.naver.com/adsk048aa/223791830875,화덕에서 구워 더 맛있는 생선구이 &lt;<b>군선생 강남점</b>&gt;,강남역에 위치한 <b>군선생</b>에 다녀왔습니다 강남역 6번 출구에서 도보 3분 거리입니다 지하에 위치해 있어서 건물 보이면 계단으로 내려가야 해요 영업시간 월 ~ 일 : 오전 11시 ~ 밤 9시 ※ 브레이크 타임 : 오후 3시... ,재삐 <What's in my diary>,20250311
https://blog.naver.com/happiii__jinnn/223425625170,[강남] <b>군선생 강남점</b> │강남역 화덕 생선구이 맛집 │강남역... ,친구가 흔쾌히 OK해줘서 같이 총총ㅎㅎㅎㅎ <b>군선생 강남점</b> 찾아가는 길 : 강남역 6번출구에서... kr/ 지하 1층으로 들어오시면 군선생 입구가 바로 보입니당ㅎㅎ 저는 몰랐는데 알고보니 군선생이 되게 여러... ,맛있는 거 맘껏 먹고 행복한 돼지가 될래요,20240424
https://blog.naver.com/day-yeon/223577623326,강남역 화덕 생선구이 전문점 &quot;<b>군선생 강남점</b>&quot;,<b>군선생 강남점</b> 영업시간 11:00~21:00 브레이크 타임 15:00~17:00 지하 주차장 이용 최근 연어 파피요뜨를... 강남 쪽 생선구이 먹고 싶을 때 군선생 찾아가면 좋을 것 같습니다. 찾아보니 매봉이랑 남부터미널점도 더... ,Yeon의 하루,20240909
https://blog.naver.com/joah9110/224250396973,<b>규엔당 아브뉴프랑 광교점</b> 구워먹는 규카츠 일식 맛집,딱인듯한 규엔당 방문기 <b>규엔당 아브뉴프랑 광교점</b> 영업시간 매일 11:30 - 22:00 (평일 브레이크타임 15:00 - 17:00) 라스트오더 21:00 주차는 광교 아브뉴프랑 지하 주차장 이용시 최대 4시간 지원 위치 &amp; 주차 광교... ,"Sin prisa , Sin pausa",20260413
https://blog.naver.com/juliabts/224224773045,규카츠와 함바그 오므라이스 맛있는 <b>규엔당 아브뉴프랑 광교점</b>,광교 아브뉴프랑을 갔다가 규카츠와 함바그오므라이스가 맛있는 <b>규엔당 아브뉴프랑 광교점</b>을 다녀왔어요. 아주대 근처이기도 한 이곳을 아주대 맛집으로 소개할게요. 큰 대로변에 위치해 있는데 '규엔당... ,꼬꼬린지,20260321
https://blog.naver.com/yjuuy96/224275261845,수원 광교 점심 아주대 맛집 규카츠 <b>규엔당 아브뉴프랑 광교점</b>,수원 광교 점심 아주대 맛집 규카츠 <b>규엔당 아브뉴프랑 광교점</b> 규엔당 위치 : 경기 수원시 영통구... 광교 아브뉴프랑 주차장 이용 광교 아브뉴프랑에 위치한 광교중앙역 맛집 일식 규엔당 1. 아주대 맛집... ,Juwoo Log,20260505
https://blog.naver.com/yheegirl/224247713691,광교중앙역 맛집 일식 <b>규엔당 아브뉴프랑 광교점</b> 규카츠가... ,광교 아브뉴프랑에 위치해서 주차도 편하고 어렵지 않게 찾을 수 있는 광교중앙역 맛집 일식 <b>규엔당 아브뉴프랑 광교점</b> 두둥!! 광교 맛집 점심으로 소문난 집이라 웨이팅을 위한 등록기기가 있지만... ,꿀젬로그,20260410
https://blog.naver.com/merryberri/224253297445,아주대 맛집 규카츠는 <b>규엔당 아브뉴프랑 광교점</b> 주말 웨이팅... ,판매하는 <b>규엔당 아브뉴프랑 광교점</b>이에요 ! 아주대 근처에는 광교 아브뉴프랑이라고 데이트하기에도... 주문했습니다  아브뉴프랑 광교점 규엔당에서는 리뷰이벤트도 진행중이어서 네이버 플레이스 영수증... ,ME:RRILY 라이프 다이어리,20260415
https://blog.naver.com/hsyzizi/224219340498,아주대 맛집 광교 규카츠 <b>규엔당 아브뉴프랑 광교점</b>,주차 <b>규엔당 아브뉴프랑 광교점</b>은 광교 아브뉴프랑 아띠존 1층에 위치해 있습니다 아브뉴프랑이 워낙 규모가 커서 처음 방문하면 매장을 찾기 조금 어려울 수 있어요 주차는 아브뉴프랑 지하 2층 D24 구역에... ,탱구리 조잘조잘 이야기,20260317
https://blog.naver.com/hrrrrrr-/224222250889,광교중앙역 맛집 일식 점심 데이트 '<b>규엔당 아브뉴프랑 광교점</b>',바로 <b>규엔당 아브뉴프랑 광교점</b>! 아브뉴프랑 갈 때마다 지나가면서 분위기가 좋아 보여서 언젠가는... 데이트하기 좋은 일식 맛집 찾으신다면 주차 편한 광교호수공원 맛집 규엔당 아프뉴프랑 광교점 추천드려요!,"혤로, 월드 !",20260319
https://blog.naver.com/dark1oo6/224269200493,광교중앙역 맛집 일식 <b>규엔당 아브뉴프랑 광교점</b>,"광교 맛집 오므라이스,규카츠가 맛있는 <b>규엔당 아브뉴프랑 광교점</b> 얼마 전 다녀온 #오사카여행... 유명한 #광교맛집 #광교중앙역맛집 규엔당 위치랑 영업시간은 요로케!! #광교아브뉴프랑 내 아파트 단지 쪽에... ",여행하는 발린이♪,20260505
https://blog.naver.com/zzuzzubaya/224230740603,광교중앙역 맛집 일식이 당길 때 <b>규엔당 아브뉴프랑 광교점</b>,"오늘은 수원 광교에 위치한 <b>규엔당</b> <b>광교점</b>에 대해 소개해드릴게요. 이곳은 일본식 규카츠 전문점으로, 고기 애호가라면 꼭 가봐야 할 맛집이에요. 광교 <b>아브뉴프랑</b> 내에 위치해 있는 매장들은 지도앱에서... ",행복한라이프,20260326
https://blog.naver.com/littlebunnyenglish/224225538843,광교 맛집 점심 추선::<b>규엔당 아브뉴프랑 광교점</b>-채끝 규카츠... ,"<b>규엔당 아브뉴프랑 광교점</b> <b>규엔당 아브뉴프랑 광교점</b>은, 아브뉴프랑 아띠존 근처 1층에 위치하고 있어요! 아브뉴프랑 지하에는 아주 넓은 주차장이 마련되어 있어 주차 걱정없이 방문할 수 있어요. 규엔당... ",하나맘의 여행기록,20260322
https://blog.naver.com/dpwls_e/224229884924,아주대 맛집 규카츠 <b>규엔당 아브뉴프랑 광교점</b> 스테키 덮밥... ,아주대 맛집 규카츠 <b>규엔당 아브뉴프랑 광교점</b> 영업시간 ️ 매일 11:30 ~ 20:00 Break time 15:00 ~17:00 Last... 꿀팁입니다 =) 다음에 또 규카츠와 스테키 덮밥 생각나면 다시 찾을 것 같은 광교 아브뉴프랑 맛집입니다!,"언제나 떠나요, 오일락-로그",20260326
https://blog.naver.com/kaki-room/224232034498,"[ 광교 맛집 점심 ] <b>규엔당 아브뉴프랑 광교점</b>,일본 감성 가득한... ",근처에서 점심을 먹으려고 찾다가 발견한 곳이 바로 <b>규엔당 아브뉴프랑 광교점</b>이에요. 요즘은 그냥... 불 앞에서 완성되는 따뜻한 한 끼 규엔당은 ‘화로가 있던 집의 풍경을 식탁으로 옮긴다’는 콘셉트라고... ,kakimori,20260328
https://blog.naver.com/dustnr0829/224212531251,수원 규카츠 맛집 <b>규엔당 아브뉴프랑 광교점</b> 수원광교밥집,수원 규카츠 맛집 <b>규엔당 아브뉴프랑 광교점</b> 수원광교밥집 안녕하세요 :) 인플루언서 @은서 에요 오늘은 광교 아프뉴프랑 새로오픈한 광교 규카츠 맛집으로 언급되ㅏ는 규엔당 으로 점심먹으러 다녀왔어요 !!!... ,ENTP 은서블리,20260311
https://blog.naver.com/yunpark31/224263692743,광교중앙역 맛집 일식 규카츠 전문 '<b>규엔당 아브뉴프랑 광교점</b>',우리는 오랜만에 규카츠를 먹기 위해 아주대 맛집 규카츠로 유명한 규엔당에 방문했다 '규엔당... 주차 <b>규엔당 아브뉴프랑 광교점</b> 주차는 아브뉴프랑 건물 지하주차장에 하면 된다 최대 4시간 지원 가능 ! 지하... ,충분한 만족과 기쁨,20260424
https://blog.naver.com/zealot16/224234932315,광교중앙역 맛집 일식 <b>규엔당 아브뉴프랑 광교점</b>에서 즐긴... ,#광교중앙역맛집일식 #광교맛집점심 #<b>규엔당아브뉴프랑광교점</b> #광교아브뉴프랑맛집 #수원맛집 #아주대맛집규카츠 #광교호수맛집 #광교데이트맛집 #광교가족외식 #규카츠맛집 <b>규엔당 아브뉴프랑 광교점</b> 외관... ,햄톨이의 여행,20260330
https://blog.naver.com/globaleu/224231201230,광교중앙역 맛집 일식 <b>규엔당</b> 규 <b>아브뉴프랑광교점</b>,광교아브뉴프랑 #광교일식 #광교규엔당 #광교규카츠 광교에 맛있는 규카츠를 즐기는 곳이 있다고 해서 다녀왔어요 봄봄봄 바람이 살랑이는 요즘 맛있는 음식을 먹는것이 힐링 <b>규엔당 아브뉴프랑 광교점</b>... ,Travelling,20260327
https://blog.naver.com/ljyyly/224262833722,수원 아주대 맛집 광교중앙역 규카츠 <b>규엔당 아브뉴프랑 광교점</b>,"#수원아주대맛집 <b>규엔당 아브뉴프랑 광교점</b> 후기 시작-! <b>규엔당 아브뉴프랑 광교점</b> 매일 11:30-22:00... 메뉴판 #광교아브뉴프랑맛집 규엔당의 메뉴판. 메뉴는 규카츠와 오므라이스, 스테키 덮밥, 츠쿠네 덮밥, 카레... ",이지 라이프로그,20260423
https://blog.naver.com/7hyeyoon7/224233672224,"수원규카츠 제대로 먹고 온 날, <b>규엔당 아브뉴프랑광교점</b> 후기","수원규카츠 맛집 규엔당 광교 아브뉴프랑에 위치한 '<b>규엔당 아브뉴프랑광교점</b>'은 접근성도 좋고 외관부터 분위기가 깔끔해서 첫인상이 좋았어요. 경기도 수원시 영통구 센트럴타운로 85 지하1층 CB19,20호... ",하꿈이랑 엄마랑❤️,20260329
https://blog.naver.com/sallyjuli/224241604623,맛집 일식 분위기 좋은 <b>규엔당 아브뉴프랑 광교점</b> 솔직후기,수원 아주대 맛집 규카츠 <b>규엔당 아브뉴프랑 광교점</b> #규엔당광교 #광교중앙역일식 #광교맛집 #광교아브뉴프랑식당 #광교아브뉴프랑주차 안녕하세요! 언제나 여행중인 쑴니에요. :) 오늘은 수원 광교에서... ,쑴니는 여행중,20260405
https://blog.naver.com/wjdwpdud1234/224266365103,광교 아브뉴프랑 맛집... 맛집 일식 <b>규엔당 아브뉴프랑 광교점</b>,"<b>규엔당 아브뉴프랑 광교점</b> 경기도 수원시 영통구 센트럴타운로 85 지1층 cb19, 20호 월 ~ 금 11:30 - 22:00 15... 접근성도 좋고 주차도 편리해서 저도 자주 찾는 곳인데, 규엔당은 아브뉴프랑 내에서도 깔끔하고... ",review,20260427
https://blog.naver.com/publiclogbook/223966630187,"모던한식 주점, <b>까치식당 동탄</b>역점 방문 후기",<b>동탄</b>역 인근에 한식주점을 갔다왔음 리뷰 찾아보니 비주얼부터 침샘 폭발이어서 기대하면서 방문했음... ㅋㅋ <b>까치식당</b>이랑 관련있냐고 여쭤보니 그건 아니고 ㅋㅋㅋ 이름때문에 구비해두긴했는데 손님들... ,공감각적 사고에 의한 다중인식,20250811
https://blog.naver.com/2rieunji/224204596358,오픈런 필수! 오산동 맛집 <b>까치식당 동탄</b>,<b>까치식당 동탄</b>점은 요즘 동탄 지역에서 핫한 한식당 중 하나예요. 특히 쌈밥 전문점으로 알려져 있는데... 동탄역엠케이타워 1동 1층 영업시간 : 10:30-23:00 주차 : 건물 지하주차장 이용가능 [<b>까치식당 동탄</b>] 까치... ,Eung:D의 천천히 예뻐지기,20260306
https://blog.naver.com/jing_95_/224237031706,낮에는 한식 저녁엔 퓨전한식을 즐기는 <b>동탄</b>역 맛집 '<b>까치식당</b>',곳이였음 까치식당 위치 및 주차 <b>까치식당 동탄</b>점은 동탄세무서 건물에 위치해있는데 세무서 특성상 점심무렵에 방문하시는 분들이 많아 주차난이 있을 수 있어 평일 점심은 동탄구청을 추천! 저녁이나 주말에... ,꿈꾸는 우주 행복한 열매,20260406
https://blog.naver.com/viadolorosa1/223545353907,"[<b>까치식당</b>] <b>동탄</b>역 한식 이자카야, <b>까치식당 동탄</b>","그곳도 <b>까치식당</b>이랍니다ㅎ 다락방?! 저희는 저녁 시간에 와서 한식 이자카야로 알고 왔는데, 점심 시간에는 <b>동탄</b>역 한식 맛집이고~ 저녁 시간에는 <b>동탄</b>역 술집이네요ㅎ 외부 메뉴판 일단 들어가 줄게요... ",이쏘's 꼼지락,20240812
https://blog.naver.com/wls6800/224269627267,<b>동탄</b>역 점심 식사 한식 주점 <b>까치식당</b> 전통주 맛집,안녕하세요 ~ 오늘은 <b>동탄</b>역 한<b>식당</b> <b>까치식당</b> 리뷰를 시작해보도록 하겠습니다 경기 화성시 <b>동탄</b>구 <b>동탄</b>오산로 86-3 <b>동탄</b>역엠케이타워 1동 제1층 제101호 월-토 10:30 ~ 23:00 일 10:30 ~ 22:00 (15:00 ~ 17:00 브레이크... ,"Hi , I am jini_your genie",20260429
https://blog.naver.com/byl1003/224171738962,오산동 맛집 <b>까치식당 동탄</b>역 점심맛집추천!,이상 율이었습니다_:) #오산동맛집 #오산동술집 #오산동이자카야 #동탄역맛집 #동탄역술집 #동탄역이자카야 #동탄역한식 #오산동한식 #한식프랜차이즈 #까치식당 #<b>까치식당동탄</b>점,라이프로그_by yul,20260204
https://blog.naver.com/sjdhkskanwlro/224239379310,<b>동탄</b>역 맛집 <b>까치식당</b> 봄 한상 먹고 왔어요 낮술가능,주차지원 까치 식당은 동탄역 동화성세무서 건물에 위치해 있어서 찾기 편해요 동탄역 맛집 까치식당은... 잊지마시길 ✅ <b>까치식당 동탄</b> 메뉴 까치식당 메뉴는 정말 다양해요 점심식사로 좋은 쌈밥정식... ,보석같은 하루의 기록,20260403
https://blog.naver.com/seon0373/224063035200,동탄역 한식 맛집 &amp; 한식주점 [<b>까치식당 동탄</b>],"동탄역 맛집으로 유명한 까치식당에 방문했습니다 :) 한식주점으로 유명한 까치식당은 동탄역 술집, 동탄역 한식 맛집으로 이미 유명해서 여러번 가보려고 했었는데 이번에 드디어 방문했어요 <b>까치식당 동탄</b>... ",심심한 밤고구마씨,20251103
https://blog.naver.com/sujin9690/224272901898,건강하고 정갈한 동탄역 한식 “<b>까치식당 동탄</b>” 강된장쌈밥정식,"꿈장군도, 효똥이도 모두 만족 #오산동맛집 #오산동술집 #오산동이자카야 #동탄역맛집 #동탄역술집 #동탄역이자카야 #동탄역한식 #오산동한식 #한식프랜차이즈 #까치식당 #<b>까치식당동탄</b> #동탄까치식당",“효똥이미어캣” 먹고 먹고 또 먹고맛있는 하루!!,20260503
https://blog.naver.com/y__yehdo/224249642596,동탄역 한식 찐맛집 | <b>까치식당 동탄</b>점 또또또또간집,"<b>까치식당 동탄</b> ⏰ 10:30 - 22:00 (라스트오더 21:20 / 브레이크타임 15:00~17:00)  지하주차장 이용(동화서세무서... 모습 동탄 밥집 겸 한식 주점, 까치식당 외관 정말 깔끔하고, 모던한 우드느낌이에요 내부에 들어서면... ",도야밍ෆʕ•ᴥ•ʔෆ,20260412
https://blog.naver.com/hopp2993/224199041853,<b>동탄</b>맛집 <b>까치식당</b> 쌈밥부터 닭전까지 다 맛있어요,듣고 <b>까치식당 동탄</b>점을 방문했어요. 동탄역엠케이타워 1동 제1층에 위치해 있어서 접근성이 좋았고요.... 1동 제1층 제101호 전화번호 : 0507-1362-4658 #동탄맛집 #동탄역맛집 #동탄한식 #동탄데이트맛집 #까치식당,너와나의 행복,20260228
https://blog.naver.com/juwonm00n/224237507491,<b>동탄</b>역맛집 나만의 또간집 <b>까치식당</b> 메뉴추천 솔직후기,동탄역맛집 저만의 또간집 까치식당입니다!!! 제가 솔직하게 메뉴 추천도 하고 알려드릴게요 <b>까치식당 동탄</b> 영업시간 매일 10:30~23:00 22:20 라스트오더 15~17시 브레이크타임 웨이팅 및 외부 까치식당을 저녁에... ,죠니의 기록 (ว˙∇˙)ง,20260401
https://blog.naver.com/juliabts/223805683326,동탄역 점심 맛집 <b>까치식당 동탄</b> 쌈밥정식,오늘 소개해 드릴 곳은 동탄역 2번 출구에서 도보로 3분 정도 거리로 동탄역과 아주 가까운 <b>까치식당 동탄</b>인데요 제가 또또또 간 집입니다. 식당 입구에는 '모던한식주점'이라고 적혀 있지만 저는 이곳을 늘... ,꼬꼬린지,20250322
https://blog.naver.com/new_sprout/224276453167,"<b>동탄</b>역맛집 식사, 술 모두 가능한 분위기맛집 <b>까치식당</b>",보통인데 <b>까치식당</b>은 찬기없이 딱 먹기 좋은 육회였어요~ 오늘도 클리어~ 분위기 좋은 이자카야에서 식사 겸 안주도 너무 맛있게 먹어서 강추!! #오산동맛집 #오산동술집 #오산동이자카야 #<b>동탄</b>역맛집... ,새싹's daily life,20260506
https://blog.naver.com/rudqls8533/224200410274,<b>동탄</b>역 맛집 <b>까치식당</b> 제철 재료 꽉 채운 정갈한 한 끼,동탄역 근처에서 든든하면서도 정갈한 한 끼를 해결할 만한 곳을 찾다가 '<b>까치식당 동탄</b>'을 발견하고... 영업 시간 : 정보 없음 전화번호 : 0507-1362-4658 #동탄역맛집 #동탄맛집 #<b>까치식당</b> #<b>동탄</b>한식 #동탄역데이트,정보와 일상 공유,20260301
https://blog.naver.com/jeri0611/224185335632,<b>동탄</b>역 맛집 <b>까치식당</b> 해물동태탕 닭전 후기,좋아보였어요 #동탄역맛집 #오산동맛집 #오산동술집 #오산동이자카야 #동탄역술집 #동탄역이자카야 #동탄역한식 #오산동한식 #한식프렌차이즈 #서이추 #서이추환영 #<b>까치식당동탄</b> #동탄역까치식당... ,쩨리와 또미의 일상,20260216
https://blog.naver.com/lovalle/224247899087,찾은 동탄 쌈밥 맛집 <b>까치식당 동탄</b>역 야들야들 촉촉한 수육에... ,#까치식당 #<b>까치식당동탄</b> #동탄맛집 #동탄역맛집 #동탄한식 #동탄쌈밥 #동탄점심맛집 #동탄역한식맛집 #동탄역점심 #동탄역쌈밥 #화성맛집 #화성시맛집 #경기도맛집 #쌈밥정식 #쌈밥맛집 #한정식맛집... ,루비와 펭씨네,20260410
https://blog.naver.com/net_suji/223402413655,화성 * <b>동탄</b>역 근처 한식 모던 주점 <b>까치식당</b> &amp; 2차는 와다이,<b>까치식당 동탄</b> 0507-1362-4658 10:00 - 02:00 (15-17 break) 주차가능 경기 화성시 동탄오산로 86-3 스파패보고 저녁 먹으러 간 까치식당 모던 한식 주점 들어갔는데 복도만 있어서 살짝 당황 안쪽으로가서... ,톰과제리 부부 이야기,20240525
https://blog.naver.com/zzamong_leemong/224246338139,동탄역 한식이자카야/<b>까치식당 동탄</b>/점심 메뉴 추천,"이번에 덕메와 방문한 곳은 동탄역 인근 동화성 세무서 건물에 위치한 <b>까치식당 동탄</b>! 출발 전 네이버... 처음엔 한식 카페, 한식 이자카야라는 단어가 생소했는데 매장 내부를 보니 백반 식당이라기엔 술 한잔... ",재밌는 건 정말 참을 수 없어,20260409
https://blog.naver.com/ryuphilyu91/224241982316,깔끔한 맛이 일품인 동탄역 한식&amp;술집 '<b>까치식당 동탄</b>',그런데 동탄역 한식집이 맛있다는 소식에 바로 다녀왔어요 <b>까치식당 동탄</b> ⏰️영업시간 월-토 10:30 - 23... 까치식당은 동탄역 한식 대표 매장일 뿐만 아니라 동탄역 모던 한식 주점으로도 유명하다고 해요... ,오늘 기록장,20260406
https://blog.naver.com/acmsimi/223922882268,스타필드 하남 팝업 스토어 <b>꼬따꼬뜨</b> 플래닛 타운,<b>꼬따꼬뜨</b> 플랫닛 브랜드 팝업 매장이었다. 외계인이 지구인과 어울려 살아가는 컨셉으로 만들어진 <b>꼬따꼬뜨</b>플래닛 브랜드의 <b>꼬따꼬뜨</b>타운이라는 팝업 스토어였다. 주민센터 직접 꾸민 캐릭터 주민등록증을... ,아몬두페페의 리뷰육아,20250705
https://blog.naver.com/kangss12/224273082814,[수원광교 카페] 시냇가 옆 파리 감성 한 잔 <b>꼬따꼬뜨</b> Cote a... ,"광교 카페거리에서 만나는 작은 파리, <b>꼬따꼬뜨</b>입니다. Côte À Côte는 프랑스어로 '나란히'라는... #수원광교카페 #광교카페거리 #<b>꼬따꼬뜨</b> #coteacote #광교테라스카페 #광교파리감성 #광교시냇가카페... ",생활의 기록,20260504
https://blog.naver.com/lightyellowbubu/224237398107,"유럽 감성 브런치카페(동탄 레이지크해비탯,광교 <b>꼬따꼬뜨</b>)",카페거리 <b>꼬따꼬뜨</b> @cote_a_cote_brunch 운영 : 월~금 9:00 ~ 16:00 / 토 9:00 ~ 17;00 예약 : 네이버 예약가능 주차... 300원) 꼬따꼬트는 수원 광교카페거리에 있는데 카페거리에서도 가장 끝쪽에 있다 요렇게 광교... ,재태크하는 옐쀼의 일상모음.zip,20260401
https://blog.naver.com/manbyul_/224261559660,"거리 <b>꼬따꼬뜨</b>, 카페그루비 / 수원 행궁동 팜투하녹, 사랑과자유... ",카페는 #<b>꼬따꼬뜨</b> 근데 이제 건물 입구로 갔더니 카페 입구가 아님 입간판 보고 카페 입구 찾아 삼만리... 카페 입구 약간 유럽 느낌쓰 <b>꼬따꼬뜨</b>쪽이 카페 몰린 곳과 반대쪽 끝부분이라 살짝 한적함! 뭔가... ,manbyul,20260422
https://blog.naver.com/ycy70/223453517707,[광교 카페] 광교 호수공원 카페 작은 유럽 파리 &quot; <b>꼬따 꼬뜨</b>... ,"하나 <b>꼬따꼬뜨</b> <b>꼬따꼬뜨</b> 프랑스어로 &quot;나란히&quot;라는 뜻이에요. 이곳은 우리와 오래도록 어깨를 나란히 할 나의 '꿈'을 ㄴ끼는 곳, 현실을 꿈의 곁에 가까이 데려가는 공간입니다. ▶ 경기 수원시 영통구... ",엘리사벳 아들셋 맘 힐링타임 ♥,20240521
https://blog.naver.com/2550kkk/223932316917,광교 카페거리 <b>꼬따꼬뜨</b> &amp; 러드로우,ㅜ ㅜ 여기는 <b>꼬따꼬뜨</b> 에이프런이랑 <b>꼬따꼬뜨</b> 중에 고민하다가 여기로 왔다 주말 점심시간인데 생각보다 북적거리지 않아 좋았음! 요기는 약간 유럽 스타일 프랑스 느낌의 카페였다 크크 예전에 쓴 리뷰에는... ,my,20250713
https://blog.naver.com/kse0149/224146130505,수원 광교카페 브런치카페 <b>꼬따꼬뜨</b>,<b>꼬따꼬뜨</b> COTE A COTE 경기 수원시 영통구 센트럴파크로127번길 80-7 지하 1층 경기 수원시 영통구 이의동 1307 매일 09:00 - 16:00 토요일 09:00 -17:00 매주 일요일 휴무 예전부터 꼭 가보고 싶었던 광교카페 <b>꼬따꼬뜨</b>... ,like in here.,20260114
https://blog.naver.com/0_hooang_0/224178765274,광교 파리 감성 브런치 카페 | <b>꼬따꼬뜨</b> cote a cote... ,안녕하세요 아이비입니다 :) 오늘은 광교카페거리에 위치한 유럽감성 가득한 브런치카페 <b>꼬따꼬뜨</b> 후기입니다 <b>꼬따꼬뜨</b> cote a cote 위치 : 경기 수원시 영통구 이의동 1307 영업시간 : 월~금 09:00-16:00 토 09:00-17... ,아이비의 사생활,20260210
https://blog.naver.com/kkokyesang/223879384472,스타필드 수원 <b>꼬따꼬뜨</b> 플래닛 체험형 팝업,귀여운 캐릭터들과 독창적인 디자인 굿즈가 가득한 <b>꼬따꼬뜨</b> 플래닛 팝업스토어! 다양한 아이템들과 체험형 이벤트로 더욱 즐거운 시간을 보낼 수 있었는데요. 스타필드 수원에서 진행중인 <b>꼬따꼬뜨</b>... ,오늘도 POP IT UP! 팝업핑의 팝업스토어 탐방기,20250527
https://blog.naver.com/wldbd0901/224041245592,더현대 서울 10월 팝업 해리포터 러셀리저브 <b>꼬따꼬뜨</b>플래닛... ,레터 목차  01 더현대 10월 팝업 추천 02 해리포터 마호도코로 03 러셀 리저브 위스키 04 <b>꼬따꼬뜨</b>플래닛... 바로 ⭐ 해리포터 마호도코로 ⭐ 러셀 리저브 위스키 ⭐ <b>꼬따꼬뜨</b>플래닛 3곳입니다. 02. 해리포터... ,전지적 서울 시점,20251014
https://blog.naver.com/eatplayworkout/224036028524,광교 브런치맛집 | 광교카페거리 뷰좋은 카페 | <b>꼬따꼬뜨</b>,"<b>꼬따꼬뜨</b> 영업시간 월~금요일 09:00~16:00 토요일 09:00~17:00 매주 일요일 정기휴무 매장은 광교카페거리1... 멀리서 찍으면 그럴싸해보일 것 같네요,, 광교 브런치 맛집 <b>꼬따꼬뜨</b>의 외관이에요. 유럽의 노천카페에 온... ",워킹맘의 뱀띠아들 육아,20251009
https://blog.naver.com/greatting_/223500606449,광교카페거리에 있는 브런치맛집 카페 <b>꼬따꼬뜨</b> 방문후기,중에서 꼬따또뜨의 제일 시그니처는 바로 '퀸아망'이라고 해요! 바로 앞에 보이는 동글동글 귀여운... 광교에서 분위기 좋고 디저트가 맛있는 카페를 찾으신다면 <b>꼬따꼬뜨</b> 추천드려요&gt;&lt; 무엇보다 뷰가 너무... ,'_',20240704
https://blog.naver.com/qqq86/223416164512,광교 카페 추천 <b>꼬따꼬뜨</b> 수원 파리 감성 디저트 맛집,"광교 카페 추천 <b>꼬따꼬뜨</b> 수원 파리 감성 디저트 맛집 작년에 방문하고 마음에 들었던 곳이라 올해 봄에 다시 와야지 ! 했던 수원 파리 감성 <b>꼬따꼬뜨</b>  봄, 여름에 광교 카페 추천 찾는다면 강력하게 권하고... ",졍이의 지구별 여행,20240417
https://blog.naver.com/vanite77/223890671738,[Cote a Cote(<b>꼬따꼬뜨</b>)... 감성 카페 <b>꼬따꼬뜨</b> 3번 방문기 ☕,광교카페거리에 프랑스 감성이 느껴지는 인테리어와 독특한 시그니처 메뉴로 벌써 세 번이나 다녀온 카페 코따꼬뜨(cote a cote) 후기를 써보려고 한다  <b>꼬따꼬뜨</b> (Cote a Cote)  위치: 경기 수원시 영통구... ,베지의 lifelog,20250606
https://blog.naver.com/ghdwl1410/223456437709,"240522 광교 카페거리 오늘의초밥, <b>꼬따꼬뜨</b>","카페 “<b>꼬따꼬뜨</b>”로 향했다 약 2주 전 후두염 진단을 받고 밀가루, 카페인을 최대한 줄여왔는데 <b>꼬따꼬뜨</b> 디저트와 아이스크림 라떼는 못참지 고소한 풍미의 <b>꼬따꼬뜨</b> 라떼 위에 아이스크림 한 스쿱 퐁-당... ","""오늘도 즐겁게 맛있게""",20240523
https://blog.naver.com/oopsbae1/223654190232,<b>꼬따꼬뜨</b> 우연히 발견한 프랑스 느낌의 광교 인생 카페... ,&lt;<b>꼬따꼬뜨</b>&gt; 주소: 경기 수원시 영통구 센트럴파크로17번길 80-7 지하 1층 (광교중앙역 3번 출구에서 856m) 영업시간: 수~월 10:00~19:00 (매주 화요일 정기휴무) 전화번호: 0507-1321-3121 이름이 <b>꼬따꼬뜨</b> 특이하죠?... ,경제적 자유로 향하는 슨배의 우당탕탕 여행기,20241110
https://blog.naver.com/colorful1702/223876466152,수원 스타필드 놀거리 <b>꼬따꼬뜨</b> 플래닛 팝업스토어 굿즈 총정리,수원 스타필드 놀거리 <b>꼬따꼬뜨</b> 캐릭터 팝업스토어 귀여움 폭발! <b>꼬따꼬뜨</b> 플래닛 타운에 다녀왔어요 요즘 SNS에서 자꾸 보이던 그곳! <b>꼬따꼬뜨</b> 플래닛 타운 팝업스토어가 스타필드 수원 1층 그랜드... ,핫플여행!! 즐겁고 맛있는 팝업로그,20250524
https://blog.naver.com/butter__lemon/224245008091,수원 광교카페거리 <b>꼬따꼬뜨</b> :: 유럽 감성 테라스 브런치 카페,벚꽃 구경하기 좋은 광교카페거리 유럽 감성 테라스 카페 <b>꼬따꼬뜨</b> cote a cote <b>꼬따꼬뜨</b> 경기도 수원시 영통구 센트럴파크로 127번길 80-7 평일 9:00 - 16:00 토요일 9:00 - 17:00 ✅매주 일요일 정기휴무 ️카페거리 1... ,잔잔한 일상에 행복 한 스푼,20260408
https://blog.naver.com/woo_ram_/224141482087,"더현대 대구 4층에서 만나는 작은 행성, <b>꼬따꼬뜨</b>플래닛... ","대구 팝업 추천 &quot;<b>꼬따꼬뜨</b>플래닛&quot; 팝업 소개, 현장분위기 ⓒ글 사진 / 우리미♥ 안녕하세요! &quot;여기가... 오늘은 더현대 대구 4층에서 만난 귀여운 팝업스토어, <b>꼬따꼬뜨</b>플래닛 팝업 이야기를 정리해보려고 해요.... ",우리미의 끄적임,20260110
https://blog.naver.com/mwozu/224094867914,광교 카페 감성 가득한 브런치 <b>꼬따꼬뜨</b>,"광교카페거리에 분위기 좋고, 맛있는 브런치와 커피까지 즐길 수 있는 곳을 찾는다면 수변에 위치한 감성 브런치 카페 <b>꼬따꼬뜨</b>를 소개합니다. <b>꼬따꼬뜨</b> ⏰ 매일 9:00-16:00(토 -17:00) 일 휴무 경기 수원시 영통구... ",모쥬 취향,20251202
https://blog.naver.com/morene-/224030413533,있는 편안한  &quot;<b>낙원타코 강남역점</b>&quot;(낙원타코강남역주말점심웨이팅),강남역 9번출구에서 한블럭정도 떨어져있는 낙원타코! 건물2층에 자리하고 있었다. (엘베O) 가게 입구의 한 눈에 볼 수 있는 메뉴판 <b>낙원타코 강남역점</b> 주말점심웨이팅 캐치테이블로 웨이팅 가능하다고 해서... ,모린MORENE,20251003
https://blog.naver.com/catarina0987/224269679443,[서울/서초구] <b>낙원타코 강남역점</b>,싶다 #강남역맛집 #<b>낙원타코강남역점</b> #서울타코맛집 #낙원타코 #낙원타코한우대창파히타... 낙원타코치폴레크림파스타 #타코맛집 #여자3명낙원타코 #파히타맛집 #치폴레크림파스타맛집 #강남낙원타코,깅밍징's 다이어리,20260502
https://blog.naver.com/sweetfam/223929974864,"<b>낙원타코 강남역점</b>, 진정한 강남역 타코맛집!",배불렀네요 '강남역타코맛집'인 <b>낙원타코 강남역점</b>은 정말 여러면에서 기대 이상이라는 생각밖에 들지 않았습니다! 여러분도 좋은 날이나 그냥 기분 전환 차 한번 가볍게 하지만 든든하게 식사를 하고 싶은... ,한복입고 마트갈까,20250712
https://blog.naver.com/johajoha1204/223467347164,맛있는 시장통 - <b>낙원타코 강남역점</b>,"부터는 강남 싫은데 타코 먹는다해서 룰루랄라 가 봤어요 체인점이 굉장히 많은 낙원타코, 강남역에도... 생겼더라구요 강남역 9번출구에서 5분도 안걸렸어요 <b>낙원타코 강남역점</b> 매일 11:00-22:00 라스트 오더 21:00... ",인생은 아름다워!,20240603
https://blog.naver.com/serhee127/223515727566,<b>낙원타코 강남역점</b> 맛집 방문 후기,내돈내산 결제 인증 합니당  영수증 받았는데 사진을 안찍었나봄 어쨌든 넘 맛있었다네요! 강남역 근처 가신다면 낙원타코 추천드려용❤️ #강남맛집 #강남역맛집 #<b>낙원타코강남역점</b> #내돈내산,이것저것 많이하는,20240717
https://blog.naver.com/yammy97-/224241747133,서울 강남 맛집 청첩장 모임 <b>낙원타코 강남역점</b> 내돈내산 후기,시작합니다❤️ 낙원타코는 체인점이지만 저는 강남에서 모임이 있어서 강남역 근처에 위치한 <b>낙원타코 강남역점</b>에 방문했어요. 강남역 9번 출구로 나와서 조금만 걷다 보면 스타벅스 건물 2층에 바로 위치해... ,바나나의 일상 일기:),20260407
https://blog.naver.com/s_yeon0322_/224223164413,[<b>낙원타코 강남역점</b>] 비쥬얼 미친  푸짐한 투게더세트 후기... ,만났던 장소 낙원타코가 엄청 오래됐구나...ㅋㅋ ㅋ강남역에 많고 많은 음식점 중 웨 또 여기야..?ㅋㅋ <b>낙원타코 강남역점</b> 위치 : 서울 서초구 서초대로73길 7 2층 운영 시간 : 매일 11:00~22:00 위치 &amp; 주차 강남역... ,슝슝이랑 함께하는 ♥,20260320
https://blog.naver.com/ebbuni0910/224171822880,"[강남역 타코 맛집]<b>낙원타코 강남역점</b>(+내돈내산, 커플세트)","젖은 타코 후기, 내돈내산 솔직후기 시작합니다:) &lt;<b>낙원타코 강남역점</b> 위치&gt; 강남역 9번 출구에서 내려서... 있었습니다 &lt;낙원타고 강남역점 내부&gt; 내부는 생각했던 것보다 훨씬 넓어서 당황했어요 ㅋㅋㅋ 밖에서... ",온온한 기록:),20260204
https://blog.naver.com/kmkimgib/223929861408,"<b>낙원타코 강남역점</b>, 감각적이고맛있는 선택","서울 서초구에 위치한 <b>낙원타코 강남역점</b>은 정말 매력적인 공간이에요. 특히 '강남역타코맛집'을 찾고... '강남역타코', 그리고 모든 것이 완벽하게 어우러진 경험을 위해서는 꼭 방문하세요~ #강남역타코 #강남타... ",해삐하게 놀고먹는 콩나,20250711
https://blog.naver.com/polaris876/223821861042,강남역 멕시코음식 추천/ <b>낙원타코 강남역점</b>,<b>낙원타코 강남역점</b> 강남역 멕시코음식 추천; 이곳이 오늘 제가 방문한 강남역에 위치한 낙원타코에요~ 낙원타코는 강남역2호선 9번출구에서 도보 3분거리에 위치해있어 무척 빠르게 도착할수 있었어요.... ,그냥 쓰는 다이어리,20250404
https://blog.naver.com/yosoy_coreana/224213527672,[서울 서초구] <b>낙원타코 강남역점</b>,"<b>낙원타코 강남역점</b> | 외부 삼성 강남에서 갤럭시 픽업 후, 배가 고파서 주변에 있는 낙원타코... 강남역 바로 앞에 있어서 접근성도 좋으니, 강남에 오게 된다면 들러볼 만한 낙원타코다. 개인적으로는 다음에... ",예원의 나이테,20260313
https://blog.naver.com/jinypig_/224216562946,<b>낙원타코 강남역점</b> | 강남 타코 맛집 낙원타코 내돈내산 후기,가게는 강남역 9번 출구에서 약 3분 거리에 접근성이 좋은 편입니다. 건물 내 주차가 가능하긴 한데... 파스타보다 낙원 프라이즈 파스타가 더 맛있어요❤️ <b>낙원타코 강남역점</b>은 세트메뉴도 잘 구성되어... ,JinyPIG's LOG,20260314
https://blog.naver.com/0l04s/223929242721,강남역맛집 <b>낙원타코 강남역점</b> 신메뉴 혼밥 | 김치 포크 타코... ,오늘은 강남역맛집 낙원타코 리뷰!! 멕시칸 타코맛집 낙원타코에서 따끈따끈한 신메뉴가 나왔다길래... 사람이에오 <b>낙원타코 강남역점</b> 서울특별시 서초구 서초대로73길 7 2층 (2호선 강남역 9번 출구에서 186m)... ,다욘로그♪(´ε｀*),20250710
https://blog.naver.com/misuniy/223444737648,강남파히타맛집 <b>낙원타코 강남역점</b> 가성비 커플세트 후기,여기 <b>낙원타코</b>를 <b>강남역</b>에서 22년도에 처음 먹어봤는데 여기 먹고 반해가지고 다른 지점을 찾아다녔다니까요 ㅋ <b>강남</b>은 멀고 ㅋ 그때 수지점 다녀왔던 기억이 있어요 어머나..... 이게 무슨일 ㅋ 파히타 초점 왜... ,허밍스토리,20240513
https://blog.naver.com/first0802/223839944192,강남역 멕시칸 맛집 <b>낙원 타코 강남역점</b> 치킨파히타... ,오늘 리뷰할 곳은 '<b>낙원 타코 강남역점</b>'입니다. 장학사인 친구가 서울로 1박 2일 출장을 왔어요.... 낙원 타고 어떠신가요?^^ #강남역맛집 #강남타고 #역삼타고 #서초구타코 #서초구타코맛집 #서울타코맛집... ,행복찐 써니데이♡,20250419
https://blog.naver.com/jjnn89/223933211894,"강남역타코맛집, <b>낙원타코 강남역점</b>에서의 특별한 경험",서울 서초구에 위치한 '<b>낙원타코 강남역점</b>'은 그 이름만으로도 맛있는 타코가 떠오르는 곳이에요.... 쌓아갔으면 하는 작은 바램입니다^^ 인스타 @nakwongroup #강남역타코 #강남타코 #강남타코맛집 #강남역9번출구맛집,진요르의 저지레,20250714
https://blog.naver.com/yutx3/224182702815,강남역 멕시칸 맛집 <b>낙원타코 강남역점</b> 신메뉴 소금 트리빠... ,"캐주얼하면서 쾌적한 분위기라 직장인 점심, 각종 모임 장소로도 좋아요. <b>낙원타코 강남역점</b> 추천드립니다✨ #낙원타코 #<b>낙원타코강남역점</b> #강남역낙원타코 #강남역멕시칸 #강남역맛집 #타코맛집 #강남역타코",유트의 탈출일기,20260213
https://blog.naver.com/dear_u_u/224201471306,[서울 강남] 강남역 멕시코음식 타코 맛집 '<b>낙원타코 강남역점</b>',<b>낙원타코 강남역점</b>  서울특별시 서초구 서초대로73길 7  월 ~ 일 / 11:00 - 22:00  02-595-1540 타코를 이렇게 본격적으로 먹는 건 처음이라 잔뜩 기대하며 방문한 낙원타코 강남역 GT타워 건너편에 위치하고 있어요!... ,실수 투성이 내 인생에 건배~,20260302
https://blog.naver.com/soar0001/224276184199,[내돈내산][강남역 맛집] <b>낙원타코 강남역점</b> - 육식파 센터장과... ,있는 타코가 당기더라고요. 역에서 정말 가까워 접근성까지 완벽했던 [<b>낙원타코 강남역점</b>] 방문기... #강남역맛집 #강남낙원타코 #강남역데이트 #파히타맛집 #강남역파스타 #멕시칸음식 #강남역점심... ,생활 밀착 건강한 움직임 쏭즈,20260506
https://blog.naver.com/yunhee94/223952846716,강남역 맛집 주차 가능 <b>낙원타코 강남역점</b> 내돈내산,"9) 총 46,700원 외부 인테리어 오랜만에 다녀온 <b>강남역</b> 맛집 <b>낙원타코</b> 주말에 다녀왔을 때에는 웨이팅이 있을 정도였는데 평일 늦은 시간이라 그런지 대기 없이 입장했어요! <b>강남</b> 주차 가능한 맛집 몇 없는데... ",유니의 낙서장,20250730
https://blog.naver.com/pk3152/224267865154,수원 팔달문 팔달시장 냉면 맛집 <b>남강진주냉면</b> 주차,전체샷도 한장 드립니다~ 결론 오늘은 수원 팔달문 팔달시장쪽에 위치한 냉면 맛집 <b>남강진주냉면</b>을 리뷰했는데요. 광교산 바로 밑에는 생각보다 맛집이 많이 없더라구요. 어차피 저희집까지가려면 버스... ,원영적 먹고 사고,20260428
https://blog.naver.com/lovejin824/223564856805,수원 남문시장 맛집 <b>남강진주냉면</b>,"<b>남강진주냉면</b> 경기 수원시 팔달구 중부대로17번길 12 월~일 10:00~21:30 / 20:30 라스트오더 포장, 예약... 전국 3대 냉면 중 하나인 진주냉면. 진주냉면의 면은 메밀을 사용해 건강에도 좋게 만들어주고 계신다.... ",모든 날이 특별한 순간,20240829
https://blog.naver.com/cobisys/224031867472,<b>진주</b>성 맛집 <b>남강</b>유등축제 즐기고 맛본 <b>진주 냉면</b> 맛집 낙원,<b>진주</b>성 맛집 <b>남강</b>유등축제 즐기고 맛본 <b>진주 냉면</b> 맛집 낙원 <b>진주</b>성 맛집 <b>남강</b>유등축제 즐기고 맛본 <b>진주 냉면</b> 맛집 낙원 <b>진주</b>성 맛집 <b>남강</b>유등축제 즐기고 맛본 <b>진주 냉면</b> 맛집 낙원 경남 <b>진주</b> <b>남강</b>유등축제... ,꼬비의맛집멋집,20251004
https://blog.naver.com/dreamingaqua/223517575963,수원 팔달문 맛집 '<b>남강진주냉면</b>',"진주 냉면이 생각날 땐 앞으로도 수원 '<b>남강진주냉면</b>'에 방문할 예정입니다. 재방문 의사 10000000%에요! 건강하고 특별한 냉면을 찾으신다면, 이 곳에 방문하시길 강추드립니다!",꿈몽부부의 소소한 일상이야기,20240718
https://blog.naver.com/dkqk1221/223465546943,<b>남강진주냉면</b>: 시원한 냉면과 만두가 맛있는 수원 팔달문 맛집,얹어서 진주냉면을 만드는데 어쩐지 시간과 노력이 많이 들어간 음식은 항상 맛있는 것 같다 <b>남강진주냉면</b> 만두 속이 꽉꽉 만두도 장난아니게 맛있었는데 소스를 직접 개발하신 건지 만두랑 완전... ,We deserve better happy.,20240601
https://blog.naver.com/realten/223473767704,수원팔달문 맛집 주차도 가능한 전통 노포 <b>남강진주냉면</b>,아니고요 ^^ 진주 냉면의 역사가 그렇다는 것! 오해 금지 <b>남강진주냉면</b>은 1층은 필로티 주차장 2층이 매장인데 올라가는 계단에 메뉴에 대한 설명이 쓰여있으니 한번 읽어보시면 좋을듯해요. 대한민국 3대 냉면... ,맛있는 수원을 찾아서,20240609
https://blog.naver.com/mjinchul1/223948777332,<b>진주</b> <b>남강</b> 유등축제 맛집 황포<b>냉면</b> 본점 <b>진주냉면</b> 주차 메뉴,외지인들에겐 #<b>진주냉면</b> 이 유명한가 보던데 혹시나 <b>진주냉면</b> 드실 계획 있다면 황포<b>냉면</b> 추천해 봅니다. <b>진주</b><b>남강</b> 유등축제에 대해 알고 싶으신 내용은 아래에 자세하게 올린 블로그글 공유 드리도록... ,바블의 신나는 세상,20250908
https://blog.naver.com/yunnn__e/224057967042,"[수원] 남문 오래된 맛집 불고기전골, 육회비빔밥 :: <b>남강진주냉면</b>",오늘은 남문에 오래된 맛집인 <b>남강진주냉면</b>에 가봤어요 냉면집이나 다른 메뉴들도 맛있어서 자주 방문하게 되는 곳이에요 경기 수원시 팔달구 중부대로17번길 12 ⏰️10:00 - 21:30 라스트 오더 20:30 ☎️0507-1321... ,쪙's 일상기록ෆ,20251029
https://blog.naver.com/lordglor/223956007837,진주냉면 먹으러 갔다 비빔밥: <b>남강진주냉면</b>,냉면 맛이 궁금하지만 가게 분위기상 땡기지 않았습니다. 나중에 먼훗날에 한번쯤 와서 냉면 맛을 보기는 할 것 같습니다. 진주냉면 먹으러 갔다 비빔밥: <b>남강진주냉면</b>이었습니다.,감사한 마음,20250802
https://blog.naver.com/ssboygss/224056770127,낙원 <b>진주냉면</b> 후기 (<b>남강</b>유등축제 근처 식당),된장국이 같이 나와서 좋더라구요. 아무튼! 어쩔 수 없이 웨이팅해서 먹은 곳이긴한데 기대보다 그저 그랬어요. <b>남강</b>유등축제 온 김에 <b>진주냉면</b> 먹어봤다 정도로 마무리하겠습니다 ㅎㅎ,Summer Again,20251028
https://blog.naver.com/dadh002/223771469304,[수원 팔달문 맛집] <b>남강진주냉면</b> : 불고기전골&amp;섞어냉면 후기,수원 팔달문 맛집 <b>남강진주냉면</b> 전화번호 : 0507-1321-5657 영업시간 : 10시~21시30분 주소 : 수원시 팔달구 영동 28-8 볼일보러 나왔다 점심 먹은 기록 예전에 진주냉면을 먹으러 와봤던 팔달문에 위치한 남강주진... ,동동부부의 행복 여행기,20250224
https://blog.naver.com/seoyu1127/224004986333,[수원 영동시장] <b>남강 진주냉면</b> 섞어 냉면 후기,<b>남강진주 냉면</b> 근처에있는 시장 유명한 저렴한 약국도 다녀와보세요! 도매당약국 추천 아래 링크걸어드릴게요 #수원시장 #<b>남강진주냉면</b> #영동시장 #섞어냉면 #수원시장음식점 #여름음식점,햄볶는 일상,20250912
https://blog.naver.com/intpestj/223473717956,수원 팔달문 시장 맛집 - <b>남강진주냉면</b> 가족모임 회식장소 굿,아침 10시 ~ 밤 10시 마지막 주문 : 밤 9시 반 전화번호 : 0507-1321-5657 #수원맛집 #수원진주냉면 #수원냉면맛집 #수원팔달문맛집 #수원팔달문시장맛집 #수원가족모임 #수원회식장소 #팔달문고기집 #<b>남강진주냉면</b>,베이빔 하우스,20240609
https://blog.naver.com/youngone0910/223681932469,팔달문 맛집 <b>남강진주냉면</b> 소갈비살 육전 전병,"오늘은 팔달문 맛집 <b>남강진주냉면</b> 소갈비살 육전 전병 포스팅을 해요. 예전부터 팔달문 맛집으로... 메뉴판 진주냉면 진주왕갈비탕 육회비빔밥 소갈비살 떡만두국 소불고기 사이드메뉴 김치전병, 만두, 육전... ",맛집엔젤,20241204
https://blog.naver.com/ajdandxod12/223886507610,<b>진주</b><b>남강</b> 근처에 위치한 블루리본 맛집 송기원<b>진주냉면</b> 본점,<b>진주</b>성 또는 <b>남강</b> 근처의 관광 명소를 구경 후 방문하게도 좋은 <b>진주 냉면</b> 맛집인 송기원 <b>진주냉면</b> 본점에서 감칠맛 나는 시원한 육수와 함께 마무리해보시는 것은 어떠실까요? 그럼 여기까지... ,힐링멍뭉탱과 떠나는 퍼스널여행,20250602
https://blog.naver.com/cjftn6286/223891316964,수원 냉면 맛있는집[<b>남강 진주냉면</b>]에서 가족 외식,"기존에 자주 가던 평양냉면집은 아이 메뉴가 부족해서 이번엔 수원 남문시장안에 위치한 <b>남강 진주냉면</b>을 가보기로 했다. 평양냉면은 심심한 육수에 메밀면의 담백함을 즐기는 맛이라면, 진주냉면은 진한... ","ㄱ김이준 일상,생활#",20250607
https://blog.naver.com/songyj_/223419406942,<b>남강진주냉면</b> :: 수원팔달문시장맛집(물냉면/비빔냉면/만두),"ㅠㅠㅠ 진주냉면은 가게 내부로 넓고 고기류부터 냉면, 떡만둣국, 갈비탕 등 여러 메뉴들이 있어 부모님 입맛에도 딱 맞아 좋아할 가게입니당 ㅎㅎㅎ 올 더운 여름 수원팔달문맛집 <b>남강진주냉면</b>에서 시원하고... ",ESFP 인생은 재미있어,20240418
https://blog.naver.com/seoulfatboy/223512743565,맛집 열번도 더 방문한 또간집 가족외식장소 <b>남강진주냉면</b>,<b>남강진주냉면</b> <b>남강진주냉면</b>은 진주식 냉면이라 냉면위에 육전을 올려주시는데 그게 정말 맛있어서 늘 육전을 추가로 주문하지만 오늘은 만두를 좋아하는 친구 덕분에 사이드로 만두를 먹어보기로 했어요... ,부부의 여행 쀼레블러,20240714
https://blog.naver.com/lhj815200/223450588795,수원 냉면맛집 남문시장안 육전이 올라간 <b>남강진주냉면</b>,냉면맛집을 폭풍 검색 해보니 여러곳이 나오던데 그중에서 남문시장안에 위치해 있다는 <b>남강진주냉면</b>... 자판기 커피 한잔 뽑으며 옆 액자의 글 읽어보니 진주냉면이 전국3대 냉면집에 꼽힌다고 하네요.... ,날아라츄파춥스,20240518
https://blog.naver.com/wjddms4ng/223670219216,지동시장 갈비살맛집 <b>남강진주냉면</b>,"지동시장을 여러번 갔었지만, 갈비살맛집 <b>남강진주냉면</b> 처음 방문해 보고 2번 놀랬답니다! 1.기가막힌... ✨ 시장나들이 계획이시라면 꼭 한번 들러보세요~ #진주맛집 #진주남강냉면 #육전맛집 #갈비살맛집... ",황금연필,20241123
https://blog.naver.com/songirachel/224001156996,맛집 압구정로데오 도산공원 카페 : [<b>낫배드커피 도산</b>],압구정로데오 카페 <b>낫배드커피 도산</b>에 다녀왔슴다 한창 커피투어 다닐 때 하루에 17잔 마시면서 도산공... 낫배드커피에서 직접 굽는다고 하는데 갓 구운 빵 이거 어떻게 참을건데!! 빵쟁이 눈 돌아간다... ,렝구로그,20250909
https://blog.naver.com/ubuzzu/224240856765,압구정로데오 카페 추천 <b>낫배드커피 도산</b> 포카치아 샌드위치 맛집,"거리로 도산공원 바로 앞에 위치하고 있었어요. 매장 앞으로 넓은 야외 좌석도 있었는데, 따뜻해진 봄... <b>낫배드커피 도산</b>은 하루를 충분히 괜찮게(낫배드) 보내길 바라는 마음을 담아, 화려하진 않지만 좋은... ",하쪼 블로그,20260405
https://blog.naver.com/noongnang/224211429426,압구정로데오 샌드위치 <b>낫배드커피 도산</b> 내돈내산,"1 <b>낫배드커피 도산</b> 위치 및 영업 정보 바베큐 풀드 포크 샌드위치 7,900원 주소 : 서울 강남구... 커피 세트로 하면 꽤나 가성비 있게 먹을 수 있는 샌드위치들! 나는 너무 만족스러웠다. 일단 금액대가... ",눙눙낭낭,20260310
https://blog.naver.com/ettomon/224231215453,"압구정로데오 카페 <b>낫배드커피 도산</b>, 샌드위치 맛집",낫배드 커피 &amp; 샌드위치 도산점 인테리어 낫배드 커피는 &quot;여러분의 하루를 충분히 괜찮게 (NOT BAD) 만들고 싶어 탄생한 브랜드&quot; 이에요. #<b>낫배드커피도산</b>점 멀리서 봐도 '나 #압구정샌드위치 맛집이야'라고... ,잇또맘,20260327
https://blog.naver.com/with_ssogong/224196716683,"압구정 도산 26 봄 신상, 성수 언라인 / <b>낫배드커피 도산</b>... ","아무튼 당분간 빵/과자 쇼핑 금지♀️ 스투시 Spring '26 Collection 구경하러 도산공원에 갔던 날 손님의... 곳, <b>낫배드커피 도산</b> 압구정로데오에서 보기 드문 대형카페 이 근처에 그렇게 자주 오는데도 내가... ",Shine on you,20260226
https://blog.naver.com/lazy__nurse/224193851921,실패없는 압구정로데오 카페 <b>낫배드커피 도산</b>,"<b>낫배드</b>라떼로 주문했어요 ㅋㅋㅋ 시그니처 <b>커피</b>인데, 이게 정말 <b>도산</b>공원 오시면 마셔주셔야 해요, 이 동네에 카페 많잖아요, 다른데서 넘어온 카페도 있고요 솔직히 제 기준에서 다먹어보묜 <b>커피</b> 맛집 딱... ",보타리,20260224
https://blog.naver.com/idw103/223887390066,&lt;<b>낫배드커피</b>&gt; 로컬 베이커리 페스티벌이 열리는 <b>도산</b> 카페,도산 카페 '낫배드커피'에 다녀왔어요. <b>낫배드커피 도산</b> 주소 서울 강남구 언주로164길 21-3 운영 시간 매일 10:00 - 19:00 전화 02-511-2220 위치 &amp; 주차 정보 압구정 도산공원 근처를 걷다 보면 예쁘고 감각적인... ,팝콘의 영화라이프,20250603
https://blog.naver.com/sariss0612/224273316063,압구정로데오 카페 &lt;<b>낫배드커피 도산</b>&gt; 포카치아 샌드위치... ,"소개합니당 <b>낫배드커피 도산</b> ⏰영업시간: 매일 9:00-18:00 1. 내부 샌드위치는 주문 즉시 바로바로... 낫배드커피의 시그니처 라떼라는 낫배드라떼가 궁금했는데, 라떼보다는 살짝 달고 바닐라라떼보다는 덜... ",으냉,20260503
https://blog.naver.com/hp0210/223890036547,"가볼만한곳 강남 런던베이글뮤지엄 <b>도산</b>, <b>낫배드커피</b>, 그랑핸드","서울 데이트 가볼만한곳 강남 런던베이글뮤지엄 도산, 낫배드커피, 그랑핸드 오랜만에 서울... <b>낫배드커피 도산</b> 서울 강남구 언주로164길 21-3 / 영업시간 10:00 ~ 19:00 런던베이글뮤지엄 웨이팅을 걸어두고 카페에... ",더많은 세상을 보여줄게,20250605
https://blog.naver.com/komio12345/224209996686,카페 도산공원 샌드위치 브런치 맛집 <b>낫배드커피 도산</b>점,<b>낫배드커피 도산</b>점 압구정로데오 카페 브런치 맛집 압구정로데오 근처에 브런치 하기 좋은 샌드위치... 반려동물 동반도 가능한 매장이에요:) 낫배드 커피 &amp; 샌드위치 도산점 여러분의 하루를 충분히 &quot;괜찮게... ,쏘쏘의 빵빵로그,20260309
https://blog.naver.com/hyuna_108/224253312160,압구정로데오 카페 <b>낫배드커피 도산</b>,"힙한 인테리어에 맛까지 챙긴 샌드위치 거기에 도산대로 특유의 감성 있는 골목 분위기까지 더해져서 방문 만족도가 높다. 커피 한 잔에 제대로 된 샌드위치를 곁들이고 싶다면, <b>낫배드커피 도산</b>을 강력... ","EAT, PLAY, LOVE",20260415
https://blog.naver.com/kkikkikim/223781078872,"압구정로데오역 카페,  <b>낫배드 커피 도산</b>","도산 카페, 낫베드커피 도산 카페 <b>낫배드 커피 도산</b> 운영시간 10:00 - 19:00 (18:30) 1층 야외석 - 날씨... 듬 낫 배드 ~ not bad 심지어 스크래치 쿠폰까지! 이런거 이런거 재밌짜나 ! 이거이거 긁고싶어서 디저트 사고... ",YOLO ANNAWORLD,20250302
https://blog.naver.com/jjoyfriend/223983795247,[압구정 맛집] 압구정로데오 카페 <b>낫배드커피 도산</b>,메뉴 <b>낫배드커피 도산</b>의 메뉴판이에요 압구정 도산공원에 있는 대형 카페라 가격대가 좀 있을 줄 알았는데 반전!! 스타벅스보다 더 저렴하더라구요!! 커피와 논커피 모두 다양하게 있어서 뭐 고를지 100번... ,죠이로그,20250826
https://blog.naver.com/zzuzzubaya/223899882325,압구정역 카페 다양한 빵들의 향연 <b>낫배드커피 도산</b>,"실내로 들어가자마자 압구정역 카페 낫배드커피에서 진행하는 로컬 베이커리 페스티벌 안내 배너가... 이곳 <b>낫배드 커피 도산</b>점과 한남점, 이렇게 두 군데에서 진행하고 있는 행사입니다. 좋은 취지의... ",행복한라이프,20250615
https://blog.naver.com/akqjqtk232/223734957562,압구정로데오역 카페 도산 카페 <b>낫배드 커피 도산</b>,카페 <b>낫배드 커피 도산</b>에 다녀왔습니다. copyright ⓒ 2025 by 하라쇼 압구정로데오역 카페 낫배드 커피... 저희는 도산카페 낫배드 커피의 시그니처 메뉴들을 주문했는데요 합리적인 가격의 드립커피 낫배드... ,하라쇼의 Daily,20250122
https://blog.naver.com/yami_ne/223787295885,[압구정 카페] 도산공원 근처 조용한 카페 추천 <b>낫배드커피 도산</b>,"낫배드커피가 있길래 처음 가 봤는데, 의외로 너무 만족스러웠던:) #<b>낫배드커피도산</b> 서울 강남구... 화장실도 깔끔하구 내부에 있고 이거는 도산주민 혜택이라는데 너무 좋아보임 아니 월 19,900원에 매일... ",Yami_ne,20250307
https://blog.naver.com/downy827/224175110773,압구정로데오 카페 <b>낫배드커피 도산</b> 가성비 좋은 샌드위치... ,"안녕하세요 압구정로데오 카페 <b>낫배드커피 도산</b> 솔직후기입니다 1. 위치 도산공원, 압구정로데오역 근처에 위치해있어서 근처 쇼핑하거나 데이트할 때 꼭 들르는 곳이에요! 2. 운영 정보 낫배드커피... ",DownTown,20260207
https://blog.naver.com/thormommy/223944731582,도산공원 카페 / <b>낫배드 커피 도산</b>,있는 <b>낫배드커피 도산</b>점이예요 낫배드커피는 한남과 도산에 각 지점이 있는데 한남점은 루프탑이 있구요 도산점의 대형 테라스는 한번 와보시면 정말 매력적이라고 느끼실것 같아요 너무 덥지 않은 날 여럿이... ,메르씨에르,20250723
https://blog.naver.com/littletojudy/224273624450,압구정 맛집 추천 | <b>낫배드커피 도산</b>에서 샌드위치 브런치 후기,압구정 맛집 추천으로 요즘 핫하게 떠오르고 있는 곳 소개할게요  바로 <b>낫배드커피</b> &amp; 샌드위치 <b>도산</b>이에요! <b>낫배드커피</b> &amp; 샌드위치 <b>도산</b>은 여러분의 하루를 충분히 “괜찮게 (NOT BAD)” 만들고 싶어 탄생한... ,review my life ;【 青春 】,20260503
https://blog.naver.com/min-mingshow/224242292225,압구정 카페 추천 <b>낫배드커피 도산</b>! 동네 주민이 추천하는... ,"<b>낫배드커피 도산</b>  서울 강남구 언주로164길 21-3 매일 9:00AM - 6:30PM 단체 이용 가능, 남/녀 화장실 구분, 무선 인터넷, 포장 T. 0507-1375-2222 한남동 산책하다가 본 낫배드커피가 우리 동네에도 생겼다! 애견 동반... ",Ming Show,20260406
https://blog.naver.com/twoyazi/224181837179,[커플블로그] 강남 두바이 디저트 맛집 <b>너티프레소</b>,오늘은 <b>너티프레소</b>에 대해 포스팅 해보겠습니다 영업시간 월 ~ 토요일 08:00 ~ 22:00 라스트 오더 21:00 매주... 보이시나요 <b>너티프레소</b>에서 구매한 두바이 시리즈 디저트중에 제일 카다이프 양이 많았어요 그래서... ,연지와 재환이의 일상 블로그,20260212
https://blog.naver.com/eanoes/224186875388,에스프레소크림 프렌치바닐라 라떼 올드페리도넛 <b>너티프레소</b>... ,에스프레소크림 프렌치바닐라라떼 시키러 갑니다 그러다가 우연히 <b>너티프레소</b> 앞에서 광고중인 두바이 시리즈를 보고 홀려 두바이 휘낭시에를 삽니다 띵동 올드페리 도넛 도착 너무 통통한게너무예뻐 난... ,"Eat to Live, Live to Eat",20260218
https://blog.naver.com/yunningverse/224231720157,역삼역 버터떡 내돈내산 비교_블리스라운드 vs <b>너티프레소</b>,먹는 후기는 이따 마지막에 한 번에 고고링할게요 다음은 <b>너티프레소</b>! 여기는 지나만 많이 다니고 처음... 그리고 <b>너티프레소</b>! 는 생긴게 사실 약간 에그타르트 같기도 해요 좀 얇도 동그란데 원래 버터떡이... ,유니의 유니버스 이야기,20260327
https://blog.naver.com/fromjjong/224148031339,[서울/역삼] 분위기 좋은 카페 <b>너티프레소</b> 직장인 점심시간... ,<b>너티프레소</b> 서울특별시 강남구 테헤란로14길 13 1층 - 내부는 바테이블 스타일 - 약 5명 정도 앉을 수 있어보임 - 테이크아웃 전문 역삼역 3번 출구로 나오시면 빠르게 오실 수 있어요 보통 <b>너티프레소</b>는... ,무야호,20260115
https://blog.naver.com/minimani0924/224056380332,날 어울리는 수제 디저트 맛집 <b>너티프레소</b> 내돈내산 방문 후기,"<b>너티프레소</b> ⏰영업시간 월~금 8:00~22:00 / 토 9:00~16:00 일 정기휴무 ⌛라스트오더 월~금 21:30 / 토일 15:30 주차 불가 ⭐치아바타, 티라미수 추천! 역삼 직장인 점심시간에 방문하기 좋은 <b>너티프레소</b> 회사 근처에... ",미니바오의 소소한 일상,20251028
https://blog.naver.com/ohayoungwoo/224186883794,강남역 휘낭시에 선물 셋트 | 두바이 휘낭시에 맛집 <b>너티프레소</b>,igsh=ZWRubjQ1djAxdnpv <b>너티프레소</b> Nutty Presso 유럽감성 카페로 유명한 르꼬르동 블루 출신 파티시에가 만드는 수제 에스프레소 베이커리 카페에요 모든 메뉴는 시럽무터 케이크 빵까지 핸드메이드로 만들고... ,까마귀의 일상 리뷰,20260218
https://blog.naver.com/chloekeem_/223978836919,역삼 카페 추천 ㅣ 요즘 핫하디 핫한 &quot;<b>너티프레소</b>&quot;,퍼플언니에요오오 오늘은 요즘 역삼에서 아주 핫한 카페인 &quot;<b>너티프레소</b>&quot;를 소개할게요! 역삼역 3번 출구에서 쵸큼만 내려오면 있는 아주 좋은 위치인 <b>너티프레소</b> 근처에 회사가 많아서인지 점심에도 아주... ,"운동없인 못사는, 퍼플언니의 일상",20250821
https://blog.naver.com/aiaaao/224203032771,강남역 카페 <b>너티프레소</b> 두바이휘낭시에 내돈내산,안녕하세요 강남역 근처 갔다가 사람들이 많길래 사먹어 본 <b>너티프레소</b> ! <b>너티프레소</b> 서울 강남구 테헤란로14길 13 1층 102호 | 영업시간 | 평일 8:00-22:00 21:00라스트오더 토요일 9:00-16:00 일요일 정기휴무... ,-**•,20260303
https://blog.naver.com/yeong4522/224081509955,가성비 디저트 맛집 카페 추천 :: <b>너티프레소</b> ( 두바이 휘낭시에 ),친절한 <b>너티프레소</b> @역삼역카페 @강남역카페 서울 강남구 테헤란로 14길 13 1층 102호 ⏰ 주중 08:00 - 22:00... ( 너티ㅣ브라우니ㅣ피스타치오ㅣ와인무화과ㅣ자허토르테 ) 아이스아메리카노와 두바이 카다이프... ,용이네 맛집&재테크,20251119
https://blog.naver.com/qqnsl09/224158245683,또 먹은 내돈내산 역삼 <b>너티프레소</b> 두바이 카다이프... ,오늘은 <b>너티프레소</b>에서 두바이카다이프 딸기케이크를 먹어봤어요 이름만 들어도 겁나 맛있겟죠!!&gt;_&lt; <b>너티프레소</b> 시간 월-금 8:00-22:00 라스트오더 21:00 토9:00-16:00 일 정기휴무(매주일요일) ☎️번호 0507-1373-9579... ,쀼티로그,20260124
https://blog.naver.com/sooksong_/224064927331,점심·퇴근 후 들르기 좋은 피스타치오 크림 맛집 <b>너티프레소</b>,역삼역에서 친구랑 밥 먹고 놀다가 색다른 카페를 가고 싶어서 여기저기 둘러보다 강남 쪽으로 가는 골목길 쪽에 너피프레소를 발견했는데요 심지어 주변 카페들이 저녁 일찍 닫는데 <b>너티프레소</b>는 밤... ,숙의일상,20251105
https://blog.naver.com/ydp_urban/224151002495,한남동 두바이 &quot;패션5&quot;와 강남 두바이맛집 &quot;<b>너티프레소</b>&quot; 두바이... ,강남 두바이맛집 <b>너티프레소</b> 이날 뭔가 아쉬운게 두바이치아바타 속재료가 좀 적어서 빵이랑 잘... 꼭 일찍 가야한다는 것 ㅜㅜ #두바이맛집 #한남동두바이 #용산두바이 #패션5 #강남두바이 #<b>너티프레소</b>... ,YDP 어반주짓수,20260118
https://blog.naver.com/dbgml807/224182266998,[<b>너티프레소</b>] 강남 역삼역 두바이 카다이프 티라미수 케이크... ,발견한 <b>너티프레소</b> 알고보니 두바이에 진심인 카페 두바이 디저트가 많더라구요 !!! 야호~  일요일 OFF 8:00 - 22:00 서울 강남구 테헤란로14길 13 1층 102호 <b>너티프레소</b>에서 유명한 디저트 두바이 카다이프 치아바타... ,ღ 먹고 놀고 일하고 ღ,20260213
https://blog.naver.com/eanoes/224246770804,<b>너티프레소</b> 역삼 카페 휘낭시에 밀크티 리뷰,<b>너티프레소</b> 역삼 카페 휘낭시에 밀크티 리뷰 포장으로 이용 했어용 메뉴가 시즌별로 조금씩 바뀌는듯 휘낭시에 종류별로 좋아하는 플레이버만 쏙쏙 쏠티드카라멜 사탕수수 시나몬쇼콜라 그리고... ,"Eat to Live, Live to Eat",20260409
https://blog.naver.com/uaaqunaa/224013260237,"강남 역삼 신상 카페 <b>너티프레소</b>, 직장인 혼카하기 좋은 핫한 카페","강남 역삼 신상 카페 <b>너티프레소</b>, 직장인 혼카하기 좋은 핫한 카페 역삼동엔 은근 숨은 맛집과 카페가 많은데요, 요즘 핫하게 떠오르는 새로 생긴 강남 역삼 신상 카페 <b>너티프레소</b> ! 사진만 봐도 얼마나 인기... ",인플로그,20250918
https://blog.naver.com/untitledsign/224095530208,카페 분위기를 책임지는 간판디자인 : <b>너티프레소</b> 카페간판... ,"오늘은 강남구 테헤란로에 위치한 <b>너티프레소</b> 카페간판을 시공을했어요:) <b>너티프레소</b>는 오픈이후 정말 강남의 핫플이 되었어요, 분위기를 너무 잘 잡아두셔서 인테리어와 간판이 찰떡궁합이였어요!... ",간판업체 언타이틀사인,20251202
https://blog.naver.com/hedge4297/224237646695,[강남구/역삼역] <b>너티프레소</b> | 라떼 맛집으로 소문이 자자한... ,<b>너티프레소</b> 소문 듣고 한번 가봐야지 했는데 드디어 다녀왔다   공간 &amp; 분위기 카페 앞에 야외 테이블도 있어서 날 좋을 때 밖에서 마시기에도 딱이다  주문은 카페 앞에 설치된 토스 키오스크로 할 수 있었다.... ,"하고 싶은게 많아, 쟁로그",20260402
https://blog.naver.com/ambassador6275/224031659342,"화성 동탄 카페 넋 nuck, <b>너티프레소</b>의 진수","<b>너티프레소</b>의 매력 여기서 꼭 주문해보아야 할 커피는 <b>너티프레소</b>입니다. 한 모금을 마시는 순간, 깊고 풍부한 맛이 입 안 가득 퍼지는 기분은 정말 환상적이었어요. 원두의 맛을 최대한 살린 핸드드립으로... ",ambassador6275님의 블로그,20251004
https://blog.naver.com/soljikim411/224237769819,강남역카페 NuttyPresso <b>너티프레소</b>,NuttyPresso #<b>너티프레소</b> #후기 오렌지 조각이 들어간 아인슈페너 #오랑쥬아인슈페너 마셔봤는데 적당한 단맛과 부드러운 우유 크림 그리고 산미감 과하지 않은 딱 적당한 농도의 농밀한 에스프레소가 잘... ,도레미파쏠,20260402
https://blog.naver.com/chloekeem_/223952926895,[F45 역삼] F45 WAVE 제1회 THROW DOWN 개최!!ㅣ<b>너티프레소</b>... ,"카페명은 <b>너티프레소</b> Handcrafted Bread &amp; Coffee 빵·시럽·크림, 매일 손수 만드는 카페이구요... 운동하는여자 #운동하는직장인 #F45후기 #<b>너티프레소</b> #nuttypresso #역삼역카페 #역삼카페 #역삼카페추천","운동없인 못사는, 퍼플언니의 일상",20250730
https://blog.naver.com/e_jung1107/223733356190,[강남역 파스타 <b>노리타</b>] 이보다 무난하게 가기 좋은 파스타집이... ,중 <b>노리타</b> 강남점에 가보고 싶다고 하더라구여 20대때 이 친구랑 강남역 프리모바치오에 잘 가곤... 강남역 파스타 맛집 <b>노리타</b> 영업시간 매일 11:00 - 22:30 라스트오더 : 21:30 휴무는 네이버 플레이스에 따로 공지... ,WHERE IS WHALE,20250121
https://blog.naver.com/fresh102/223769965874,일산 파스타 맛집 백석역 <b>노리타</b> 추억의 빠네,"일산 파스타 맛집 <b>노리타</b>에 다녀온 날! 샐러드와 피자까지 먹었는데 가격대가 높지 않아 가성비가 좋고 주차도 되면서 근처 코스트코, 호수공원이 있어서 주말 외식코스로 좋은 곳이었다. <b>노리타</b> 경기도... ",En Christos,20250222
https://blog.naver.com/brightding/224042076861,강남역 빠네 파스타 원조 맛집 <b>노리타</b> (구 프리모바치오바치),강남역 빠네 파스타 원조 맛집 <b>노리타</b> 입니다. 제가 프리모바치오바치를 진짜 엄청 많이 갔었거든요.... 강남역 <b>노리타</b>로 이름이 바뀌었나 봐 라고 하는 거예요?!?!?!!? 대박 그래서 저희 성수역까지 가다가... ,"맛집, 일상 기록",20251015
https://blog.naver.com/syous0/224248783457,"잘 팔려서 살아남은 생로랑 가방, <b>노리타</b> 미니백","생로랑 <b>노리타</b> 미니 YSL NOLITA Mini 안토니 바카렐로가 2019년에 선보였던 미니백 라인업으로 출시된 가방 중에 하나입니다. 당시에 10여 개의 미니백이 함께 데뷔했었는데요, 생로랑 <b>노리타</b> 미니는 그때... ",빈티지 네이션,20260501
https://blog.naver.com/jamsso_couple/223814051701,일산 파스타 맛집 가성비 이탈리안 레스토랑 <b>노리타</b>,<b>노리타</b> 일산점 ⓒ글/사진 잼쏘부부 강남역 맛집 <b>노리타</b>가 일산에 오픈?! 다양한 종류의 이탈리안 요리들을 가성비 있게 즐길 수 있는 백석동 레스토랑을 소개해 드립니다. 데이트하기 좋은 분위기에 식전 빵... ,잼쏘네,20250329
https://blog.naver.com/koala1005/223832948295,일산 파스타 맛집 <b>노리타</b>,일산 데이트 맛집 일산 파스타 맛집 <b>노리타</b> 안녕하세요. 에디터꼬요입니다:) 20년 이상된 강남 파스타 맛집 <b>노리타</b>가 일산 백석동에 오픈했어요! 강남 <b>노리타</b>가 일산에 오다니 안 갈 수가 없잖아요? 그래서... ,꼬요의 신혼 일기:D,20250414
https://blog.naver.com/we_wewe/224263915977,[서울/강남] <b>노리타</b>_추억의 파스타 맛집,"<b>노리타</b> 아시는 분!!!! 거의 20년 전(....) 사회 초년생 시기, 인기가 아주 많았던 파스타집이에요!... <b>노리타</b> = 빠네 오랜만에 생각나서 검색했더니 있길래 가보기로- 추억의 파스타 맛집 <b>노리타</b>(NOLITA) <b>노리타</b>... ",내가 좋아서,20260425
https://blog.naver.com/webomnal/223847209805,일산 백석동 파스타 맛집 호수공원 근처 <b>노리타</b>,일산 백석동 파스타 맛집 호수공원 근처 <b>노리타</b> 안녕하세요. 오늘 점심으로 다녀온 백석동 파스타... 건물은 주상복합 건물 1층에 자리하고 있는 백석동 파스타 맛집 이름은 <b>노리타</b>라는 곳인데요. 20년 이상의... ,webomnal님의블로그,20250426
https://blog.naver.com/firstchubasa/223831756574,애매하게 고급진. 이탈리안 맛집  <b>노리타</b> with 영신파,"용인 사는 비튬이와 우리들의 중간치인 강남에 있는 <b>노리타</b> NOLITA 이탈리안 레스토랑 강남역 거리에... 16,000원 <b>노리타</b> 저 애벌레같은 파스타 모양에 조금 식겁했지만 크림맛 가득한 (덜쫀득) 뇨끼! 평범하게... ",Zombie君's 妄想海,20250413
https://blog.naver.com/willwait/223814400168,강남 <b>노리타</b> 일산점 검증된 파스타맛집 일산상륙,오늘은 십여년 이상 강남에서 파스타맛집으로 유명세를 쌓아온 <b>노리타</b>가 일산에 상륙했다는 소문을 듣고 다녀왔어요. <b>노리타</b> 일산점 일산 파스타 맛집 경기 고양시 일산동구 호수로 340-11 101호 3호선 백석역... ,DaY TriPpeR,20250329
https://blog.naver.com/jiny_home/223600239304,"시크릿 세일 50%! 생로랑 크로스백 <b>노리타</b>, LE37 칼립소 등 직구","생로랑 크로스백 <b>노리타</b>, LE37 칼립소 등 인기 패션템 반짝 세일중이니 집중해서 봐주세요 :D... 모노크램 <b>노리타</b> 크레마 소프트 버전입니다. 컴팩트한 크기로 나와 평소 가볍게 들기 좋으며... ",SALON DE J.,20240929
https://blog.naver.com/belly0/224213497233,강남맛집 추억의 파스타 프리모바치오바치 <b>노리타</b> 로 이전 후... ,"현재는 '<b>노리타</b>'라는 이름으로 영업중인 곳 추억이 가득한 곳에 방문한 후기입니다 information [ <b>노리타</b> NOLITA ] 강남구 강남대로 428, 3층 2-301호 매일 11: 00 - 21:30 브레이크타임 없음 MENU 빠네 17,000원 라구 알라... ","맛집 탐방 ,뷰티를 곁들인",20260312
https://blog.naver.com/125alwn/223756808600,강남 파스타 맛집 : 강남역 가성비 좋은 양식 <b>노리타</b> 후기!,"매장명은 &quot; <b>노리타</b> &quot;이고 강남역 바로 근처에 위치한데다가 먹자골목 중심에 있기 때문에 접근성이 아주 퍼펙트한 곳이었어요!! 강남 파스타 맛집 : <b>노리타</b> 위치 * 서울시 강남구 강남대로 428, 3층 * 연락처 : 0507... ",Alice's blog,20250212
https://blog.naver.com/fortyblue4/223812373914,"일산 백석동맛집, 이탈리안레스토랑 - <b>노리타</b>",예상보다 일정이 하루 일찍 끝나게 되서 급히 요청을 했음에도 흔쾌히 예약변경을 해주셔서 불발되지 않고 백석동맛집으로 알려진 [이탈리안 레스토랑 <b>노리타</b>]에서 점심을 먹었습니다 <b>노리타</b>는... ,행복을 찍는 사람 ~ 먼산바라기의 사진여행,20250328
https://blog.naver.com/min_kim615/223846896673,[용인 기흥 맛집] <b>노리타</b>: 알만한 사람들 다 아는 용인 화덕피자... ,"<b>노리타</b> 운동 Offday 수요일! 매주 울 집에 오는 친구랑 오래간만에 밖에서 점심 먹고 카페 가기로 한 김에 다이어트 40일 만에 치팅데이로 <b>노리타</b>에 다녀왔다. 출산 전, 최후의 만찬으로 먹을 정도로 좋아했는데..... ",햄식의 기록,20250426
https://blog.naver.com/lamelancolie/224145066246,강남역 가성비 파스타 맛집 <b>노리타</b> 빠네 스테이크 피자,강남역 가성비 파스타 맛집 <b>노리타</b> 직장인이 되니 학생 때보다는 지출에 자유로워졌는데 대학생 때는... 이름을 <b>노리타</b>로 바꾸고 이전과 다른 위치에서 운영을 하고 있었습니다 파스타 뿐만 아니라 피자... ,우주먼지 유랑단,20260113
https://blog.naver.com/rmfldna1a/223741654254,일산 코스트코 맛집 가성비 최고의 <b>노리타</b>,"최고 <b>노리타</b> (NOLITA) 위치 : 경기도 고양시 일산동구 호수로 340-11, 101호 영업시간 : 11:00-22:30 주차가능 안녕하세요. 오늘 소개 해 드릴 맛집은 백석역에 새로 오픈한 피자,파스타 맛집 <b>노리타</b> 입니다. <b>노리타</b>는... ",메리떼 일상노리,20250129
https://blog.naver.com/linalove23/223813127069,강남역 맛집 [<b>노리타</b>] 강남점 강남역파스타 강남역피자,"강남역 근처에 있는 <b>노리타</b> 강남점 이랍니다! 기존의 강남역 프리모바치오바치가 폐업한 후 같은... [클립 미리보기♡] 월-일, 11:00~22:30 강남역 맛집 <b>노리타</b> 강남점 외관모습 <b>노리타</b> 강남점 외관 모습이에요.... ",Lemon tree's blog,20250328
https://blog.naver.com/ymom0_0/224255270078,강남 신논현 룸 있는 파스타 맛집 <b>노리타</b> 내돈내산 후기,위치한 <b>노리타</b>. 맛있는 음식부터 분리된 룸 테이블 후기까지 시작할게요  출처 : 네이버 플레이스... 환상 조합이었어요  처음 가봤지만 아기자기하고 가격도 괜찮아서 마음에 더 들었던 강남 <b>노리타</b>.... ,율무랜드,20260417
https://blog.naver.com/euphrates/223562622077,용인 기흥) <b>노리타</b> :: 내가 좋아하는 파스타집,경기도 어린이 박물관 근처 길가에 <b>노리타</b>라는 파스타집이 있는데 처음엔 예전의 그 <b>노리타</b>인가 싶었지만 이름만 같고 그냥 개인 사업장인 것 같았다. 이 동네 맛집이라고 몇 번 들었는데 외관이랑 메뉴만... ,Untitled,20240827
https://blog.naver.com/chuu_alcohol/224275613675,필수 순대국 맛집 | <b>농민백암순대 역삼직영점</b> 수육정식 후기,✔️ 이상 츄알콜 한 끼 기록 끝 ️ #강남맛집 #역삼맛집 #강남순대국 #역삼순대국 #강남순대국밥 #농민백암순대 #농민백암순대강남 #<b>농민백암순대역삼직영점</b> #강남국밥맛집 #강남웨이팅맛집 #강남점심맛집... ,츄알콜 기록실,20260505
https://blog.naver.com/lkw9524/223955168980,강남/<b>역삼</b> 직장인 점심추천:: <b>농민백암순대</b> 강남<b>직영점</b>,"<b>농민백암순대</b> 강남<b>직영점</b>을 오픈런으로 방문했다 벗,,,, <b>순대</b>국1티어집을 쉽게 먹을 순 없지.... 그시간에도 웨이팅을함! ㅋㅋㅋ 강남<b>역삼</b> 맛집 직딩들에게 최고맛집 #<b>농민백암순대</b> 앞에 사람... ",L'espace brille _ 공간이 빛나는 곳,20250801
https://blog.naver.com/lhgrace96/224082866240,[국내] 강남 <b>역삼</b> <b>농민백암순대</b> 강남<b>직영점</b>,"집— <b>농민백암순대</b> 강남<b>직영점</b>을 다녀왔어요. 퇴근 시간, 강남과 <b>역삼</b> 사이, 테헤란로 주변을 지나다 보면 숨이 막힐 만큼 바쁜 분위기 속에서도 “진짜 든든한 한 끼”가 생각날 때가 있잖아요. 그럴 때 이... ",네릐의 신혼라이프,20251218
https://blog.naver.com/camp_playground/223697765867,웨이팅 기본 강남역 맛집 <b>농민백암순대 역삼</b>,웨이팅 기본 1시간 강남역 맛집 <b>농민백암순대 역삼</b> 새해 복 많이 받으세요~ 감기에 갤갤 되고 살았던 일주일 다 나을만하니 후왕에게 전화가 온다 <b>농민백암순대</b> 안땡기냐며.. 또 <b>역삼</b>으로 유혹을 하는... 아직... ,후왕맹꽁 캠핑놀이터♬,20250101
https://blog.naver.com/deulb/223724786776,[<b>역삼</b>] <b>농민백암순대</b> 강남<b>직영점</b>,"<b>농민백암순대</b> 강남<b>직영점</b> 서울 강남구 <b>역삼</b>로3길 20-4 [영업시간] 월, 화, 목, 금 11:00-21:00 수 11:00 - 15:30 토 11:00 - 15:00 일요일/공휴일 휴무 학원 6개월 다니는 동안 한 번은 꼭 가봐야지 했던... ",Day 1,20250113
https://blog.naver.com/bsb7411/224144046159,시청역 맛집 : <b>농민백암순대</b> 시청<b>직영점</b>,"외관 시청역 맛집 : <b>농민백암순대</b> 시청<b>직영점</b> 11시 오픈이고, 저희가 10시 55분쯤 도착했는데 이미 대기 중인 사람들. 2. 메뉴 그리고 약속의 11시. 손님들이 줄지어 들어갑니다. 저희도 다행히 첫 개시에 착석할... ",Blaack Log,20260115
https://blog.naver.com/wolf_foodgrapher/224196915005,<b>농민백암순대</b> 시청<b>직영점</b>.,<b>농민백암순대</b> 시청<b>직영점</b> 기본 정보 주소 : 서울 중구 남대문로1길 33 영업시간 : 11:00-21:00 (20:30 라스트 오더) 전화 : 02-755-5232 요약 잡내 없이 깔끔하고 칼칼한 국물+먹기 좋은 크기로 썰어낸 푸짐한 양의 고기... ,푸드그래퍼 울프 케이_음식 영상과 사진을 촬영합니다,20260226
https://blog.naver.com/woandos/223972114910,시청역 <b>순대</b>국 맛집 <b>농민백암순대</b> 시청<b>직영점</b> 포장후기까지,비도 오고 생각나서 다녀온 다들 여기가 제일 맛있다고 하는 시청역 <b>순대</b>국 맛집 <b>농민백암순대</b> 시청<b>직영점</b>을 처음으로 다녀왔어요 항상 웨이팅해야하는 곳인데 와 오늘은 텅텅!! ㅎㅎ 비가 많이 와서 그런가... ,쓰리맘마,20250816
https://blog.naver.com/ciel82321/224266844574,서울<b>순대</b>국맛집 <b>농민백암순대</b> 시청<b>직영점</b>,#<b>농민백암순대</b> #시청<b>농민백암순대</b>국 #<b>농민백암순대</b>시청<b>직영점</b> #<b>농민백암순대</b>시청 #서울시청맛집 #시청맛집 #서울시청<b>순대</b>국 #시청<b>순대</b>국 #시청<b>농민백암순대</b> #서울맛집 #서울<b>순대</b>국맛집,지구별여행자,20260427
https://blog.naver.com/blissmuse/224159265528,"<b>농민백암순대</b> 시청<b>직영점</b>, 웨이팅 감수할 맛일까?","평소 같으면 대기 줄을 보고 포기했겠지만, 시간 여유가 생긴 덕분에 평소 꼭 가보고 싶었던 서울 대표 <b>순대</b>국 맛집이라는 <b>농민백암순대</b> 시청<b>직영점</b>으로 달려가기로 결심했다. 날씨도 추운데 국밥이 최고... ",MY CYNICAL ROMANCE,20260125
https://blog.naver.com/skkiop95/224271599792,"[시청역 맛집] 믿고 먹는 <b>순대</b>국 맛집, <b>농민백암순대</b> 시청<b>직영점</b>","<b>농민백암순대</b> 시청<b>직영점</b>에 다녀온 후기를 공유합니다. <b>농민백암순대</b> 시청<b>직영점</b> - 주소 : 서울 중구 남대문로1길 33 - 연락처 : 02-755-5232 - 영업시간 : 월~금 11:00~21:00(라스트오더 20:30), 토 11:00~15:30(라스트오더 15... ",초보 국내여행안내사,20260501
https://blog.naver.com/bangmint/223792373774,시청역 맛집 <b>농민백암순대</b> 시청<b>직영점</b> 웨이팅 정식 시간,맛집 <b>농민백암순대</b> 시청<b>직영점</b>을 방문해 보기로 했는데 선릉에 위치한 본점과 강남점은 이미 많이 가보기도 해서 웨이팅은 당연히 이곳도 대단할 것이라 직감했다 웨이팅 꿀팁은 딱히 없고 그나마 3시-4시... ,보이저1호의 지구맛집 탐사,20250315
https://blog.naver.com/sh960423/223790766614,[강남/<b>역삼</b>] <b>농민백암순대</b> 강남<b>직영점</b>,평소 가보고 싶던 <b>농민백암순대</b> 가봤습니다!! 영업시간 11:00 - 21:00 (라스트오더 20:30) 일요일 정기휴무 전화번호 02-501-2772 시킨 메뉴 : 고기 <b>순대</b> 섞어 국밥 만원 웨이팅 써주고 간판 찍어봅니다 ! ㅎㅎ 사람... ,Love see,20250310
https://blog.naver.com/hyu3323/224198512428,[시청역 맛집] ‘<b>농민백암순대</b> 시청<b>직영점</b>’ 웨이팅 후기,시청역 맛집 <b>순대</b>국밥 맛집 ‘<b>농민백암순대</b> 시청<b>직영점</b>’은 1/2호선 시청역 7번 출구에서 도보 4분 거리에 있다. 영업시간 : 매일 11:00-21:00 가게주소 : 서울 중구 남대문1길 33 전화번호 : 02-755-5232... ,소소한 일기 블로그,20260227
https://blog.naver.com/srkang1212/223516125972,나름 유명한 서울 시청역 맛집 &lt;<b>농민백암순대</b> 시청<b>직영점</b>&gt;,"항상 시청역 인근 직장인들로 붐비는 &lt;<b>농민백암순대</b> 시청<b>직영점</b>&gt;, 맛집으로 추천은 많이 받았었는데 드디어 가봤다. 웨이팅할 각오하고 평일 이른시간에 갔는데, 5시 20분 정도부터 웨이팅이 생겨서 역시... ",다 해보는 체리C,20240718
https://blog.naver.com/camp_playground/223741108853,<b>역삼</b> <b>농민백암순대</b> 저녁 타임 오픈런 수육 먹기 꿀팁,"예상 시간 계산해서 번호 적어두기 또한, 5시 30분 이전 입장하게 될 경우 먹다가 수육 추가 주문이 가능함 (정각 5시 30분 이전부터 주문받았음) #<b>농민백암순대</b> #<b>역삼</b><b>농민백암순대</b> #<b>농민백암순대</b>수육 #<b>순대</b>국맛집",후왕맹꽁 캠핑놀이터♬,20250208
https://blog.naver.com/kikiao12/224079741908,시청 <b>순대</b>국 웨이팅 ' <b>농민백암순대</b> 시청<b>직영점</b> ',쌀살해진 날씨탓에 따끈따끈한 국물 생각이 절로 나기에 오랜만에 시청 <b>순대</b>국 <b>농민백암순대</b>로 점심을 먹으러 방문해보았어요 ♬ 시청 <b>순대</b>국 <b>농민백암순대</b> 시청<b>직영점</b> 위치 <b>농민백암순대</b> 본점은 강남에... ,츠리의 트립 톡톡♪,20251118
https://blog.naver.com/bbomiss/223603779732,<b>순대</b>국이 생각난다면 <b>농민백암순대</b> 시청<b>직영점</b>,"북창동의 <b>농민백암순대</b>국집을 다녀왔습니다 시청<b>직영점</b>이라고 합니다 그러니 본점과 맛이 같지 않을까 하네요.. 암튼 너무 유명한 <b>순대</b>국집인지라 오픈런은 필수라 하더군요 물론, 오픈 런!! 했습니다... ",케이취의 Photo Tour “사진이 말을한다”,20241002
https://blog.naver.com/hyeryung_324/224233466470,서울 <b>순대</b>국 원탑 <b>농민백암순대</b> 시청<b>직영점</b> 금요일 점심 웨이팅... ,02-755-5232 <b>농민백암순대</b>는 선릉에 본점을 두고 서울 시내에 <b>직영점</b> 3군데를 운영하고 있다 (시청/여의도/<b>역삼</b>) 그 중 내가 이번에 방문한 곳은 시청<b>직영점</b>❗️✨ 오후1시가 넘은 시간인데도 웨이팅이 ㄷㄷ... ,퇴근 후 지구정복(✿◕‿◕✿),20260329
https://blog.naver.com/kyujini27/224273685201,시청역 <b>순대</b>국 <b>농민백암순대</b> 시청<b>직영점</b> 평일점심 웨이팅 필수,국물보다 내용물이 더 많은 느낌!!! 혼밥하러 가서 즐기고 싶은 집이라 더 더워지기 전에 재방문하려구요. 잘 먹었습니다. #<b>농민백암순대</b> #<b>농민백암순대</b>시청<b>직영점</b> #<b>농민백암순대</b>시청,추억 먹고 사는 기록중독 여행블로거,20260503
https://blog.naver.com/blog_supporter/224208857520,베이글이 쫄깃한 강남역 카페 추천 / <b>뉴욕러브베이글 강남본점</b>,"맛있는 <b>뉴욕러브베이글 강남본점</b> NEWYORK LOVE BAGEL 강남역 카페 추천 안녕하세요  오늘은 강남역 카페 추천드리는 뉴욕러브베이글에서 맛있는 명란치즈와 쪽파프레첼 베이글, 시원한 아메리카노를 먹고... ",슬기로운 여행 생활,20260308
https://blog.naver.com/bujatogo/224161963923,강남 빵집 신논현역 <b>뉴욕러브베이글 강남본점</b> 시그니처... ,메뉴 <b>뉴욕러브베이글 강남본점</b> 음료 메뉴판입니다. 시그니처 메뉴로는 뉴욕 오트 라떼와 뉴욕 너티 라떼가 있었어요. 저는 음료 주문은 없이 베이글만 포장해 왔습니다. 4. 강남 빵집 뉴욕러브베이글 베이커리... ,알짜배기 부동산 이야기,20260128
https://blog.naver.com/aqsd2002/224183157975,[먹부림][2026.02.01] <b>뉴욕러브베이글 강남본점</b> / 서울 강남구... ,매장명 <b>뉴욕러브베이글 강남본점</b> 위치 서울 강남구 봉은사로2길 31 W빌딩 1층 서울 강남구 역삼동 813-4... 잘 먹고 갑니다. #강남베이글 #서울베이글 #서울강남베이글 #강남역베이글 #뉴욕러브베이글,"축다, 혼자 거닐며 떠나는 여행 그리고 먹부림",20260213
https://blog.naver.com/mmyonii/223898008936,[<b>뉴욕 러브 베이글 강남본점</b>] 다양한 종류의 쫀득한 베이글 카페,천천히 리뷰해 볼게요 ^-^ <b>뉴욕 러브 베이글</b> (<b>강남본점</b>) 주소 : 서울 강남구 봉은사로2길 31 W빌딩 1층... 곳은 <b>뉴욕 러브 베이글 강남본점</b>입니다. 작년에 오픈한 따끈따끈 신상 카페에요. 어느덧 반년이 훌쩍... ,앵묜's Blog,20250613
https://blog.naver.com/himawari_tw/223610385711,신논현역 NEW 맛집! <b>뉴욕러브베이글 강남 본점</b> 대표메뉴와 가격,"베이글의 원조라고 하면 역시 뉴욕이죠. 뉴욕의 감성을 그대로 가져 온 <b>뉴욕러브베이글 강남 본점</b>이랍니다. 강남역 뉴욕제과에서 새롭게 선보이는 브랜드로, 독자적인 베이킹 비법을 통해 아침마다 갓 구운... ",홍다이어리,20241016
https://blog.naver.com/dmswldu718/223739757737,강남역 베이글 <b>뉴욕러브베이글 강남본점</b> 다양한 베이글 만났던 곳,게다가 뉴욕러브베이글만의 베이킹 비법으로 말랑말랑하고 쫀득한 식감까지 제대로 느껴볼 수 있다고 해서 무척 기대가 됐는데요! 강남역 빵집 더 만나러 가보실게요!!! <b>뉴욕러브베이글 강남본점</b> 내부... ,맛집 가려고 근로소득 버는 아로미❤️,20250127
https://blog.naver.com/smile_981/224270998274,<b>강남</b>역 <b>베이글</b> 맛집 &quot;<b>뉴욕러브베이글</b>&quot; 후기,강남역에서 베이글맛집으로 유명한 곳! [<b>뉴욕러브베이글 강남본점</b>] 후기 남깁니다 요새 체인점이 많이 생겨나던데 강남이 본점이더라고요! 특히 이번에 나온 신상이 진짜 맛있었어요  서울 강남구... ,먹자고 사는거지,20260430
https://blog.naver.com/papurinca/224073800741,<b>뉴욕러브베이글 강남 본점</b> 후기 메뉴 종류 보관법까지 완벽 정리!,요즘 베이글 맛집들이 정말 많지만 그중에서도 단연 손꼽히는 곳이 바로 <b>뉴욕러브베이글 강남 본점</b>인 거 같아요. 빵 중에서도 베이글을 워낙 좋아해서 여러 지점을 방문해 봤는데요. 강남 본점은 확실히... ,파푸린카의 맛있는 하루,20251112
https://blog.naver.com/mmminyeong/223849293533,"강남 베이글 맛집, 강남 빵집 : 내돈내산 <b>뉴욕러브베이글 강남본점</b>","강남 베이글 맛집, 강남 빵집 : <b>뉴욕러브베이글 강남본점</b> 강남에서 염색을 하고 간만에 근처 구경을... #강남베이글맛집 #강남카페추천 #강남베이글 #강남베이커리 #뉴욕러브베이글 #강남뉴욕베이글 #뉴욕베이글... ",Jessy♥,20250429
https://blog.naver.com/myname_null/224257127997,강남역 <b>뉴욕 러브 베이글 강남본점</b> 쫄깃한 베이글 쪽파 프레첼... ,노랑색위주로 <b>뉴욕</b>처럼 인테리어가 되어있는거 같아요. 여기저기에 <b>러브베이글</b>과 함께하신 분들의 폴라로이드 사진들이 많아요 <b>뉴욕러브베이글 강남</b>역점 중간중간에 포토존이 있더라구요! 너무... ,Less But Better,20260419
https://blog.naver.com/eatyandsleepy/224231889536,<b>강남</b> <b>뉴욕러브베이글</b> 가성비 <b>베이글</b> 맛집 내돈내산,작성해봅니당 <b>뉴욕러브베이글 강남본점</b> 방문일 : 평일 저녁 8시 주소 : 서울 강남구 봉은사로2길 31... 난 뉴욕에 있는 본점 리뷰모음이라는 줄 알고 봤더니 외국인이 작성한 한국 뉴욕러브베이글 리뷰였다ㅋㅋ... ,박포크의 놀고 먹는 곳,20260327
https://blog.naver.com/kitty0994/224269643171,"강남 신논현역 베이글 맛집, <b>뉴욕러브베이글 강남본점</b>",들어간 베이글 카페 <b>뉴욕 러브 베이글 강남본점</b> 처음들어보는 카페였는데 백화점이나 몰에 많이있는... 무단 복제 및 재배포 금지 #신논현역맛집 #강남카페 #베이글맛집 #뉴욕러브베이글 #강남베이글... ,Remi's log,20260429
https://blog.naver.com/u_kkikki/224271404140,<b>뉴욕러브베이글 강남본점</b> 카페 맛집 가볼 만한 곳,#뉴욕베이글 #뉴욕러브베이글 #강남빵집 #뉴욕러브베이글강남 #강남맛집 [네이버지도] <b>뉴욕러브베이글 강남본점</b> 서울 강남구 봉은사로2길 31 W빌딩 1층 https://naver.me/xuciqen6 카운터가 엄청 크게 되어있고... ,ISTJ_일상을 담다,20260501
https://blog.naver.com/kms5101041/224204275826,"<b>뉴욕러브베이글 강남본점</b> // 강남역 베이글 맛집, 빵집","사버린, 강남 신논현 베이글 맛집 <b>뉴욕러브베이글 강남본점</b> 데려왔습니다! 솔직후기 바로 가시죠... 11,900원 #뉴욕러브베이글 #강남역베이글 #러브베이글 #베이글맛집 #강남브런치 #강남역디저트... ",포워더 병아리,20260304
https://blog.naver.com/wowa___/224217189703,새로운 베이글 맛집 강남 상륙 “<b>뉴욕러브베이글 강남본점</b>”... ,바아로 신상 <b>베이글</b>집 후기 낋여볼게요  매장 가는길 외관 매장 이름이 <b>뉴욕러브베이글</b>인 것처럼 전체적인 매장 분위기 <b>뉴욕</b>스러움 ㅎㅎ 신논현역 6번 출구에서 5분 거리이고 <b>강남</b>역에서도 멀지 않아요... ,WoW님의 일상 기록 블로그,20260315
https://blog.naver.com/aqsd2002/223824793392,<b>강남본점</b> / 서울 <b>강남</b>구 역삼동 / 무화과 <b>베이글</b>과 아메리카노,일요일 아침의 깔끔한 시작이었습니다. #강남베이글 #강남역베이글 #강남역뉴욕베이글 #강남역뉴욕러브베이글 #뉴욕러브베이글 #<b>뉴욕러브베이글강남본점</b> #베이글강남본점,"축다, 혼자 거닐며 떠나는 여행 그리고 먹부림",20250407
https://blog.naver.com/mosa777/224215080679,강남역카페 <b>뉴욕러브베이글 강남본점</b> 뉴욕 베이글의 맛,"<b>뉴욕러브베이글 강남본점</b> <b>뉴욕러브베이글 강남본점</b> 강남역 부근에서 맛있는 카페를 찾고 있다면, <b>뉴욕러브베이글 강남본점</b>을 방문해보는 것도 좋은 선택이 될 것입니다. 이곳은 뉴욕 스타일의 베이글을... ",행복한 맛집 탐험,20260314
https://blog.naver.com/chao9_/224241406296,[강남 베이글 맛집] 내돈내산 <b>뉴욕러브베이글 강남본점</b>... ,베이글. 런던베이글뮤지엄급을 기대한다면 빠꾸 ㄱㄱ 그냥 가성비맛집인듯 <b>뉴욕러브베이글 강남본점</b>메... 강남단체맛집 #강남모임장소 #서초카페 #서초맛집 #서초빵집 #뉴욕러브베이글 #뉴욕러브베이글메뉴... ,( ・_・)ノΞ●~*,20260405
https://blog.naver.com/com05911/223948780426,강남 카페 디저트 맛집 <b>뉴욕러브베이글 강남본점</b> 메뉴 추천... ,오늘은 강남에서 요즘 핫한 베이글 카페 <b>뉴욕러브베이글 강남본점</b>을 소개하려고 합니다 여기서 맛본... 있어서 베이글이랑 어떻게 페어링할지 고민하는 재미도 있었답니다. 진짜 뉴욕러브베이글의 쇼케이스는... ,"Yum, Yum, Yummy",20250727
https://blog.naver.com/eel_95/223944987501,강남 :: <b>뉴욕러브베이글 강남본점</b> 후기  시식에 홀려 지갑 열었다..,#<b>뉴욕러브베이글</b> #<b>강남</b><b>베이글</b>맛집 #<b>강남</b>브런치 #<b>강남</b>샌드위치맛집 #<b>강남</b>카페추천 #<b>강남</b>빵집 #<b>베이글</b>맛집 #<b>뉴욕</b><b>베이글</b> #<b>강남</b>디저트 #신논현역맛집 #<b>강남</b>디저트카페 #<b>강남</b>브런치카페 #쫀득<b>베이글</b> #<b>베이글</b>홀릭... ,쩡's 일상이야기,20250725
https://blog.naver.com/dorami7/223670820542,가까운 맛있는 숯불돼지갈비 맛집 <b>다이닝갈비 역삼점</b>,찾으시는 분께 추천 오붓하게 식사하기도 좋음 재방문 의사 유! #다이닝갈비 #<b>다이닝갈비역삼점</b> #역삼동맛집 #역삼역맛집 #역삼동고깃집 #역삼역고깃집 #역삼동고기집 #역삼역고기집 #강남맛집 #갈비 #갈비맛집,DAILYLOG,20241123
https://blog.naver.com/kimsh3352/224083674572,[서울/역삼]<b>다이닝갈비 역삼점</b> 소주가100원,"내돈내산 <b>다이닝갈비 역삼점</b> 돼지갈비, 삼겹살 매장정보 ✔️장소: <b>다이닝갈비 역삼점</b> 위치: 서울 강남구 논현로87길 41 영업시간: 11:00~22:30(일요일 휴무) 브레이크타임: 14:00~16:00 주차: 불가 메뉴: 돼지갈비... ",솧뚜껑으 왓츠인마이배,20251121
https://blog.naver.com/ljoo_oojl/224154818986,[술 酒] <b>다이닝갈비 역삼점</b>,오늘 기록할 곳은 강남에 위치한 '<b>다이닝갈비</b>' <b>역삼점</b> 입니다! 클라이밍 끝내고 너무 배가 고파서 바로 달려간 곳! 매장은 약간 좁고 붙어있는 구조였어요 메뉴판 '생삼겹살' 3인분 '숯불돼지갈비' 2인분... ,'JOO 일지,20260121
https://blog.naver.com/jooogooo3/223932177186,강남역삼 고기집추천 돼지왕갈비가 맛있는 <b>다이닝갈비 역삼점</b>... ,강남역삼 고기집추천 돼지왕갈비가 맛있는 <b>다이닝갈비 역삼점</b> 내돈내산 안녕하세요~! 오늘 소개할... 0 강남역삼 고기집 추천 다이닝갈비 상차림 주문을 하고 나니 고기와 곁들이기 좋은 각종 쌈채소와 파채... ,너쉬의 하루ᰔ,20250724
https://blog.naver.com/asdffgg626/224217543965,<b>다이닝갈비 역삼점</b> | 역삼역 근처 숯불돼지갈비 맛집 소주가... ,"요즘 돼지갈비가 최애음식이라 주말마다 갈비먹으러 가다가 찾은곳이에요 <b>다이닝갈비 역삼점</b> ✔️ 영업 시간 16:00-22:00(월-토), 일요일 정기휴무 ✔️ 전화번호 0507-1479-5558 ✔️ 주차 유무 주차 불가능... ",수나일기,20260315
https://blog.naver.com/meoks_note/224015044622,[강남구/역삼역] <b>다이닝갈비 역삼점</b> - 돼지갈비를 다 익혀... ,"<b>다이닝갈비 역삼점</b> / 강남구 논현로87길 41 (역삼동 735-11) 전화번호 010-****-**** 영업시간 11:00-22:30 월-금... 돼지 왕갈비 250g 17,500원 2인분 다이닝갈비의 메인이죠!! 왕갈비 2인분 먼저 나왔습니다!! 거의 다... ",먹스노트의 맛집탐방,20250920
https://blog.naver.com/ss22-_-/223674299762,"[역삼갈비맛집] <b>다이닝 갈비 역삼점</b> , 초벌된 숯불 돼지갈비","갈비가 땡길때마다 가는 다이닝 갈비! 오늘도 저녁을 뭐먹을까 고민하다가 길거리에서 갈비향이... 판매하는듯 <b>다이닝갈비 역삼점</b> 메뉴판 우리는 돼지왕갈지 2인분 (35,000원) 비빔냉면 (5,000원) 공기밥 을... ",더 없는 행복 : BLISS,20241127
https://blog.naver.com/art1st_tay/224163295907,미도<b>갈비 역삼점</b> 강남 파인<b>다이닝</b> 한우오마카세 데이트 핫플,"04 강남 한우오마카세 파인<b>다이닝</b> 데이트 추천 다음에도 다시 찾고 싶은, 진정한 강남 파인<b>다이닝</b> 맛집 미도<b>갈비 역삼점</b> 방문 후기를 이렇게 정리해 봤습니다. 로맨틱한 데이트나 의미 있는 모임 계획 중... ","서울, 그곳이 알고 싶다",20260128
https://blog.naver.com/byeoli100/223487859805,<b>다이닝갈비 역삼점</b> (구 역삼갈비),"역삼다이닝갈비 서울 강남구 논현로87길 41 <b>다이닝갈비 역삼점</b> <b>다이닝갈비 역삼점</b> 영업시간 매일 11:00 - 22:30 토.일 17:00 오픈 포장, 예약 가능 회사 바로옆 항상 가고싶었던 다이닝갈비에 왔습니다~! 맛있다고... ",흰벼리이야기,20240626
https://blog.naver.com/lsh1000j/223671115258,역삼역 고기집 맛집 <b>다이닝갈비 역삼점</b>,찾는다면 <b>다이닝갈비 역삼점</b>에서 드셔보시는 건 어떨까요 #다이닝갈비 #<b>다이닝갈비역삼점</b> #역삼동맛집 #역삼역맛집 #역삼동고깃집 #역삼역고깃집 #역삼동고기집 #역삼역고기집 #강남맛집 #갈비 #갈비맛집갈비맛집,다인그룹 이안리의 성공스토리,20241125
https://blog.naver.com/enaeblog-/223718499932,<b>다이닝 갈비 역삼점</b>,이내에요~~~ 오늘은~ 역삼에 위치한 <b>다이닝 갈비</b> 라는 곳에 다녀왔는데요 바로 리뷰 시작할게요! 주차는 안 되고 주변에 공영주차장들이 꽤나 많아서 공영주차장에 주차하시고 오시는 것을 추천! 골목 길 쪽에... ,I 호소인의 외출일기,20250108
https://blog.naver.com/doru12/223670768851,"역삼역 맛집, 역삼역 고기집 <b>다이닝갈비 역삼점</b>","영업시간 월~금 11:00 - 22:30 토, 일 17:00 - 22:30 #다이닝갈비#<b>다이닝갈비 역삼점</b>#역삼동맛집#역삼역맛집#역삼동고깃집#역삼역고깃집#역삼동고기집#역삼역고기집#강남맛집#갈비#갈비맛집",또야네♥,20241123
https://blog.naver.com/ran_nie/223812014956,[역삼역 맛집] 초벌 해주는 돼지왕갈비 맛집 :: <b>다이닝갈비 역삼점</b>,#다이닝갈비 #역삼맛집 #역삼고깃집 #<b>다이닝갈비역삼점</b> #강남돼지갈비 #역삼돼지갈비 #강남맛집 #역삼데이트 #돼지갈비맛집 #왕갈비 #역삼점심추천 #역삼직장인맛집,"소중한 오프, 오늘은 뭐하지･ﾟ✧",20250327
https://blog.naver.com/ajyyyy1004/223714384480,[역삼역맛집] <b>다이닝갈비 역삼점</b>/ 초벌해서 주는집,<b>갈비</b> 초벌해서 주는집 <b>갈비</b>맛집 <b>다이닝갈비</b> 역삼역 근처 달달구리<b>갈비</b>양념 맛집을 발견했어요. 저희는 미리 예약을하고 방문해서 자리 세팅도 되어있었어요. 매장이 넓지는 않아서 예약후 방문을... ,햄볶는집 ෆ,20250104
https://blog.naver.com/ehdqkd444/223985219305,[맛따라 별따라] <b>다이닝갈비 역삼점</b>- 역삼 또또또또간 맛집,바로 <b>다이닝갈비 역삼점</b>!  주소 : 서울 강남구 논현로 87길 41 2호선 역삼역 3번 출구에서 258m 여기는... 돼지갈비  고기 상태가 너무 좋아서 순식간에 고기가 사라졌어요 결국 아쉬움 못 참고 갈비 1인분 추가... ,맛따라별따라,20250827
https://blog.naver.com/blog_supporter/224157244859,역삼역 점심 맛집 직장인들 자주 찾는 한우<b>다이닝</b> 창고43 <b>역삼점</b>,"왕<b>갈비</b>탕, 한우해장국 점심 메뉴 역삼역 점심 맛집 안녕하세요  오늘은 역삼역 점심 맛집으로 추천드리는 한우<b>다이닝</b> 창고43 <b>역삼점</b>에서 무쇠철판 양념등심을 먹고 온 후기를 공유해드리려고 해요... ",슬기로운 여행 생활,20260123
https://blog.naver.com/food_pr/224121219958,가격·공간·서비스 비즈니스 <b>다이닝</b> 명소_ &lt;강강술래&gt; <b>역삼점</b>,강남 직장인 맞춤식 가격·공간·서비스 비즈니스 <b>다이닝</b> 명소 강강술래 <b>역삼점</b> 1989년부터 영업을 시작해 대한민국 대표 <b>갈비</b> 브랜드로 자리 잡은 &lt;강강술래&gt;. 36년간 변함없는 상품력과 접객 서비스로 연... ,월간 외식경영,20251229
https://blog.naver.com/jgounm/223548438433,강남역 근처 맛집 <b>다이닝갈비 역삼점</b> 회식 장소 후기,<b>다이닝갈비 역삼점</b> 주소 : 서울 강남구 논현로87길 41 <b>다이닝갈비 역삼점</b> 운영시간 : 평일 11:00~22:30... 쌈장/마늘/와사비/치즈가루 갈비를 먹을 거여서 사실 쌈장만 있어도 되긴 하는데 곁들임을 좋아하시는... ,고운‘s 결혼부터 일상까지ღ,20240815
https://blog.naver.com/mamstable/224060609677,프리미엄 한우 <b>다이닝</b> 로즈힐 <b>역삼점</b> GFC 맛집 등<b>갈비</b> 김치찜... ,"신메뉴로 얼큰 한우 해장탕, 하몽 감자채전 베스트메뉴로는 한우1++ <b>갈비</b>탕, 육회비빔밥 그외... 한우 <b>다이닝</b> REVIEW 로즈힐 <b>역삼점</b>은 단순히 ‘맛있는 식당’이 아니라 한식의 품격을 완성하는 공간이었어요.... ","맛있는 여행 테이블, 지금 이 순간",20251031
https://blog.naver.com/mr7803/223668074383,역삼 회식하기 좋은 한식 <b>다이닝</b> 역삼 맛집 까치 <b>역삼점</b>,"역삼 회식하기좋은 한식<b>다이닝</b> 까치 <b>역삼점</b>의 첫인상 도착하자마자, 외관부터 깔끔하고 모던한 느낌이... 역삼맛집 까치 <b>역삼점</b>의 메뉴와 가격 런치 메뉴는 대구식 찜<b>갈비</b> 한상차림(2.0), 삼치 조림 한상차림(1.6)... ",진.리.빈 삼남매와 함께하는 일상 이야기,20241121
https://blog.naver.com/lemon8363/224147322271,싱가포르 새우국수 맛집 <b>대식가</b> 웨이팅 메뉴 추천,싱가포르 새우국수 맛집 <b>대식가</b> 웨이팅 메뉴 추천 글 사진 영상 ⓒ봉봉츄 싱가포르 새우국수 맛집 여러곳 많죠. 그중에서 저희는 성시경 먹을텐데에서 나온 <b>대식가</b> 방문했어요. 워낙 유명한 집이라서 웨이팅... ,일상 즐거움,20260226
https://blog.naver.com/an_blog/224246336533,"싱가포르 여행 / <b>대식가</b> 새우국수, 성시경 먹을텐데",안녕하세요~ 이번 싱가포르 여행에서 유명하다는 새우 국수를 먹고 왔습니닷 새우국수 하면 유명한 집이 두 곳 있던데 저희는 고민하다가 <b>대식가</b>(Da Shi Jia Big Prawn Mee)로 방문했어요 후기gogo 11시 오픈인데... ,안블로그,20260409
https://blog.naver.com/adgse33/224178975181,생방송투데이 <b>대식가</b> 아귀수육 식당 위치 찾기,"생방송투데이 <b>대식가</b> 아귀수육 식당 위치 찾기 간혹 '인생 맛집'이라는 표현을 남발하곤 하지만, 이번에 다녀온 생방송투데이 '<b>대식가</b>' 코너의 아귀수육 식당은 그 단어가 전혀 아깝지 않은 곳이었습니다. 문을... ",유니의 소통 블로그,20260210
https://blog.naver.com/cheers_jellyme/224264194046,싱가포르 마리나베이샌즈 <b>대식가</b> 새우국수 미슐랭 맛집 ft.... ,"식당 이름은 다시지아 빅 프라운 미!(<b>대식가</b> 새우국수) 싱가포르 미쉐린 미슐랭 맛집으로 21년부터... 다음은 <b>대식가</b> 새우국수 주문방법이다. 1. 시그니처가 비빔(dry)이라고 하길래 비빔 하나, 국물(soup) 하나... ",Cheer하게 혹은 치열하게!,20260425
https://blog.naver.com/bora912/224259559998,"149kg <b>대식가</b> 남편 삼겹살 논란, 저탄고지 변명에 박태환도... ",방송에서 149kg <b>대식가</b> 남편의 삼겹살 논란이 불거졌어요. 그 이유는 아픈 아내 옆에서 삼겹살을 구워 먹는 <b>대식가</b> 남편의 모습이 나왔기 때문인데요. 시청자로서 정말 이해하기 힘들 만큼 서운하고 충격적인... ,감의 인사이트,20260421
https://blog.naver.com/jw443165/224267749073,협재 근처 맛집 <b>대식가</b> 되는 제주도 협재 맛집,협재 근처 맛집 <b>대식가</b> 되는 제주도 협재 맛집 협재 근처 맛집 <b>대식가</b> 되는 제주도 협재 맛집 협재 근처 맛집 <b>대식가</b> 되는 제주도 협재 맛집 협재해수욕장에 간다면 잊지 말고 들려야할 제주 협재 근처 맛집을... ,Olietti,20260428
https://blog.naver.com/juliet_4/224263519666,"영등포스시 맛집 이한스시, <b>대식가</b>만 가세요! 갓성비 스시... ",<b>대식가</b>도 항복할 만큼 푸짐한 역대급 갓성비 코스요리를 맛보고 왔답니다. 눈과 입이 쉴 틈 없었던 배... <b>대식가</b>가 와도 배불리 잘 먹었다는 소리 절로 나오실 거예요. 모임이나 회식 장소로도 강력... ,모모라의 새로운 일상,20260424
https://blog.naver.com/dmainart/224202783450,생방송투데이 <b>대식가</b> 상어고기 파인다이닝 오마카세 식당... ,이번 생방송투데이 <b>대식가</b> 코너를 통해 이 식당을 집중 조명을 한다고 하는데요. 이 곳은 한식 오마카세... 생방송투데이 <b>대식가</b>에서 소개하는 이 식당에는 의식주의 주가 아닌 주류의 주를 사용해서 눈길을... ,✅dmainart✅,20260303
https://blog.naver.com/lael_v_v/224185006404,이빨 없는 <b>대식가</b>라고? 철갑상어 키우기 이건 꼭!,"이빨 없는 <b>대식가</b>라고? 철갑상어 키우기 이건 꼭! 사진·글 ©lael_v_v 이름만 들어도 웅장함이 느껴지는... '이빨 없는 <b>대식가</b>'로 불리는 매력 넘치는 철갑상어, 집에서 키우기는 과연 어떨까요? 1. 철갑상어의 반전... ",Lael @라엘 블로그,20260215
https://blog.naver.com/jayy_/224242775156,생방송투데이 <b>대식가</b> 닭장작구이 닭곰탕 식당 계탄몽,<b>대식가</b> 닭곰탕 닭장작구이 식당 위치 매일 저녁 시간 시청자들에게 변함없는 풍성한 소식을 전하며 많은 관심을 받고 있는 정보 프로그래인 sbs 생방송투데이에서 오늘 4월 6일에는 <b>대식가</b> 코너가 방송을... ,jayy_디자인헬퍼,20260406
https://blog.naver.com/agness888/224223793312,양산 범어 택지 <b>대식가</b>라면 꼭 가봐야 할 점심 맛집 추천,협찬 양산 범어 택지 <b>대식가</b>라면 꼭 가봐야 할 점심 맛집 추천 이번 주말에는 진짜 오랜만에... <b>대식가</b> 3명이 푸짐하게 주문한 메뉴 저희가 3명이긴 하지만 워낙 셋 다 안 빠지는 <b>대식가</b>라 메뉴판 보자마자... ,이끝에서 저끝으로,20260320
https://blog.naver.com/supia2728/224241900235,<b>대식가</b>가 공개한 살 안 찌는 체질 만드는 법,남들보다 두 배는 더 먹는 것 같은데 늘 날씬한 몸매를 유지하는 '얄미운(?) <b>대식가</b>'들 말입니다. &quot;난... 눕지 않고 활동량을 만드는 습관 생활 속 니트(NEAT) 다이어트 살안찌는 <b>대식가</b>들의 비밀은 '가만히 있지... ,뷰티인플루언서 @지니츄 블로그,20260407
https://blog.naver.com/sungshik02/224111947321,생방송투데이 시흥 대왕 굴찜 주문 식당 <b>대식가</b> 위치 예약,"생방송투데이 시흥 대왕 굴찜 주문 식당 <b>대식가</b> 위치 예약 찬 바람이 매섭게 불어오는 12월, 미식가들의... 생방송투데이 시흥 대왕 굴찜 식당 위치 <b>대식가</b>라는 타이틀에 걸맞게 이곳의 메뉴는 거대한 찜기에... ",❤️빠른 뉴스❤️,20251216
https://blog.naver.com/shy_lovely/224257170870,"GS25 쯔양 <b>대식가</b> 시리즈! 빠삭초코롱모나카, BIG 꿀호떡... ","GS25 유튜버 쯔양과 공동 개발한 '<b>대식가</b> 시리즈'가 론칭했고, 초반에 쉽게 구매하지 못할 것 같아서... 2,000원 <b>대식가</b>인 만큼 쯔양이 '<b>대식가</b> 시리즈'에 상품 기획 단계부터 협업해서 메뉴와 푸짐한 양을... ",우리가 함께하는 소중한 시간,20260418
https://blog.naver.com/mylovetenka/224257161640,배터지게 즐기는 곱창과 게장. <b>대식가</b> 모임장소는 여기입니다,라면사리는 찐으로 좋아하는데 꽃게탕에 못넣어먹어서 넘넘 아쉽습니다. 식사 후에는 카운터에서 캔디도 드실 수 있어요. 맛있게 배부를 수 있는 홍대가성비맛집 무한곱게. <b>대식가</b> 모임장소로 추천드려요!,내향형 밖순이의 나날,20260418
https://blog.naver.com/adgse33/224178964203,생방송투데이 한우수육칼국수 <b>대식가</b> 식당 위치 찾기,생방송투데이 한우수육칼국수 <b>대식가</b> 식당 위치 찾기 저도 TV에서 그 압도적인 비주얼을 보고 도저히 참을 수가 없어 직접 다녀왔던 곳인데요. 생방송투데이 '<b>대식가</b>' 코너에서 소개된 그 식당의... ,유니의 소통 블로그,20260210
https://blog.naver.com/dsn8186/224236830245,4월 GS25편의점 행사 1+1 하겐다즈 40% 쯔양 <b>대식가</b> 할인,"쯔양 <b>대식가</b> 시리즈 ~ 4/30(목) 출처 - 우리동네GS앱 갓싸다 비상템 기획전 4/1(수) ~ 4/15(수)... 쯔양 <b>대식가</b> 시리즈 4/1(수) ~ 4/30(목) 쯔양 BIG꿀호떡 1,900원 빠삭초코롱모나카 2,500원... ",류오정보통,20260401
https://blog.naver.com/watercolor5/224208034325,싱가포르 새우국수 맛집 <b>대식가</b>  블랑코 코트 프라운미보다... ,"한국사람들이 많이가는 새우국수집은 하지레인 쪽 블랑코 코트 프라운미와 오차드로드쪽에 <b>대식가</b>가 있다. 블랑코는 위생이 안좋지만, 새우국수의 국물이 <b>대식가</b>보다 훨씬 진한 새우맛이었다. <b>대식가</b>... ","백군, 어디갈래?",20260307
https://blog.naver.com/kscasino/224254929072,6월의 신부 문채원 <b>대식가</b>였다는데 와 식습관 하나로 몸의 핏이... ,떡볶이였어요 <b>대식가</b> 이미지가 있는 만큼 야식이나 자극적인 음식에도 익숙했지만 이걸 끊는 선택이 생각보다 큰 변화를 만들었다고 해요 떡볶이는 단순히 간식이 아니라 정제 탄수화물과 나트륨이 함께 들어간... ,better dayz,20260416
https://blog.naver.com/choboni0425/224164977338,싱가포르 <b>대식가</b> 미슐랭 ?? 새우국수 유명해??,그래서 유명하다는 #싱가포르<b>대식가</b> 방문!! 줄서서 먹는줄 알았는데 딱히~ 그렇진 않네~무튼 제대로... <b>대식가</b>에 가면 꼭 먹어야 한다는 사과주스 사실...다들 극찬하길래 ㅎㅎ뭔가했더니 그냥 사과주스다..... ,이곳저곳!!,20260207
https://blog.naver.com/keep-dreaming/223911847544,강남역 소개팅장소 <b>더몰트하우스 강남역점</b> 분위기 좋은... ,"주말에 <b>더몰트하우스 강남역점</b>을 방문했다. 주말 식사 장소로 더몰트하우스를 선택한 이유는 바로 룸 때문이었다. 가족 모임 장소로 강남에 룸이 있는 식사 장소를 찾았는데, 룸이 있는 더몰트하우스를... ",킵드리밍,20250626
https://blog.naver.com/jinmaggie/223541487094,강남역 스테이크 파스타 맛집 <b>더몰트하우스 강남역점</b> 내돈내산... ,"위치 및 영업시간 <b>더몰트하우스 강남역점</b>은 강남역 9번 출구에서 183m정도 떨어져있습니당 아주... 더몰트하우스 치즈 피자 22,000원 마르게리따 피자 23,000원 리코타 치즈 샐러드 18,000원 치킨 콥 샐러드 21... ",먀꿈's Blog,20240809
https://blog.naver.com/windmill4101/224271453948,[서울 강남] <b>더몰트하우스 강남역점</b> / 분위기 좋은 강남... ,안녕하세요 팡이입니다 오늘은 <b>더몰트하우스 강남역점</b> 방문후기를 가져왔습니당... 장소로 강남으로 모였어요~! 분위기 좋은 곳이라 소개해드리고 싶었답니당 더몰트하우스는 강남역에서 걸어가면 대략 5분... ,소소하고 옴팡진 블로그,20260501
https://blog.naver.com/sj330035/224240807800,강남역 파스타 맛집 청첩장모임 <b>더몰트하우스 강남역점</b>,"#강남역파스타 #강남역맛집 #청첩장모임 #더몰트하우스 #강남역데이트코스 <b>더몰트하우스 강남역점</b>... 많던데, 강남 더몰트하우스는 파스타는 그야말로 양이 혜자였어요! 맛있는 걸 배부르게 먹을 수 있어서... ",O리의 여행 다이어리,20260408
https://blog.naver.com/3ksj0417/224260948329,강남역 파스타 맛집 <b>더몰트하우스 강남역점</b> 소개팅 맛집 추천,맛집 <b>더몰트하우스 강남역점</b> 강남역 9번 출구에서 도보 2분 거리에 위치한다. 예전에 여기서 맛있게 먹은 기억이 있어서 남편과 퇴근 후 강남 데이트하러 옴❤️ 내부 인테리어 내부 인테리어가 반짝반짝... ,지큐로그,20260422
https://blog.naver.com/ha3790/224227731004,강남역파스타 맛집 강남 소개팅 장소 추천 <b>더몰트하우스 강남역점</b>,"강남역파스타 맛집 강남 소개팅 장소 추천 <b>더몰트하우스 강남역점</b> © 글, 사진 리현 [ I n f o ]... 총평 강남역파스타 맛집 찾는다면 더몰트하우스는 분위기, 메뉴, 맛까지 모두 만족스러운 곳✨ 소개팅, 데이트... ",Lazy Life.,20260324
https://blog.naver.com/jenny3411/224224993668,강남청모장소 <b>더몰트하우스 강남역점</b> 패밀리스테이크세트 후기,"본✅ - <b>더몰트하우스 강남역점</b>, 접근성이 좋음 - 패밀리스테이크세트 살치살스테이크가 진짜 맛있음... 더몰트하우스강남은 강남역 9번출구에서 1분만 직진하면 바로 큰 간판이 잘보입니다. 그래서 덕분에 좀... ",우당탕탕 쩝이네,20260321
https://blog.naver.com/dorami7/224229669601,강남역파스타맛집 소개팅... 레스토랑 <b>더몰트하우스 강남역점</b>,"있음 *더몰트하우스 주요 메뉴* 포터 하우스 스테이크 100g당 15,000원 (800~1,100g) 꽃듬심 스테이크 300g 61... 딱 좋고 회식하기도 좋을 것 같은 곳이다. 강남역파스타맛집 <b>더몰트하우스 강남역점</b> 재방문 의사 유",DAILYLOG,20260326
https://blog.naver.com/cesti06301/224153535704,감각적인 다이닝 <b>더몰트하우스 강남역점</b> 스테이크 추천,다녀온 <b>더몰트하우스 강남역점</b> 리뷰할게요오 강남역 9번 출구 3분 거리에 있는 층고 높고 복층구조로 이루어진 고급 인테리어로 유명한 더몰트하우스 저희는 차가 suv라 바로 앞 건물 GT Tower에 주차하고... ,happy daisy,20260120
https://blog.naver.com/anrjs787/224197323569,"로맨틱한 강남역파스타 맛집, <b>더몰트하우스 강남역점</b>","어디로 가야 할지 더 이상 고민하지 않도록, 여러분의 로맨틱한 식사를 완성해 줄 <b>더몰트하우스 강남역점</b>의 생생한 후기를 지금 바로 소개해드릴게요. 로맨틱한 강남역파스타 더몰트하우스 요약 ▹상호... ",거니밥무거니의 맛집여행 이야기,20260227
https://blog.naver.com/dlekgp0716/224274909283,강남역 레스토랑 강남역 파스타 <b>더몰트하우스 강남역점</b> 후기,"싶어서 강남역 레스토랑 <b>더몰트하우스 강남역점</b>에 다녀왔어요!! 여기는 예전에 몇 번 방문했었는데 그때마다 만족도가 높아서 이번에도 믿고 방문한 곳이에요 강남 소개팅 맛집, 강남 청첩장 모임 장소로도... ",리뷰하는 마케터 한뜻,20260504
https://blog.naver.com/bk__bk/224217269412,[강남역] 분위기 좋은 레스토랑 &quot;<b>더몰트하우스 강남역점</b>... ,"자리가 <b>더</b> 예쀼요❤️ 물병과 조명도 예쁜데 노안 이슈로 조명은 꺼버렸어욬ㅋㅋㅋㅋㅋㅋ 3. 메뉴 <b>강남역</b> 분위기좋은 레스토랑 <b>더몰트하우스</b> 메뉴예요! 샐러드와 스테이크, 피자, 파스타 리조또와... ",먹고 노는 사람,20260325
https://blog.naver.com/narara_nabi/224055500133,강남역 소개팅 점심 파스타 세트 <b>더몰트하우스 강남역점</b>,"강남역 소개팅, 가성비 점심 세트 메뉴 강남역 파스타 <b>더몰트하우스 강남역점</b> 매장 분위기에 홀려... 더몰트하우스는 강남역 파스타 맛집이면서 프리미엄 와인바이기도 했는데 뭔가 전문성이 느껴지는... ",먹고 여행하며 날아라나비,20251031
https://blog.naver.com/vnfma0726/224106965860,강남역맛집 연말 모임... 좋은 <b>더몰트하우스 강남역점</b> 파스타... ,찾아간 <b>더몰트하우스 강남역점</b>. 각자 일하는 지역이 다르다보니 제일 접근성이 좋은 강남역에서 만나... :) [같이 보면 좋을만한 글] #<b>더몰트하우스</b> #<b>강남역점</b> #강남역소개팅 #강남역파스타 #강남스테이크... ,뚜웅푸,20251212
https://blog.naver.com/mtb69/223892091045,강남역 파스타 맛집 청첩장 모임 레스토랑 <b>더몰트하우스 강남역점</b>,#강남역파스타 #강남역레스토랑 #강남역소개팅 #강남청첩장모임 #청첩장모임 #더몰트하우스강남 #강남역더몰트하우스 #<b>더몰트하우스강남역점</b> #강남점심맛집 #강남와인바 #강남청첩장모임맛집,HRLabs ~,20250608
https://blog.naver.com/nowgnoy/224054620073,"레스토랑, 재방문한 강남역 파스타 맛집 &lt;<b>더몰트하우스 강남역점</b>&gt;","분위기 좋은 레스토랑, 재방문한 강남역 파스타 맛집 <b>더몰트하우스 강남역점</b> 이탈리아음식 서울... 강남역 맛집 더몰트하우스 메뉴 메뉴 확인과 주문은 테이블 마다 있는 캡스 스마트 오더로 하면... ",어쩌다가 맛집여행,20251026
https://blog.naver.com/ldh7145/224008564995,강남역 파스타 맛집 <b>더몰트하우스 강남역점</b> - 역 근처 분위기... ,강남역 파스타 맛집 <b>더몰트하우스 강남역점</b> 역 근처 분위기 좋은 레스토랑 &quot;문어 콩피 관자 링귀니... 마무리 간단하게 정리하자면 분위기 멋진 강남역 파스타 맛집. 몰트하우스 강남역점은 서비스부터... ,소소함을 공유합니다,20250915
https://blog.naver.com/rmsahd/223904217815,파스타] 분위기 좋은 강남역레스토랑 ‘<b>더몰트하우스 강남역점</b>’,"파스타 <b>더몰트하우스 강남역점</b> 은 강남역 9번출구와 아주 가까워요. 들어설때부터고급스러운 분위기가 좋더라구요. 주차는 유료로 이용 가능합니다. 레스토랑 입구 바로 옆에 위치해있고, 기계식 주차장이라... ",순몽의 하루,20250619
https://blog.naver.com/hane1982/224242886903,강남역 파스타 소개팅 맛집 <b>더몰트하우스 강남역점</b>,강남에 볼일 보러 나왔다가 점심 먹고 가기 좋은 강남역 파스타집이 있어서 소개하고자 한다. 바로 <b>더몰트하우스 강남역점</b>이다. 강남역 9번 출구에서 도보 3분 거리에 자리하고 있어서 약속 잡기 좋은... ,HANE의 하루,20260406
https://blog.naver.com/take_s2/223599567783,강남역 파스타 맛집 데이트 '<b>더몰트하우스 강남역점</b>',"싶구만여 강남역 파스타 맛집 <b>더몰트하우스 강남역점</b> 메뉴판 메뉴가 너무 많아서 동영상으로 찍어야 했다 오픈기념으로 런치에 주문하면 할인도 받을수 있고, 런치 세트로 주문하면 더 저렴하게 먹을수... ",술쟁이의 여행 먹로그,20240928
https://blog.naver.com/userjeong/223986236357,앨리스빌 2층 <b>더포 동탄점</b> 짜조 맛집! 동탄 맛집!,앞에 <b>더포 동탄점</b>이 나온다. 6번 게이트 엘베타고 올라가면 보이는 지도. 바로 앞에 있는 더포~ 가게... 옆에 피쉬소스를 찍어먹는게 더 맛있다. 빨간 월남쌈 소스? 그런 것도 있었으면 더 좋았을 거 같다. 껌돔... ,뽀쏘퐈뤠,20250828
https://blog.naver.com/initial_10/223831000383,동탄역맛집 <b>더포 동탄점</b>에서 쌀국수와 반쎄오 먹은 후기,갔다주셨다 <b>더포 동탄점</b>에서 더 맛있게 즐기는 방법이라고 설명되어 있는건 핫칠리소스와 해선장 소스를 1:3 비율로 쌀국수에 넣고 청양고추와 라임즙을 더해 잘 섞어서 먹음 감칠맛을 더 잘 느낄 수... ,이행복 저행복 이루어지다,20250412
https://blog.naver.com/nowafter-/223994176080,2동탄 쌀국수 맛집 점심 밥집 포장배달 <b>더포 동탄점</b>,시식평 <b>더포</b>는 인근 주민들이 점심 밥집으로 많이 찾는데요. 저희도 12시 전에 도착했지만 이미 테이블이 차기 시작해요. 포장배달주문도 많은 편이었어요. <b>더</b> 맛있게 즐기는 법이 상세히 설명되어 있어요.... ,블루에세이,20250903
https://blog.naver.com/a0o_o0a/223785809994,동탄역맛집 쌀국수 진한 <b>더포 동탄점</b>,동탄역맛집 <b>더포 동탄점</b>은 베트남 음식 전문점으로 더포만의 비법육수와 소스로 차별화된 베트남... 등 포 종류도 다양ㅎ요 평일 1인이 방문시 한정으로 주문할 수 있는 1인 월남쌈세트도 구성이 아주... ,coconovation,20250306
https://blog.naver.com/tjgml726/223998737212,동탄역 맛집 아기랑 방문하기 좋은 <b>더포 동탄점</b> 쌀국수 밥집... ,"좋은 <b>더포 동탄점</b>! 와중에 베트남 맥주에 더 눈길이 가던 나는 으른이,,,ㅋㅋㅋ 차만 안 갖고 갔으면... 들어간 더포의 대표 메뉴인데 안 먹어볼 수 없겠죠! 아삭한 숙주와 양파도 듬뿍 올라가서 식감도 살리고... ",Do it Do eat :-D,20250907
https://blog.naver.com/daily_fit/223717405582,"동탄역 맛집, 베트남 쌀국수 생각 날 땐 <b>더포 동탄점</b>",안심하고 더 맛있게 먹을 수 있어 좋았어요. 육수도 특별하지만 <b>더포 동탄점</b>에서는 월남쌈... 더포에서 직접 우려낸 육수도 진하고 감칠맛이 훌륭하더라구요. 갈비와 쌀국수 정말 환상 적인 조합이였습니다.... ,요이의 소소한이야기,20250107
https://blog.naver.com/shdusduq/223453910697,[동탄역 맛집] 베트남음식 <b>더포 동탄점</b> 추천메뉴,베트남음식 <b>더포 동탄점</b> 후기 입니다 동탄역 맛집 베트남음식 <b>더포 동탄점</b> 경기도 화성시 동탄대로 469... 먹으면 더 맛있... 동탄에서 우리 부부보시면 잘먹는애들 왔구나 ㅋㅋ 동탄역 맛집 베트남음식 더포... ,월 1억버는 부부사업가,20240521
https://blog.naver.com/jhony523/224016697281,동탄 호수공원 맛집 근처 <b>더포 동탄점</b>에서 쌀국수 점심 후기,근처 더포가 있음 가게 앞에 메뉴판이 비치되어 있어 간단히 메뉴를 정하고 들어갈 수 있고 사진도 있어서 더 좋았음 <b>더포 동탄점</b> 내부는 깔끔하고 쾌적한 분위기가 꽤나 인상적이었다. 테이블간 간격도... ,죠니의 발로그,20250921
https://blog.naver.com/memory1259/223860677414,동탄역 쌀국수 맛집 <b>더포 동탄점</b>,진짜 베트남의 맛을 느낄 수 있는 동탄역 쌀국수 맛집 <b>더포 동탄점</b>을 다녀왔어요.  <b>더포 동탄점</b>  경기... 있어서 더 좋았던 더 포! 기분좋은 점심시간이었어요. 잘 먹었습니다. ✅️ 교통이 편리한 동탄역... ,랄랄라,20250509
https://blog.naver.com/jjuno92/223867046292,동탄역 베트남음식점 <b>더포동탄점</b> 후기,"몰랐는데 더포는 2층에 위치하고 있다 밖에서 에스컬레이터를 타고 올라가면 보이는 <b>더포 동탄점</b>... 색이 더 빨간느낌이다 분짜 15,000원 데리야끼 소스로 구워진 돼지고기와 스짜조 가느다란 분짜용 쌀국수면과... ",호항다이어리,20250515
https://blog.naver.com/sjyh86/223769567199,동탄쌀국수 맛집 <b>더포 동탄점</b> 추천 후기,오늘은 동탄쌀국수 맛집 더포에서 뜨끈하고 든든하게 한끼 해결해보았는데요. 한 입 베어물자마자 작년에 다녀온 다낭 현지 식당의 맛이 느껴져 더 감동이었던 동탄역맛집 <b>더포 동탄점</b>을 쌀쌀한 날 온가족이... ,I 인데 말많은 부부,20250222
https://blog.naver.com/inoinoll/223903075132,요리 쌀국수 찐맛집 - 향과 비주얼이 살아 있는 <b>더포 동탄점</b>,<b>더포 동탄점</b> 이용 정보  점포명: 더포(The Pho) 동탄점  주소: 경기 화성시 동탄역로 102 앨리스빌 2층... 베트남 다낭 여행 갔을 때 맛 보았던 현지 쌀국수보다 더 진하고 제 입맛에 딱이었씁니다. 맵지 않고... ,모두 다 살아가는 이야기,20250618
https://blog.naver.com/purlkim/223859434574,동탄쌀국수 맛집 <b>더포</b>(The pho) <b>동탄점</b>,음식에 더 푹 빠져버렸다. 오늘 만나기로 한 친구들과 동탄역맛집 중에 쌀국수집을 찾다가 발견한 동탄쌀국수 맛집 <b>더포 동탄점</b> Address : 경기 화성시 동탄역로 102 앨리스빌 2층 2049호 Open - Close : 매일 10:30... ,또또맘 일상,20250508
https://blog.naver.com/onvely0801/224066943179,"놓고 먹은 동탄역 인생 맛집, 베트남 음식 전문점 <b>더포 동탄점</b>","롯데백화점 동탄점 근처라서 뚜벅이들한테도 접근성 상당히 좋아요 ღ 백화점에서 무려 도보 7분 거리... 느낌인데, <b>더포 동탄점</b>의 분짜 소스는 조금 더 꾸덕하고 형태가 있는 제형이었어요 젓가락으로 떠질... ",on’s,20251106
https://blog.naver.com/meeum2u/224069137017,동탄역맛집 앨리스빌 베트남 쌀국수 <b>더포 동탄점</b> 내돈내산 추천,"특히 라스트 오더 20:50인데, 5분전에 주문 받아주신 점이랑 식사 빨리 끝날 줄 알았는데 얘기하다보니 천천히 먹어서 영업시간 전에 한번 더 말씀해주셔서 죄송하고 감사했습니다ㅠ <b>더포동탄점</b> 넘 친절해... ",미유의 일상,20251109
https://blog.naver.com/lovely_huhu/223835724950,동탄역 쌀국수 맛집 | 반쎄오 맛있게 먹고 온 <b>더포 동탄점</b>,쌀쌀하게 비 오던 월요일 따끈한 국물 먹으러 #동탄역쌀국수맛집 #<b>더포 동탄점</b> 다녀왔움 *.* #<b>더포동탄점</b> 동탄역 근처에 있고용! 주차장도 잘 되어 있어서 외식하러 오기에도 좋을 듯 메뉴는 요렇게 있고요!... ,내 인생의 스프링캠프,20250417
https://blog.naver.com/day_soft/223984525755,동탄2 베트남 음식점 반쎄오 쌀국수 혜자 맛집 | <b>더포 동탄점</b>,현지보다 더 맛있는 베트남 음식점이 있다는 사실 동탄역 근처에 있는 쌀국수 반쎄오 맛집 더포 동탄역 후기입니다! <b>더포 동탄점</b> 동탄 베트남 쌀국수 맛집 왕반쎄오 갈비쌀국수 추천 주소 경기 화성시... ,스마트한 꿀팁 모음,20250827
https://blog.naver.com/tattarrattat/223787137978,<b>더포 동탄점</b>,"소파석은 더 편안한 느낌이 있는 것 같아요 <b>더포 동탄점</b> 메뉴 <b>더포 동탄점</b>은 베트남 음식 메뉴가 많아요 메뉴 주문은 테이블 오더로! 점심 식사하는 직장인, 가족 단위 손님들이 있어요 메뉴는 1-2만원대로... ","일단, 놀자",20250307
https://blog.naver.com/duddk1492/223539878748,맛을 느끼실 수 있는 동탄월남쌈맛집 <b>더포 동탄점</b>에 다녀왔어요.,<b>더포 동탄점</b>은 리뷰이벤트도 진행중입니다 !!! 짜조와 탄산음료 입니다 !!! 더 맛있게 더포를 즐기시는법!!! 메뉴 기다리며 읽어보기 !! 오오오오 반쎄오도 있네요. 반쎄오 반미 너무 좋아하는데... 반쎄오라니..... ,마음은 항상 맑음.,20240807
https://blog.naver.com/charm_rim/223721814337,반쎄오를 먹을 수 있는 동탄쌀국수 <b>더포 동탄점</b> 다녀온 후기,오늘은 동탄에서 반쎄오를 먹을 수 있는 <b>더포 동탄점</b>을 소개해드리려고 해요. 베트남 여행때 너무나... 메뉴도 다양해서 다음에 한번 더 방문해봐야겠어요~ 동탄에서 베트남요리 드시고싶은 분들께... ,1일2혜림,20250110
https://blog.naver.com/mtb69/223734416016,"강남수제버거 <b>데일리픽스 강남본점</b> - 인생버거, 파스트라미... ",햄버거를 좋아하는 직장인으로 강남수제버거로 유명한 <b>데일리픽스 강남본점</b>을 팀원과 함께 퇴근길에... ㅎ #강남데이트 #데일리픽스강남 #데일리픽스 #강남햄버거 #강남수제버거맛집 #강남데이프펍... ,HRLabs ~,20250122
https://blog.naver.com/i_am_bambi/224212145101,강남역 역삼역 맛집 분위기 좋은 수제버거 &lt;<b>데일리픽스 강남본점</b>&gt;,"시작해본다 데일리픽스 역삼점 역삼역, 강남역 중간에 위치한 <b>데일리픽스 강남본점</b> 지하철, 버스 대중교통 방문하기 너무 좋음 자차 이용 시 주차는 가능하나 유료인 점 참고! (근처 푸른솔도서관 주차장... ",먹부부의 먹킷리스트,20260311
https://blog.naver.com/dmswldu718/224031596970,강남역 햄버거 <b>데일리픽스 강남본점</b> 맥주 생각났던 역삼역... ,이거 드시려고 데일리픽스 달려가시는 분들이 상당하다고 합니다 ㅎㅎ 그만큼 맛이 좋았던 곳 좀 더 살펴보도록 할게요! <b>데일리픽스 강남본점</b> 내부 모습입니다 매장 내부가 꽤나 넓었고 저녁에도 혼밥 하러... ,맛집 가려고 근로소득 버는 아로미❤️,20251004
https://blog.naver.com/skwlgud99/224271753766,역삼역 맛집 :: <b>데일리픽스 강남본점</b> 미국 현지 감성 강남역 생맥주,❤️     ♥️ ❤️ 역삼역 맛집 강남 햄버거맛집으로 데일리픽스 강추드립니당 #데일리픽스 #<b>데일리픽스강남본점</b> #역삼맛집 #역삼역맛집 #강남햄버거 #강남여햄버거 #쯔양맛집 #강민경맛집 #쯔양햄버거... ,Candy Jelly Bear,20260501
https://blog.naver.com/dmssdlrhdwns/224171517594,"강남 햄버거 찐맛집, <b>데일리픽스 강남본점</b> 솔직후기 (하와이안... ","위치 &amp; 기본 정보 (강남 햄버거 찾는다면 여기 체크) 위치: 강남역 도보권 매장명: <b>데일리픽스 강남본점</b> 운영시간: 점심~저녁까지 넉넉 좌석: 혼밥, 2인, 가족 다 가능 분위기: 깔끔 + 캐주얼 (엄마랑 가도 전혀 부담... ",살림왕 콩떡부부,20260204
https://blog.naver.com/fishcakeboss/224177903436,강남 햄버거 맛집 ‘<b>데일리픽스 강남본점</b>’,"<b>데일리픽스 강남본점</b> 강남 햄버거 맛집 ▫️위치 서울 강남구 논현로85길 70, 1층 ▫️영업시간 평일 11... 메뉴판 데일리픽스 메뉴판입니다 다비치 강민경님이 극찬한 강남 햄버거 맛집으로도 유명한... ",어묵대장의 일상,20260209
https://blog.naver.com/winmorn/224230633466,강남 햄버거 맛집 <b>데일리픽스 강남본점</b> 치킨도 맛있어요,쫄깃쫄깃 식감이 너무 좋았던 <b>데일리픽스</b> 치킨! 기본 염지가 되어있어 짭짤하면서도 자극적인 맛이 강하지 않아서 괜찮았어요. 아이랑 같이 먹기에도 괜찮았답니다! 함께 주문한 <b>강남</b> 햄버거의 맛은? 100프로... ,기억이 머무는 곳♡,20260326
https://blog.naver.com/suk1248/224077521671,역삼역 맛집 <b>데일리픽스 강남본점</b> 강민경버거 강남 햄버거 추천,맛집 / 강남 햄버거 <b>데일리픽스 강남본점</b> 미슐랭 출신 쉐프님의 버거 맛! 역삼역 맛집 데일리픽스 위치 역삼역 3번 출구에서 도보 5분 정도면 다다르는 데일리픽스 강남역에서 도보 8분정도라 두 역 중... ,스즈스의 시선이 머물다,20251116
https://blog.naver.com/yj_0420/224184517955,강남 강민경픽 햄버거 맛집 <b>데일리픽스 강남본점</b>,"<b>데일리픽스 강남본점</b> 서울 강남구 논현로85길 70 1층 102호 영업시간 월-금 11:00-23:00(22:00 라스트오더)... 방문했어요 데일리픽스는 미국 CIA를 졸업하고 미슐랭 3스타 레스토랑 Per Se, 2스타 Momofuku Ko에서 수년간... ",윤총총,20260215
https://blog.naver.com/blog_supporter/224124520832,"역삼역 맛집, 강남역 맛집 / <b>데일리픽스 강남본점</b>, 강남 핫플... ","핫플 <b>데일리픽스 강남본점</b> Daily Fix 역삼역 맛집 안녕하세요  오늘은 역삼역과 강남역 사이에 있는 서울 수제버거 맛집, 데일리픽스에서 맛있는 더블치즈버거를 먹고 온 후기를 공유해드리려고 해요... ",슬기로운 여행 생활,20251227
https://blog.naver.com/ssh_ihtww/223768407713,역삼역 맛집 햄버거 데이트 <b>데일리픽스 강남본점</b>,다행히 2층에도 좌석이 하나 있어서 2층으로 안내받았습니당 자세히 보니까 커플 손님들이 엄청 많더라구요 역시 역삼역이나 강남역 데이트는 <b>데일리픽스 강남본점</b>이드아 메뉴가 굉장히 많았는데요... ,신승생승한 블로그,20250221
https://blog.naver.com/h__gyeong/224187174967,강남역/ 역삼역 수제버거 맛집 :: <b>데일리픽스 강남본점</b> (주차... ,맛집 데일리픽스 뉴욕 미슐랭 3스타·2스타 레스토랑 경력을 가진 셰프님이 운영하는 곳으로 알려져 있어요! 위치 및 주소 서울 강남구 논현로85길 70 1층 102호 <b>데일리픽스 강남본점</b> 영업시간 평일 11:00 - 23:00 22... ,조그맣게 살거야,20260218
https://blog.naver.com/myul/223814988263,[역삼역 맛집/강남 햄버거] <b>데일리픽스 강남본점</b> feat.... ,"베이컨치즈버거, 18 프라이즈 요새 날 좋아지면서 입 터짐 버거 너무 좋아해서 맛있는 버거 먹으러 데일리픽스로. <b>데일리픽스 강남본점</b>도 있고 교대쪽에도 있음 나는 가까운 강남본점으로. 여기 강민경이... ",앵겔지수 0.5,20250330
https://blog.naver.com/zuhaha/224210837442,베이컨 치즈 햄버거 코울슬로 강민경 맛집 <b>데일리픽스 강남본점</b>,"맛집 <b>데일리픽스 강남본점</b>은 역삼역에서 도보로 갈 수 있는 곳에 위치해있어요, 역삼역 3번 출구뿐만 아니라 강남역에서도 가깝기 때문에 접근성이 좋답니다! 데일리픽스는 미국 CIA를 졸업하고 미슐랭 3스타... ",시리로그,20260310
https://blog.naver.com/alicec__/223714612758,강남역점심 강남역버거 <b>데일리픽스 강남본점</b> 맛있는 수제버거,강남역버거 데일리픽스에서는 두툼하 한우 100% 패티 버거와 파스트라미 샌드위치 등 다양한 메뉴를 즐기실 수 있어요~ 3. 강남역점심 강남역버거 <b>데일리픽스 강남본점</b> 시식후기 호프집이 아닌 곳에서 스텔라... ,마녀의 은밀한 연구실,20250104
https://blog.naver.com/bright_kwon/224204938243,"강남 햄버거 / <b>데일리픽스 강남본점</b>, 육즙촉촉 100% 한우패티... ","데일리픽스에는 코카콜라, 스프라이트가 있다. 음료는 다 마시면 리필도 가능. 감자튀김 종류를... 기분 좋은 식사를 즐길 수 있는 강남역 햄버거 맛집. 수제 햄버거 강남역 혼밥 맛집 <b>데일리픽스 강남본점</b>",★ 이상하고 멋진 나라의 앨리스 :),20260305
https://blog.naver.com/eeebbb118/224253357688,역삼역 맛집 점심 수제버거 전문점 <b>데일리픽스 강남본점</b>,"맛집 강남 햄버거 전문점 데일리픽스 강남역 혼밥, 역삼역 데이트 맛집으로 제격인 강남 수제버거 <b>데일리픽스 강남본점</b> 육즙 가득 100% 한우패티 수제버거 역삼 강남 수제버거 맛집 찾으신다면 추천 해요",인비의 행복한 일은 매일 있어,20260415
https://blog.naver.com/lovedmsal87/223769964507,강남역 역삼역 햄버거 강남역 데이트 맛집 <b>데일리픽스 강남본점</b>,"코리아 버거 챔피언십 0.02점 차로 2등한 강남역 역삼역 부근에 수제버거 햄버거 맛집 <b>데일리픽스 강남본점</b>에 다녀왔어요. 데일리픽스 강남 외관,위치 현대적이고 모던한 건물로 세련된 느낌이고 통유리... ",Barbie♡,20250222
https://blog.naver.com/8555tjsdhr/224082149101,역삼역 맛집 수제버거 <b>데일리픽스 강남본점</b> 묵직한 한우패티를... ,"외국인분들도 술마시러 오는 분들도 북적거리는 찐맛집, 데일리픽스 리뷰 시작하겠습니다 <b>데일리픽스 강남본점</b> 역삼역 수제버거 강남역 버거 영업시간 평일 11:30~23:00 (라스트오더 22:00) 주말 12:00~21:00... ",해드는집,20251120
https://blog.naver.com/kwen1030/224031752505,역삼역 맛집) <b>데일리픽스 강남본점</b> - 강남 햄버거,"오랜만에 역삼역 인근에서 F45 운동을 마치고, 저녁으로 뭘 먹을까 고민하다가, 역삼역 수제버거 맛집으로 저장해둔 데일리픽스에 방문해보기로 했어요. 역삼역 맛집, <b>데일리픽스 강남본점</b>은 강남역 1번... ",두근두근 세동동,20251005
https://blog.naver.com/trulylife37/223977878373,강남역막창맛집 <b>도래집 강남점</b> 도래창세트 회식 장소 추천,<b>도래집 강남점</b>은 강남역과 신논현역 인근에 위치해있는데 바로 강남역막창맛집 도래집으로 고고... 드디어 도래집 도래창세트가 나왔다. 좋은건 다 구워 나와서 그냥 맛있게 바로 먹으면 된다. 튈 일도 없고... ,.•*Make it Count*•.,20250821
https://blog.naver.com/jongjondrai/224055074919,서울 강남역막창맛집 술안주로 제격인 도래창 <b>도래집 강남점</b>,"서울 강남역막창맛집 술안주로 제격인 도래창 <b>도래집 강남점</b> 안녕하세요, 종종다리 입니다. 서울... 1층 도래집은 강남역막창맛집인데 장인정신으로 부속에 대한 편견을 깨고, 누구나 즐길 수 있는 한 끼를... ",종종다리의 여행기,20251027
https://blog.naver.com/jja9eat/224058290029,강남역 감성 곱창 맛집 분위기 남다른 <b>도래집 강남점</b>,"천장은 노출된 배관과 금속 조명, 벽면엔 네온사인 으로 ‘제1도래’라고 적혀 있고, 돌로 만든 원형... 강남역 감성 곱창 맛집 분위기 남다른 <b>도래집 강남점</b> 전체적으로 ‘도래집’은 단순히 곱창을 먹는 곳이... ",찰지구나,20251030
https://blog.naver.com/hiprider/223750789494,강남역 찐맛집 <b>도래집 강남점</b> 후기,"강남역 찐맛집 <b>도래집 강남점</b>은 특수부위 도래창과 막창을 아주 맛있게 먹을 수 있으면서, 데이트나 모임, 회식으로 방문하기에도 아주 좋은 환경을 갖추고 있었습니다. 그리고 점심에는 혼밥을 즐기기에도... ",HipRider,20250207
https://blog.naver.com/h5tcjstk/223738680025,[강남역 맛집] 색다른 술안주가 땡길때는 <b>도래집 강남점</b>,다녀온곳은 <b>도래집 강남점</b> 위치는 강남CGV뒤쪽에 먹자거리 메인라인에 위치해서 찾기 좋아요 ❤️ 니뽕내뽕 아시는분이라면 바로 그 아래니까 참고하세요! 외부에 메뉴판도 있는데 생소한 도래창에 대한... ,♥DODO Hey me♥,20250126
https://blog.naver.com/soato42/224017674530,동굴 컨셉과 독특한 도래창고기! 강남역막창맛집 <b>도래집 강남점</b>,오늘은 강남역막창맛집 <b>도래집 강남점</b> 포스팅입니다. <b>도래집 강남점</b> 위치 : 서울 강남구 강남대로98길 8... 도래집에서 도래창이라는 메뉴는 처음먹어봤는데 다음에 또 시키고 싶은 메뉴였어요.ㅎㅎ... ,잡동사니,20250925
https://blog.naver.com/nicejt21/224245192063,"<b>도래집 강남점</b>, 한 점 한 점 정성이 들어간 도래창 최상의 맛을... ",강남에서 특별한 고깃집을 찾다가 방문한 <b>도래집 강남점</b>. 돼지 특수부위인 ‘도래창’을 전문으로 하는 이 집은 일반 고기와는 차별화된 식사를 선사합니다. 도래창은 돼지 한 마리에서 약 600g만 나오는 귀한... ,날마다 좋은 날!,20260408
https://blog.naver.com/ekdls1210/224275696676,강남역 맛집 <b>도래집 강남점</b>,"강남에서 특별한 고깃집 찾다가 방문한 <b>도래집 강남점</b>. 돼지 특수부위인 &quot;도래창&quot; 전문점으로, 흔하지... 또한, 도래집은 모든 메뉴와 반찬을 수작업으로 제작하는 것도 돋보이는 점이었어요. 음식에 대한... ",후룽호롱 블로그,20260505
https://blog.naver.com/whrnrdud123/224240902737,강남역 맛집 고기와 한식 메뉴 추천 <b>도래집 강남점</b>,"강남에서 특별한 고깃집 찾다가 방문한 <b>도래집 강남점</b>은 돼지 특수부위 “도래창” 전문점으로, 맛과... 도래집의 대표 메뉴인 도래창은 쫄깃하면서도 고소한 식감이 매력적입니다. 일반 삼겹살이나 목살... ",,20260404
https://blog.naver.com/rhalswjd1308/223712304249,강남역곱창맛집 <b>도래집 강남점</b>에서 특수부위 먹기,<b>도래집 강남점</b>에서는 리뷰이벤트를 진행중이더군요ㅋ 저희는 차가 있어서 하이볼을 못먹었지만 리뷰이벤트 참여하고 도래창과 막창에 하이볼 한잔 때리면 증말 행복할거 같군요ㅋ 강남역곱창맛집 도래집의... ,밍밍이의 우당탕탕 일상,20250102
https://blog.naver.com/cjssus3/223726620466,강남역 곱창 맛집 <b>도래집 강남점</b> 도래창 막창 술집,강남역 곱창 맛집 <b>도래집 강남점</b> 도래창 막창구이 <b>도래집 강남점</b> 영업시간 오픈 오전 11시 - 익일 5시 연중무휴 매일 점심식사가 가능한데다 새벽까지 영업하는 곳! 도래집의 도래창은 돼지의 장각막이라는... ,"Layla, La Brava",20250115
https://blog.naver.com/na_le_de/224020976497,강남역막창맛집 <b>도래집 강남점</b> - 도래창 특수부위 회식 후기,강남역막창맛집 <b>도래집</b>에 다녀온 후기를 남긴다 막창 특수부위를 제대로 즐길 수 있는 곳으로 강남역과 신논현역 사이에 있어 접근성도 좋다  <b>도래</b>창은 첫입부터 예상 밖의 매력이 있었다 겉은 바삭하게 튀겨낸... ,담대한 발걸음,20250925
https://blog.naver.com/yaongii113/223730743113,강남역 맛집 강남역 곱창 <b>도래집 강남점</b> 인테리어가 특이하네,도레미 아니고 도래집입니다. 도래창과 소금막창 세트 도래창과 양념막창세트가 있고요.. 각각 먹을... 강남역 맛집 도래집 입장법도 엄청 재미있네요.. 문이 열리고 입장해 보니 강남역 맛집 <b>도래집 강남점</b>은... ,여행(하는 방송)작가!!! 세상에 홀리다.,20250119
https://blog.naver.com/gp_da12/224274318620,<b>도래집 강남점</b> 강남역 맛집 장인형 고깃집,"찾다가 <b>도래집 강남점</b>에 방문하게 되었습니다. 이곳은 돼지의 특수부위인 '도래창' 전문점으로 잘... 도래집의 인테리어는 동굴 같은 독특한 분위기를 자아내어, 마치 이색적인 공간을 직접 경험하는 듯한 느낌을... ",gp_da12님의블로그,20260504
https://blog.naver.com/dorami7/223702800266,독특한 분위기와 콘셉트의 신상 강남역 술집 <b>도래집 강남점</b>,"메뉴 분석하기 직관적으로 이해하기 쉬웠던 강남역 맛집 <b>도래집 강남점</b> 메뉴 도래창과 막창이 주력... 메뉴 도래창+양념막창 3인분 45,000원 소주 6,000원 캘리 6,000원 청양주먹밥 4,000원 도래집 반찬 깔끔하게... ",DAILYLOG,20241223
https://blog.naver.com/happyrimmy/224272615349,씹을수록 고소한 도래창 <b>도래집 강남점</b> 강남역 맛집,"씹을수록 고소한 도래창 <b>도래집 강남점</b> 강남역 맛집 강남의 핫플레이스, <b>도래집 강남점</b>에 다녀왔습니다. 고기를 사랑하는 분들에게 꼭 추천하고 싶은 이곳은 흔하지 않은 돼지 특수부위인 ‘도래창’... ",HAPPY,20260502
https://blog.naver.com/peeppeep_soon/224254157981,[맛집] <b>도래집 강남점</b> 후기 (강남 막창 맛집 / 도래창 맛집,토굴 <b>도래집 강남점</b>은 제 1토굴 이라고 하네요ㅋㅋㅋ 이런 컨셉이 뭔가 재미있어요 도래집 차림표 도래집은 막창 / 도래창 맛집이지만 사이드 메뉴도 다양하게 있어요 비빔국수 / 계란탕 / 된장술밥 / 볶음밥... ,Soony's Daily Life,20260416
https://blog.naver.com/dudtns1112/223701534867,강남역 맛집 <b>도래집 강남점</b> 토굴인테리어 회식장소추천,"친근감 느껴지는 <b>도래집 강남점</b>의 메뉴판. 매장 외부에서 있는 메뉴판에서는 사진과 함께 볼 수 있고, 안에서는 메뉴판에 바로 체크해서 주문할 수 있어서 편했어요. 저희는 도래집 시그니처인 도래창 그리고... ",지금 이 순간이 행복하다,20241221
https://blog.naver.com/milk3730/224269362104,도래창 전문점 <b>도래집 강남점</b> 강남역 맛집,"최근 강남에서 특별한 고깃집을 찾던 중, <b>도래집 강남점</b>을 방문하게 되었어요. 이곳은 돼지 특수부위 ‘도래창’ 전문점으로 알려져 있어요. 흔하지 않은 특수부위를 제대로 즐길 수 있는 장소라 더욱 기대가... ",milk3730님의블로그,20260429
https://blog.naver.com/potatoaunty/224269136451,강남역 맛집 <b>도래집 강남점</b> 추천,"발견한 <b>도래집 강남점</b>은 돼지 특수부위 전문점으로, 그 중에서도 ‘도래창’을 맛볼 수 있는 곳입니다.... 도래집의 모든 메뉴와 반찬은 직접 수작업으로 제작됩니다. 조리 과정 또한 엄청난 정성을 담아... ",소소한 리뷰,20260429
https://blog.naver.com/color33o/224030310085,<b>도산분식 도산공원점</b>,"추억 속 분식을 현대적으로 재해석한 메뉴들이 가득해서, 누구와 가든 만족할 만한 곳입니다. ⸻  상호명:<b>도산분식 도산공원점</b>  주소: 서울 강남구 도산대로49길 10-6 젤로빌딩  전화번호: 0507-1479-5061 ⏰ 영업시간... ",ART_Camellia,20251003
https://blog.naver.com/airmoisture/224175399302,압구정로데오 “<b>도산분식</b>” <b>도산공원점</b> 분식맛집 (feat.... ,"‘<b>도산분식</b>’ <b>도산공원점</b> 내돈내산 여러분 덕복히 좋아하시나요? 저는 찾아먹진않지만, 덕복히귀신인 여자칭구 덕분에 제법 좋아진거 같아요. 그래서 이번엔 분식찝! 압구정로데오역과 도산공원사이에... ",공기습기,20260207
https://blog.naver.com/snowa12/224054463516,서울떡볶이맛집 <b>도산분식  도산공원점</b> 육회김밥,서울떡볶이맛집 <b>도산분식 도산공원점</b> 이곳은 2018년 시작해 2025년 즉 현재 7년째 꾸준히 한자리에서 운영하고 있는 인기맛집이었답니다. 안으로 들어서니 네온싸인에 적혀있는 도산분식 간판이 밝게 빛나고... ,소담,20251026
https://blog.naver.com/ghdwns17/223723426639,강남 압구정로데오 맛집 <b>도산분식 도산공원점</b>(feat. 주차... ,도산분식에 다녀왔어요 도산분식 주차 / 영업시간 / 위치 위치 ▶ 강남구 신사동 652-7 - 압구정로데오역... 압구정로데오에서 만난 레트로 감성의 줄 서는 분식 맛집 <b>도산분식 도산공원점</b>,홍꼬또리 여행맛집 탐방기,20250112
https://blog.naver.com/hothotys/224024546777,<b>도산분식 도산공원점</b> 분식 메뉴가 다양한 압구정로데오맛집,"압구정로데오맛집, 도산공원 근처 맛있는 분식을 드시고 싶으신 분들께 <b>도산분식 도산공원점</b>은 좋은 선택이 될 것 같아요~! <b>도산분식 도산공원점</b> 서울 강남구 도산대로49길 10-6 젤로빌딩 0507-1479-5061",카페드소니의 매일매일 스킨케어,20250928
https://blog.naver.com/hdsign88/223474012649,"압구정로데오 맛집, <b>도산분식 도산공원점</b> 메뉴 주차 후기",ㅎㅎ <b>도산분식 도산공원점</b> 위치와 운영정보 &lt;압구정로데오 맛집 <b>도산분식 도산공원점</b>&gt; 주소 - 서울시... 발렛파킹 도산분식은 학동사거리 근처에 있어요~ 도산분식 주차는 발렛파킹인데요 매장 대각선 검은색... ,불뚝이의 배부른 하루,20240609
https://blog.naver.com/dorya/224061922971,압구정로데오 서울 떡볶이 맛집 육회김밥 <b>도산분식 도산공원점</b>,#압구정로데오맛집 #서울떡볶이맛집 #도산분식 #<b>도산분식도산공원점</b> #도산공원떡볶이 #도산공원분식 #압구정로데오분식 #압구정로데오떡볶이 #도산공원맛집 #압구정로데오떡볶이맛집 #육회김밥 #돈카츠샌드... ,달밤에춤,20251103
https://blog.naver.com/hcuteh/223968431857,[<b>도산분식 도산공원점</b>] 압구정로데오 분식 맛집,<b>도산분식 도산공원점</b> 주소 서울 강남구 도산대로49길 10-6 젤로빌딩 서울 강남구 신사동 652-7 영업시간... 싶었던 도산분식 예전에는 웨이팅이 엄청 길었던 걸로 기억하는데 오픈 시간 맞춰가니 여유로웠어요... ,앙나의 일기♥,20250812
https://blog.naver.com/2doorcinemaclub/224235067508,떡볶이와 무침만두 ‘<b>도산분식 도산공원점</b>’,"애플하우스처럼 무침만두가 나를 부르는 ‘<b>도산분식</b>’ 워낙 예전부터 유명했지만 최근에는 긴 웨이팅 없이 먹을 수 있어서 더 좋은 것 같다(?) 메뉴판은 따로 없고 qr로 주문. 둘이서 먹는데 떡볶이 7,500원... ",seoul to everywhere,20260331
https://blog.naver.com/seoiy55/223426876529,"레트로 분식 맛집, <b>도산분식 도산공원점</b> 다녀온 후기 / 주차... ","맛있는 분식집을 찾는다면, <b>도산분식 도산공원점</b> 추천! 도산분식 위치 도산분식 다양한 정보는 아래에 * 본 포스팅은 소정의 식사권 제공과 맛있어서 내돈내산 추가하여 솔직하게 작성한 후기입니다.",anything but simple,20240425
https://blog.naver.com/jonghee0119/223943661672,맛집 '<b>도산분식 도산공원점</b>' | 레트로 분위기가 가득한 분식... ,압구정 맛집 '<b>도산분식 도산공원점</b>' #도산분식 #압구정맛집 #<b>도산분식도산공원점</b> #서울분식맛집 #압구정분식맛집 #도산공원맛집 #도산공원데이트 업체번호 : 0507-1479-5061 주소 : 서울 강남구 도산대로49길 10-6... ,쫑알 블로그,20250723
https://blog.naver.com/by_eunae/224166901544,압구정로데오역 맛집 <b>도산분식 도산공원점</b> 내돈내산 후기... ,맛집 <b>도산분식 도산공원점</b> 소개해드릴게요! <b>도산분식 도산공원점</b> 위치 : 서울 강남구 도산대로49길 10... 쯤만 해도 도산분식의 샌드가 엄청 핫해서 웨이팅도 엄청 났던 걸로 기억하는데 이제는 잠잠해졌나... ,"으아잉, 웨딩 아카이브",20260131
https://blog.naver.com/dudu_minihomepy/223618097778,<b>도산분식 도산공원점</b> : 육회김밥 어묵튀김도산떡볶이... ,"(탕탕탕) 도산분식 영업시간은 11:30 - 20:30 <b>도산분식 도산공원점</b> 출입문 쪽에 기계가 있어, 대기 등록 시작을 누른 후 연락처 및 인원수를 입력해 주면 입장할 때쯤 안내 카톡이 온다. 우린 대기하면서 도산분식... ",두두의 Mini Homepy,20241014
https://blog.naver.com/sh______hs/224276103699,"[압구정로데오역]<b>도산분식 도산공원점</b>, 육회김밥&amp;순대김밥... ",유료) <b>도산분식 도산공원점</b> 후기 사실 도산분식 주차가 가능해서 방문을 하게 되었어요! 도산분식이 그냥 분식점이라고 생각하면 그것은 오산 메뉴 하나하나에 개성이 있답니다. 저희는 다음과 같이... ,소소한 기록들,20260506
https://blog.naver.com/takkebin/224176026451,압구정로데오 분식 맛집 <b>도산분식 도산공원점</b> 후기,"<b>도산분식 도산공원점</b> 매일 11:30 - 20:30 15:00 - 17:00 브레이크타임 14:30, 20:00 라스트오더 0507-1479-5061 서울... 궁금했던 #도산분식 드디어 가봤어요 앞에 의자는 웨이팅할 때 앉아있는 곳 같아요 #Dosanbunsik 뭔가... ",따개빈’s Blog,20260208
https://blog.naver.com/ajmodel/224026386037,압구정로데오맛집 <b>도산분식 도산공원점</b> 떡볶이 무침만두... ,압구정로데오맛집 도산분식 찐후기였습니다. #도산분식 #도산분식압구정 #도산분식떡볶이 #도산분식무침만두 #<b>도산분식도산공원점</b> #도산분식웨이팅 #압구정로데오맛집 #서울떡볶이맛집 #압구정로데오떡볶이,직접 경험한 여행 코스 미식의 순간들을 기록합니다,20250930
https://blog.naver.com/twist_corn/224190526609,[압구정로데오] 레트로 감성 맛집 <b>도산분식 도산공원점</b>... ,"맛집 <b>도산분식 도산공원점</b>에 다녀왔다.  <b>도산분식 도산공원점</b> 매일: 11:30 - 20:30 브레이크타임: 15:00 - 17... 돈까스샌드 도산분식하면 떠오르는 시그니쳐 메뉴 두툼한 돈까스에 식빵, 그리고 돈가스소스 조합이다.... ",이리각오 저리각오 ٩( ᐛ )و,20260221
https://blog.naver.com/aofl514/224037837606,[압구정로데오역 맛집] <b>도산분식 도산공원점</b> / 육회김밥과... ,재방문의사 : ★★★★ #도산공원맛집 #도산공원맛집추천 #도산공원분식집 #도산공원분식맛집 #도산분식 #<b>도산분식도산공원점</b> #도산분식떡볶이 #서울떡볶이맛집 #압구정로데오맛집 #압구정로데오역맛집... ,"sᴇɪᴢᴇ ᴛʜᴇ ᴅᴀʏ, sᴇʀᴇɴᴅɪᴘɪᴛʏ",20251011
https://blog.naver.com/notbad6/224034402638,[서울]<b>도산분식 도산공원점</b> 후기,안녕하세요 이번에 리뷰할 음식집은 도산분식입니다~ 도산분식은 인테리어와 그릇이 너무... 딱 좋더라구요 메뉴들 다 맛있게 잘 먹었습니다 그럼 이것으로 내돈내산 <b>도산분식 도산공원점</b> 리뷰를 마치겠습니다,notbad.blog,20251010
https://blog.naver.com/newonelove/223709083977,가성비맛집 <b>도산분식 도산공원점</b> 특별한 분식메뉴 추천,친언니와 웨딩촬영을 위한 웨딩드레스 피팅하고 근처에 있는 맛집 <b>도산분식 도산공원점</b> 으로... 먼저 도산분식의 인기쟁이라고하는 특별메뉴 #누룽지떡강정!! 제가 누룽지 좋아하는 사람인 걸 이때 알았잖아요... ,슈솔이네 하루,20241230
https://blog.naver.com/lovely_sso_/224266872660,수원맛집 솥뚜껑 닭볶음탕 <b>도시농원 정자점</b> 메뉴 주차,가까운 정자점이었어요 <b>도시농원 정자점</b> * 경기 수원시 장안구 수성로 275번길 1 1층 도시농원 * 목요일 정기휴무 * 10:30 - 23:00 (22:00 라스트오더) * 031-268-3303 수원맛집 솥뚜껑 닭볶음탕 <b>도시농원 정자점</b> 수원... ,대굴대굴 도토리,20260427
https://blog.naver.com/hayou_k/224255545678,<b>도시농원</b> 수원 <b>정자점</b> 솥뚜껑 닭볶음탕 닭한마리 다 먹어본 후기,여러 번 방문했던 <b>도시농원</b> 수원 <b>정자점</b> 후기 수원 <b>정자점</b> 맛집 찾다가 또 방문하게 된 <b>도시농원</b>인데요  부모님 회사 근처라 예전부터 몇 번 가봤던 곳이고 이번에는 가족이랑 식사하면서 동생 생일도 챙길 겸... ,하유블로그ღ,20260417
https://blog.naver.com/naveerblog/223702163370,경기 수원 <b>도시농원 정자점</b>,<b>도시농원 정자점</b> 방문일자 - 2024년 12월 8일 주소 - 경기 수원시 장안구 수성로275번길 1 - 정자동 76-6 1층 주차 - 가게 뒷편 도시농원 전용 주차장 이용가능 - 정자시장 공영 주차장 이용시 2천원 지원 가격... ,마꼬꼬의 블로그,20241230
https://blog.naver.com/qkrgpal917/223896286627,솥뚜껑 닭볶음탕 맛집 '<b>도시농원 정자점</b>' 내돈내산,도시농원 컨셉이라 그런지 신선하더라고요ㅋㅋㅋ 매장이 넓어 수용할 수 있는 인원이 많을 것 같아요 저녁 시간대에 방문했더니 많은 분들이 식사를 하고 계셨습니다~ 솥뚜껑 닭볶음탕 맛집 <b>도시농원 정자점</b>... ,ღ 올라프의 행복한 하루 ღ,20250611
https://blog.naver.com/y_e_012/223660804563,수원 스타필드 맛집 <b>도시농원 정자점</b> 내돈내산 솔직평,새로 오픈한 곳이라 궁금해서 가봤는데 정말 맛있게 먹고 왔습니다. 생각 이상으로 넘 맛있었던 도시농원! 모두 수원 스타필드 맛집을 찾으신다면 <b>도시농원 정자점</b> 방문해보세요. 추.천 합니다!!,일상 모음.zip,20241114
https://blog.naver.com/leesl1344/223650778430,"수원 닭볶음탕 맛집, <b>도시농원 정자점</b> 솔직 후기",수원 닭볶음탕 맛집 <b>도시농원 정자점</b> ❤️주소: 경기 수원시 장안구 수성로275번길 1 1층 도시농원... 인계동에도 있던데 저희는 바로 집 근처인 정자점을 다녀왔어요! 여기가 솥뚜껑이 시그니처인만큼 입구... ,마녀공주의 Diary,20241107
https://blog.naver.com/ndlove_/224095297154,[수원맛집] 솥뚜껑 닭볶음탕 <b>도시농원 정자점</b>(솔직후기),"<b>도시농원 정자점</b> 격주 목요일 정기 휴무 10:30 - 23:00 라스트 오더 22:00 031-268-3303 포장, 단체 이용 가능... 아직 한 번도 안 먹어봐서 수원 정자동에 있는 솥뚜껑 닭볶음탕 <b>도시농원 정자점</b>을 다녀왔숩니다ㅎ... ",배고픈 노동이,20251202
https://blog.naver.com/jjung_814/223699504280,[수원 맛집] 밥 한 공기 뚝딱 솥뚜껑 닭볶음탕 <b>도시농원 정자점</b>,새로 생긴 <b>도시농원 정자점</b>에서 솥뚜껑 닭볶음탕을 먹은 후기를 남겨 볼게요 <b>도시농원 정자점</b>... 내부 도시농원 가게 이름답게 내부 인테리어는 들어가자마자 물레방아가 보입니다 벽도 황토방 느낌이라... ,일상속,20241219
https://blog.naver.com/sonypick/223825218127,[수원 스타필드 근처 닭볶음탕 맛집] <b>도시농원 정자점</b> 내돈내산... ,안녕하세요 쏘픽입니다♥ 오늘 제가 소개드릴 맛집은 <b>도시농원 정자점</b>입니다 <b>도시농원 정자점</b> 경기도 수원시 장안구 수성로275번길 1 ⏱️ 매일 10:30~23:00 [라스트오더 22:15] ☎️ 031-268-3303 ️ 주차 가능 (가게... ,sonypick,20250407
https://blog.naver.com/yonis_dei/223969860066,[수원] <b>도시농원 정자점</b> / 도심에서 닭볶음탕 먹으면서 촌캉스... ,교회 인근에 있는 <b>도시농원 정자점</b>! 어쩌다보니 두번째 방문을 하게 됐다. 저번에도 교회 친구들과 왔던... 도시농원 주차 안내! 가게 뒤에 전용 주차장이 있어서 이용 가능하다. 다만 4대 정도 이용할 수 있는... ,☆.｡o 요니스데이 o｡.☆,20250814
https://blog.naver.com/beonybot/224124356289,<b>도시 농원</b> 수원 <b>정자점</b>  닭볶음탕 칼칼한 거 땡기는분 드세요,칼칼한 게 싸악 땡기죠 닭볶음탕 안 먹은 지 오래됐으니 긴급 처방 갑니다 <b>도시 농원</b> 솥뚜껑 닭볶음탕 <b>정자점</b> 영업시간 : 10 : 30 - 23 : 00 라스트 오더 : 22 : 00 휴무 : 격주 목 주차 : ⭕️ 가게 내부는 정감 있고... ,beoni’s daily,20251227
https://blog.naver.com/kkambsister/223658700501,수원맛집 닭볶음탕 [<b>도시농원 정자점</b>] 볶음밥 솥뚜껑닭볶음탕... ,★ 메뉴판 <b>도시농원 정자점</b> 도시농원 메뉴판/닭볶음탕 메뉴 메인 메뉴는 당연히 닭볶음탕이에용 저희는 3명이여서 중 3인분으로 먹었오요! 묵은지 닭볶음탕이 있는데 참을 수 있나~! 묵은지 닭볶음탕 중자... ,왈가닥 깜브언니,20241113
https://blog.naver.com/flyingpigg/223656932811,수원 솥뚜껑 닭볶음탕 맛집 <b>도시농원 정자점</b> feat.... ,"주원키친시스템입니다~ 오늘은 닭볶음탕 전문점 <b>도시농원</b>의 납품 / 설치 사례를 보여드리려고 합니다~ 설치 전 도면과 배치도를 정확하게 다시 한번 확인합니다~ 간택기, 낮은렌지, 45박스 냉장고, 테이블... ",주원키친시스템,20241112
https://blog.naver.com/hjhj9602_/223698005751,"수원 | &quot;<b>도시농원 정자점</b>&quot;,내돈내산",#정자동맛집 #영화동맛집 #화서동맛집 #닭볶음탕 #신상맛집 #저녁추천 #메뉴추천 #수원맛집 #맛집 오늘은 엄마랑 맨날 가보자고 노래를 불렀던 #<b>도시농원</b> 드디어 갔습니다. 인테리어가 엄청 특이했어요~ #메뉴판... ,혲니기록,20241218
https://blog.naver.com/heesttorri/223682739504,[수원] <b>도시농원 정자점</b> 닭한마리 먹은 후기,"닭볶음탕 맛집 <b>도시 농원</b> 수원 <b>정자점</b> 방문 후기입니다. 위치 경기도 수원시 장안구 수성로275번길 영업시간 매일 11:30~23:00 주차 정자시장 공영 주차장 닭볶음탕 맛집으로 유명한 곳이지만, 뜨끈한 국물이... ",희또리로그,20241204
https://blog.naver.com/lo_7cal/223743885745,녹진한 국물의 닭볶음탕 맛집 | <b>도시농원 정자점</b> | 내돈내산,<b>도시농원 정자점</b> 경기 수원시 장안구 정자동 76-6 ⏰ 11:30 - 23:00 (22:30 라스트 오더)  단체 이용가능... 있고 농원이라는 컨셉이 확실한거 같아요 내부도 넓고 테이블간 간격도 넓어서 좋았어요 단체모임도... ,람쥐의 미식로그,20250201
https://blog.naver.com/suwoncaptia/223663069951,수원) <b>도시농원 정자점</b>,수원에 새로운 식당이 생겼다 닭볶음탕 . 닭한마리 크게 메인메뉴는 단 두가지 고기 다먹고 칼국수는 국룰이지? 인테리어 다음엔 닭도리탕 먹어봐야징 ㅎㅎ #수원맛집 #<b>도시농원</b> #닭한마리 #닭볶음탕,망그러진 일상,20241116
https://blog.naver.com/seunggudailylife/223732828973,[수원] 스타필드 근처 닭볶음탕 맛집 &quot;<b>도시농원</b> 수원<b>정자점</b>&quot;,수원 스타필드 근처 맛집을 찾아보다 먹어보게 된 &quot;<b>도시농원</b> 수원<b>정자점</b>&quot; 리뷰입니다. 따끈따끈한 신규 오픈 가게인 <b>도시농원</b> 수원<b>정자점</b>의 외관입니다. 테이블 간격도 넓고 내부도 깔끔합니다. 가게 여기저기... ,승구와 평범人의 일상,20250121
https://blog.naver.com/saq112233/223996386586,<b>도시농원 정자점</b>,매장 내부는 깔끔하고 넓은편이였어요 메뉴판 밑반찬 콩나물이 맛있었고 셀프바에서 추가 가능해여 고기가 미리 다 익혀져서 조리된 상태로 나오기 때문에 별도로 기다릴 필요 없이 바로 먹을 수 있어서... ,쯔양이 되고싶음,20250905
https://blog.naver.com/ybh0605/223848590651,수원 정자동 시장 맛집 <b>도시농원</b> 다녀왔어요,영업시간 매일 10 : 30 - 23 : 00 ☎031-268-3303 <b>도시농원정자점</b> 내가 운영하는 학원이다. 즐거운 쉬는... 일을 마치고 여자친구와 함께 도시농원에 갔다. 여자친구가 닭볶음탕이 먹고 싶다고 했다. 수원정자시장맛집... ,나는 참 행복해,20250428
https://blog.naver.com/nymph277/224251731192,<b>동탄</b> <b>칼국수</b> 우이며녹 <b>백합칼국수</b> 웨이팅 맛집,맛보는 칼국수의 풍미를 그대로 느낄 수가 있었어요. 아무래도 싱싱한 백합을 넉넉히 넣어주시니까 시원한 국물 맛이 마음을 사로잡아서인가 봐요. #동탄칼국수 #오산칼국수 #<b>동탄백합칼국수</b> #동탄맛집 #오산맛집,햇살나무,20260414
https://blog.naver.com/sssel/224270665323,"맛집, <b>동탄</b> 송동 맛집 중 1등이었던 우이며녹 <b>백합칼국수</b> <b>동탄</b>점","<b>동탄</b>역 맛집, <b>동탄</b> 송동 맛집 중 1등이었던 우이며녹 <b>백합칼국수</b> <b>동탄</b>점 <b>동탄</b>역 맛집, <b>동탄</b> 송동 맛집 중 1등이었던 우이며녹 <b>백합칼국수</b> <b>동탄</b>점 <b>동탄</b>역 맛집, <b>동탄</b> 송동 맛집 중 1등이었던 우이며녹 <b>백합칼국수</b>... ",제주 살색,20260430
https://blog.naver.com/fow99/224271051428,롯데백화점 <b>동탄</b> 맛집 찾다가 다녀온 우이며녹 <b>백합칼국수</b> <b>동탄</b>점,"<b>동탄</b>역 맛집, 롯데백화점 <b>동탄</b> 맛집 찾다가 다녀온 우이며녹 <b>백합칼국수</b> <b>동탄</b>점 <b>동탄</b>역 맛집, 롯데백화점 <b>동탄</b> 맛집 찾다가 다녀온 우이며녹 <b>백합칼국수</b> <b>동탄</b>점 <b>동탄</b>역 맛집, 롯데백화점 <b>동탄</b> 맛집 찾다가... ",월간 세금박사,20260501
https://blog.naver.com/mkszero/224226526195,<b>동탄백합칼국수</b> - 백합칼국수 미나리 보리새우전 계란죽,<b>백합칼국수</b> 3인과 미나리 보리새우전을 주문했다. <b>백합</b>이 들어있는 <b>칼국수</b> 국물이 먼저 나온다. <b>백합</b>이 입을 벌리면 먼저 꺼내서 먹는다. 그사이 면 대기중 배추김치가 생각보다 매웠다. 입에 넣자마자 매운맛이... ,K-STYLE,20260323
https://blog.naver.com/daily_fit/224218016442,<b>동탄</b><b>칼국수</b> 맛집 우이며녹<b>백합칼국수</b> <b>동탄</b>점,우이며녹백합칼국수 동탄점을 네비 찍고오면 스타벅스 DT입구 바로옆 오른쪽으로 주차장 입출입구가... 앞 가능 #동탄칼국수 #오산칼국수 #<b>동탄백합칼국수</b> #동탄칼국수 맛집 #오산칼국수 맛집 #동탄맛집 #오산맛집,요이의 소소한이야기,20260316
https://blog.naver.com/sgdb486/224196597174,<b>동탄</b> 한정식 맛집 한식 땡길 땐 우이며녹 <b>백합칼국수</b> <b>동탄</b>점,<b>동탄</b> 한정식 맛집 한식 땡길 땐 우이며녹 <b>백합칼국수</b> <b>동탄</b>점 <b>동탄</b> 한정식 맛집 한식 땡길 땐 우이며녹 <b>백합칼국수</b> <b>동탄</b>점 <b>동탄</b> 한정식 맛집 한식 땡길 땐 우이며녹 <b>백합칼국수</b> <b>동탄</b>점 며칠 전 친하게 지냈던... ,쏭끼의 방방곡곡 여행기 ✅️,20260226
https://blog.naver.com/alley1980/224186572322,1<b>동탄</b> 맛집 2대째 장사중인 <b>동탄</b> 한식 맛집 우이며녹 <b>백합칼국수</b>,우이며녹 <b>백합칼국수</b> <b>동탄</b>점 주소 : 경기 오산시 외삼미로 162-42 101호 영업시간 : 매일 10:00 -22:00 (21:00 라스트오더) 전화번호 : 031-8003-1117 제가 이번에 다녀온 <b>동탄</b> 한식 맛집은 '우이며녹 <b>백합칼국수</b> <b>동탄</b>점... ,고고씨네 소소한 일상,20260217
https://blog.naver.com/yjy819/224262734038,맛집 가길 잘한 <b>동탄</b> 센트럴파크 맛집 우이며녹 <b>백합칼국수</b> <b>동탄</b>점,"<b>동탄</b>역 맛집에서 정말 맛있고 만족스러운 식사였습니다. #<b>동탄</b>맛집, #<b>동탄</b>센트럴파크맛집, #외삼미동맛집, #<b>동탄</b>점심, #<b>동탄</b><b>칼국수</b>, #오산<b>칼국수</b>, #<b>동탄</b>한식, #<b>동탄</b>샤브샤브, #우이며녹<b>백합칼국수</b><b>동탄</b>점",삼남매맘 추억저장소,20260423
https://blog.naver.com/hyo761/224245148305,"<b>동탄</b>역 맛집, 1<b>동탄</b> 맛집 맛있었던 우이며녹 <b>백합칼국수</b> <b>동탄</b>점","<b>동탄</b>역 맛집, 1<b>동탄</b> 맛집 맛있었던 우이며녹 <b>백합칼국수</b> <b>동탄</b>점 <b>동탄</b>역 맛집, 1<b>동탄</b> 맛집 맛있었던 우이며녹 <b>백합칼국수</b> <b>동탄</b>점 <b>동탄</b>역 맛집, 1<b>동탄</b> 맛집 맛있었던 우이며녹 <b>백합칼국수</b> <b>동탄</b>점 며칠 전 친구들을... ",행복바이러스,20260408
https://blog.naver.com/guselvkvk/224202942969,맛집 찾다가 인생 한식 먹고 온 우이며녹 <b>백합칼국수</b> <b>동탄</b>점,<b>동탄</b> 치동천 맛집 찾다가 인생 한식 먹고 온 우이며녹 <b>백합칼국수</b> <b>동탄</b>점 <b>동탄</b> 치동천 맛집 찾다가 인생 한식 먹고 온 우이며녹 <b>백합칼국수</b> <b>동탄</b>점 <b>동탄</b> 치동천 맛집 찾다가 인생 한식 먹고 온 우이며녹... ,요리를 즐기는 아빠,20260303
https://blog.naver.com/herohwangsae/224239762181,뽑다가 발견한 <b>동탄</b> 센트럴파크 맛집 우이며녹 <b>백합칼국수</b> <b>동탄</b>점,"쫄깃하고 부드러운 식감에 엄지 척 들어올렸습니다. #<b>동탄</b>맛집, #<b>동탄</b>역맛집, #<b>동탄</b>센트럴파크맛집, #외삼미동맛집, #<b>동탄</b>점심, #<b>동탄</b><b>칼국수</b>, #오산<b>칼국수</b>, #<b>동탄</b>한식, #<b>동탄</b>샤브샤브, #우이며녹<b>백합칼국수</b><b>동탄</b>점",무적황새 블로그,20260403
https://blog.naver.com/6tmdgml6/224021322596,동탄역 맛집-<b>동탄 백합칼국수</b>. 깔끔한 백합탕 국물과 고소한... ,#동탄역맛집 #동탄그린파킹 #동탄역주차타워 #동탄역칼국수 #2동탄맛집 #<b>동탄백합칼국수</b> #동탄역술 #동탄역술안주 #백합칼국수 #동탄백합조개 #동탄역조개맛집 #동탄역낮술 #동탄2맛집 #동탄백합조개탕... ,미쓰노 * 미쓰노의 공방 * 미쓰노의 섬세한 일상리뷰,20250925
https://blog.naver.com/juyeon123456/224173806749,맛집 감탄한 <b>동탄</b> 산척동 맛집 우이며녹 <b>백합칼국수</b> <b>동탄</b>점,맛있는 식사를 하여 <b>동탄</b> 산척동 맛집으로 인정하게 되었어요. #<b>동탄</b>맛집 #<b>동탄</b>센트럴파크맛집 #<b>동탄</b>북광장맛집 #<b>동탄</b>점심 #<b>동탄</b><b>칼국수</b> #<b>동탄</b>한정식 #<b>동탄</b>샤브샤브 #<b>동탄</b>한정식맛집 #우이며녹<b>백합칼국수</b><b>동탄</b>점,또 다른 꿈을~!!!,20260206
https://blog.naver.com/leefall_/224270222567,동탄 칼국수 맛집 | 동탄역 근처 <b>동탄백합칼국수</b> 내돈내산 후기... ,괜찮은 한 끼였습니다 #동탄역맛집 #동탄구청맛집 #동탄칼국수맛집 #<b>동탄백합칼국수</b> #동탄맛집추천 #동탄점심맛집 #2동탄맛집 #백합칼국수메뉴 #<b>동탄백합칼국수</b>주차 #산낙지칼국수 #동탄몸보신 #동탄가족외식추천,신혼일기,20260430
https://blog.naver.com/elice3004/224180408146,<b>동탄</b><b>칼국수</b> 맛집 우이며녹 <b>백합칼국수</b> 방문 후기,오산칼국수추천 #<b>동탄백합칼국수</b>추천 #동탄맛집추천 #오산맛집추천 #우이며녹백합칼국수 #우이며녹백합칼국수후기 #우이며녹백합칼국수추천 #우이며녹백합칼국수추천후기 #우이며녹백합칼국수동탄점... ,"똥꼬발랄 삼남매맘의 맛집, 놀집, 궁금한집",20260211
https://blog.naver.com/cyberket/224110676979,맛있는 보양식을 먹을 수 있던 <b>동탄</b>역 맛집 우이며녹<b>백합칼국수</b>,신선하고 맛있는데 영양까지 가득한 음식들이 있던 곳이에요. 나이에 상관없이 누구나 맛나게 먹을 수 있을 메뉴들이라 꼭 드셔보시길 권하고 싶어요. #1<b>동탄</b>맛집 #<b>동탄</b>역맛집 #우이며녹<b>백합칼국수</b><b>동탄</b>점,일본구매대행 네코온나,20251215
https://blog.naver.com/berrycess/224085885126,우이며녹 <b>백합칼국수</b> <b>동탄</b>점 외삼미동맛집 <b>동탄</b><b>칼국수</b>맛집,"동탄칼국수 오산칼국수 <b>동탄백합칼국수</b> 동탄맛집 오산맛집 외삼미동맛집 우이며녹 백합칼국수 동탄점 031-8003-1117 경기 오산시 외삼미로 162-42, 1층 매일 10:00 - 22:00 라스트오더 21:00 오픈한지 며칠 안되었으니... ",♧재영요안과 함께 캠핑&맛집♧,20251124
https://blog.naver.com/97sara/224103984775,일상 - <b>동탄 백합칼국수</b>,날씨가 추워서 나도 요즘 칼국수 땡겼는데 다들 생각이 비슷했는지 칼국수로. <b>동탄 백합 칼국수</b>. 저번에 보고 가고 싶었는데 드디어 가보게 되었다. 먹는 방법은 이렇게 써 있다. 육수 아래에 백합이 있다. 열심히... ,명랑 만화의 주인공,20251209
https://blog.naver.com/sks5671/224167608540,동탄 칼국수 맛집 : <b>동탄백합칼국수</b> 다녀오다!!!!,"시원한 백합칼국수를 먹으로 갔다. 1. 영업시간 11:00~22:00, 15:00~16:00 브레이크, 21:00 라스트오더, 주말에는 브레이크 없음 호텔 체크아웃하고 방문하게 된 동탄 칼국수 맛집 <b>동탄백합칼국수</b> 무슨 주민 센터도... ",무던하고 덤덤한,20260201
https://blog.naver.com/ning_ning___/224257436660,<b>동탄</b>역 맛집 <b>백합칼국수</b> |  국물까지 싹 비운 후기 (내돈내산... ,후기 <b>동탄 백합 칼국수</b> 맛있게 드시는 방법이 설명되어 있어용 처음 방문이라고 말씀하시면... 동탄역 근처 사시면 꼭 한번 가보셔요~ #백합칼국수 #칼국수맛집 #해물칼국수 #조개칼국수 #국수맛집 #칼국수추천... ,놀고 먹고 여행가는 블로그,20260421
https://blog.naver.com/sallyjuli/224273741351,광교 호수공원 맛집 야장 모임장소 웨이팅 <b>두강곱창 광교본점</b>,광교 호수공원 맛집 <b>두강곱창 광교본점</b> #광교호수공원맛집 #광교호수공원곱창 #광교호수공원야장 #광교곱창맛집 #두강곱창광교 #광교호수공원술집 안녕하세요! 언제나 여행중인 쑴니에요. :) 광교에서 모임... ,쑴니는 여행중,20260503
https://blog.naver.com/y__yehdo/224252302977,광교 호수공원 맛집ㅣ<b>두강곱창 광교본점</b> 야장 애견동반,"ʚ <b>두강곱창 광교본점</b> ɞ  위치 경기 수원시 영통구 법조로 38 B31호, B32호 ⏰ 영업시간 14:00 - 24:00  주차... 호수공원 산책하고 들어가기에도 너무 좋은 날씨예요! 광교 곱창 맛집, 두강곱창으로 정착하고 갑니다-! ෆ",도야밍ෆʕ•ᴥ•ʔෆ,20260414
https://blog.naver.com/iboeun96/224270829229,[광교 호수공원] 회식 실패란... 아지트 '<b>두강곱창 광교본점</b>... ,동료들과 광교 호수공원 회식 장소로 방문해 감탄했던 <b>두강곱창 광교본점</b>이더라고요. 설레는 마음을... 화면에는 3일 정성 수제 소스 등 두강곱창만의 세 가지 비법에 대해 자세히 알 수 있었죠라며 읽어보는... ,호리룰루의 탐험,20260430
https://blog.naver.com/junexun/224135231150,광교 곱창 맛집 <b>두강곱창 광교본점</b>  광교 호수공원 데이트 맛집... ,"광교호수공원맛집 / 광교곱창맛집 / 광교회식장소 광교데이트 / 광교단체회식 / 광교놀거리 두강곱창 광교곱창 방문 후기 입니다! <b>두강곱창 광교본점</b> 주소 : 경기 수원시 영통구 법조로 38 B31호, B32호... ",은채의 리뷰 블로그,20260105
https://blog.naver.com/ack24/223909236486,광교 호수공원 모임 하기 좋은 맛집 - <b>두강곱창 광교본점</b>,한우 곱창 광교호수공원 곱창 맛집 술집 <b>두강곱창 광교본점</b> 위치: 경기 수원시 영통구 법조로 38 1층 B31... 와서 두강곱창 한 번 방문해 보시길 #광교곱창맛집 #광교곱창술집 #곱창전골 #곱창볶음... ,바바파파로그,20250623
https://blog.naver.com/yonikiki272/224267781643,"광교호수공원 맛집 <b>두강곱창 광교본점</b>, 한우알곱창과 막창","오늘은 광교 인근에서 곱창 마니아들 사이에서는 이미 입소문이 자자한 <b>두강곱창 광교본점</b>에 다녀왔습니다. 산책 코스와도 가까워 접근성이 좋고, 무엇보다 한우 소곱창 본연의 맛을 제대로 느낄 수 있었던... ",리본의 TRIP ARCHIVE,20260428
https://blog.naver.com/hataeda/224198204251,광교 호수공원 식당 <b>두강곱창 광교본점</b> 곱창 제대로 즐긴 후기,광교 호수공원 식당 <b>두강곱창 광교본점</b> 이야기를 남겨보려고 해요 지글지글 소리만 들어도 기분 좋아지는 곱창 이날은 진짜 제대로 먹고 싶었던 날이었거든요 ㅎㅎ  영업시간 오후 2:00~ 12:00 (휴무없음) 두강곱창... ,하태다 맘 매니저 의 기록장,20260227
https://blog.naver.com/cherrycoco3825/224276298830,영통구 맛집 맛잘알 친구와 함께 알게 된 <b>두강곱창 광교본점</b>✨,"위치 <b>두강곱창 광교본점</b> 경기 수원시 영통구 법조로 38 B31호, B32호 광교 호수공원 두강곱창 오시는 길 자차 이용 시 주차장 아주 넓어서 초보도 걱정 없어요 !!! ⏰ 영업시간 ⏰ 매일 14:00 - 24:00 365일 휴무 없이... ",채리,20260506
https://blog.naver.com/fdk1030/224247547700,광교 엘리웨이 식당 <b>두강곱창 광교본점</b>｜광교호수공원 곱창... ,찾는다면 <b>두강곱창 광교본점</b>은 꼭 한번 가보시길 바래요:) #광교엘리웨이식당 #<b>두강곱창광교본점</b> #광교곱창맛집 #광교호수공원맛집 #광교회식맛집 #광교데이트맛집 #광교소곱창 #광교맛집추천 #광교주차편한식당,GO 몽글 스토리,20260410
https://blog.naver.com/geyehhh/224241620644,[광교호수공원] <b>두강곱창 광교본점</b> (내돈내산),금방 두강곱창에 도착해요 아! 저희는 근처에 주차했지만 해당건물에 주차도 가능해요 ★<b>두강곱창 광교본점</b>★ 주소: 경기도 수원시 영통구 법조로 38 B31 전화번호 : 0507-1358-6868 영업시간 : 14:00-24:00pm 휴무일... ,링링이네 집,20260405
https://blog.naver.com/eun1197/224089547810,광교 호수공원 맛집 <b>두강곱창 광교본점</b> 알곱창 대창구이 후기,해요 <b>두강곱창 광교본점</b>은 광교호수공원 산책로 바로 옆에 위치하고 있어서 방문만 해도 나들이 분위기를 느낄 수 있는 곳이에요. 두강곱창의 내장류는 한우만 취급해서 전체적으로 신선함을 느낄 수 있었어요... ,은겅의 즐거운 하루,20251127
https://blog.naver.com/lj3435/224019225579,수원] 정성 듬뿍담긴 광교호수공원 곱창 맛집 &quot;<b>두강곱창 광교본점</b>&quot;,"맛집, 두강곱창 안녕하세요! 오늘은 최근에 다녀온 광교 호수공원 맛집인 &quot;<b>두강곱창 광교본점</b>&quot;에 대해 포스팅하겠습니다:) 접근성도 좋고, 광교호수의 이쁜 뷰가 보이는 곳에 바로 위치해있는 두강곱창!... ",정이다움's Daily log,20250924
https://blog.naver.com/pjj0624/223894267105,"<b>광교</b>호수공원 먹거리 <b>두강곱창</b>,",호수공원 끝자락에 있는 먹거리중에서 두강곱창이라는 곳을 방문해봤어요. 음. 저녁시간보다 이른시간이였지만 사람이 거의 가득 참. 어디가 본점인지는 모르겠으나 여기도 <b>두강곱창광교본점</b>이라고... ,희아빠 육아 취미 맛집 일상.,20250610
https://blog.naver.com/reiluj2514/224065411248,수원 광교호수공원 맛집 “<b>두강곱창 광교본점</b>” 곱이 꽉 찬... ,안녕하세요 쫑이입니다〰️ 저 광교에서 완전 맛도리 인생 곱창집 찾았어요 야장하기 좋은 날씨였던 9월부터 눈여겨보던 광교 호수공원 맛집 두강곱창을 드디어 다녀왔습니다. <b>두강곱창 광교본점</b> 영업시간... ,알코홀릭의 맛있는 삶,20251105
https://blog.naver.com/silenceee_/224018384352,수원 소곱창 맛집 <b>두강곱창 광교본점</b> | 이것이 진정한 곱창의 맛,고민하다가 친구가 꼭 가보고 싶다며 찜해둔 곳이 있다고 해서 따라나섰어요 그곳은 바로 수원 소곱창 맛집 <b>두강곱창 광교본점</b> 이미 입소문도 자자하게 나 있어서 믿고 먹을 수 있겠다 싶었거든요 두강곱창... ,정숙한 모음.zip,20250923
https://blog.naver.com/xoyozo89/224248319818,광교 호수공원 야장 끝판왕!... 전통의 맛 / [<b>두강곱창 광교본점</b>],"수원 광교로 드라이브!. 꾹이가 나오기 전에 즐겼던....그날의 추억..... 수원토박이 친구들에게 물어물어... 환경이었던 두강곱창! <b>두강곱창광교본점</b> 메뉴사진 깔끔하게 마감된 우드톤의 벽면을 보는데, 실제... ",오늘도 꾹이랑-goood dayꯁꯧ,20260411
https://blog.naver.com/yumyumroad-/224274053660,광교 호수공원 단체모임... 해도 손색 없는 [<b>두강곱창 광교본점</b>],안녕하세요 :) 오늘은 광교 호수공원 단체모임으로 추천드리는 두강곱창 다녀온 후기 시작해볼게요! 광교 호수공원 단체모임 맛집 <b>두강곱창 광교본점</b> 경기도 수원시 영통구 법조로 38 매일 14:00-24:00 오랜만에... ,냠냠로드,20260504
https://blog.naver.com/kcmost/224143252930,광교 호수공원 애견동반 곱창 맛집 <b>두강곱창 광교본점</b>,주말 광교 호수공원에 애견동반이 가능한 최고급 한우 곱창 맛집 '<b>두강곱창 광교본점</b>'을 다녀온 후... 소스는 곱창의 고소함과 환상적인 하모니를 자랑했습니다 두강곱창은 숙련된 직원분들이 처음부터 끝까지... ,찬성's story,20260112
https://blog.naver.com/sora95_/224244375614,"광교 호수 맛집, <b>두강곱창 광교본점</b> 맛부터 시작해서 눈까지... ",자신 있게 권할 수 있는 광교 호수 맛집임에 틀림없습니다. #광교호수맛집 #두강곱창 #<b>두강곱창광교본점</b> #광교호수 #광교호수곱창 #두강곱창메뉴 #곱창 #광교곱창 #광교호수곱창맛집 #곱창맛집 #광교호수맛집추천,물욕왕소라,20260407
https://blog.naver.com/jieunyoh/224247478367,광교 엘리웨이 맛집 구워주는 소곱창집 “<b>두강곱창 광교본점</b>”,"광교 엘리웨이 맛집 두강곱창 후기입니다 <b>두강곱창 광교본점</b>  경기 수원시 영통구 법조로 38 B31호, B32호 ⏰14:00-24:00(연중무휴) 0507-1358-6868 차량 이용 시 ‘광교더샵레이크파크’로 네비 검색.... ",Au calme,20260410
https://blog.naver.com/bk__bk/224169060063,[강남역] 즉석 떡볶이 무한리필 뷔페 &quot;<b>두끼 강남역점</b>&quot; 강남역... ,2026년 2월 5일 <b>두끼 강남역점</b> 매일 11시 ~ 22시 라스트 오더 20시 30분 주차 불가 인근 역삼 문화공원... 두끼떡볶이 강남역점 리뷰입니당 1. 위치 강남역 떡볶이 무한리필 두끼는 강남역 11번 출구에 위치해 있어요.... ,먹고 노는 사람,20260205
https://blog.naver.com/armn1201/223907286966,신논현역 분식 맛집 가성비 떡볶이 <b>두끼 강남역점</b> 가격 신메뉴,신논현역 분식 맛집 | 가격 신메뉴 <b>두끼 강남역점</b> 영업시간 | 매일 11:00~22:00 주소 | 서울 강남구... 메뉴판 두끼떡볶이 강남역점 가격은 이렇고요. 인상했어도 여전히 가성비 넘치게 쏘 저렴쓰. v문앎이 주문한... ,앎의 빅데이터 저장소,20250622
https://blog.naver.com/qhfk73/223843996126,강남역 저녁 떡볶이 무한리필 맛집 <b>두끼 강남역점</b> 내돈내산,강남역 저녁 떡볶이 무한리필 맛집 <b>두끼 강남역점</b> 내돈내산 안녕하세용!! 오늘은 강남역 저녁 떡볶이... 먹지는 못했지만 이것 저것 먹기에 좋았던 강남역 떡볶이 무한리필 맛집 두끼 강남점 내돈내산 후기 끝,맹수의 일대기,20250423
https://blog.naver.com/ddoobi2344/224243511576,"<b>두끼 강남역점</b> 내돈내산 후기, 새로 리뉴얼된 강남역 두끼 솔직... ",우후후 <b>두끼 강남역점</b> 주소) 서울 강남구 강남대로98길 9 3층 ⏰ 영업시간) 11:00 - 22:00  전화번호) 02-567... #두끼 #<b>두끼강남역점</b> #강남역맛집 #강남역가성비맛집 #강남역점심 #강남역무한리필 #떡볶이뷔페... ,굴러다니는 일상,20260407
https://blog.naver.com/ekthaworhkd/224111691115,강남역 무한리필 떡볶이 맛집 <b>두끼 강남역점</b> 두끼 신메뉴... ,강남역 훠궈맛집 두끼신메뉴 <b>두끼 강남역점</b> 주소 : 서울 강남구 강남대로98길 9 3층 <b>두끼 강남역점</b> ⏰운영시간 : 매일 11:00 - 22:00 *라스트오더 20:30 전화번호 : 0507-1495-2773 ✅주차 불가 / 예약 가능 / 포장 가능... ,햅피트립 - ૮ • ﻌ -ა ♥,20251216
https://blog.naver.com/annleeyh/223861402699,강남역 신논현 떡볶이 맛집 | <b>두끼 강남역점</b> 내돈내산 후기... ,"<b>두끼</b> 떡볶이! 동남아 여행하면서 많이 마주쳤던, 이미 세계적으로 유명해진 자랑스러운 떡볶이 맛집. <b>강남역점</b>으로 다녀와 봤습니다. 게다가 가성비 측면에서 너무 착한(?) 식당이라 소개해 드려요! 11시에... ",이윤희 아나운서-강사 “경험을 공유해요!”,20250510
https://blog.naver.com/summerspring_/224252479093,"강남 맛집 : <b>두끼 강남역점</b>, 웨이팅","#내돈내산 <b>두끼 강남역점</b> 넘 맛있다 정말 위치 서울 강남구 강남대로98길 9 3층 <b>두끼 강남역점</b> 강남역 11번 출구 263m ☎️ 02-567-2771 웨이팅 웨이팅이 있을줄이야 그것도 두끼를,,, 25년 8월 방문기준 금요일 오후... ",빙글빙글챗바퀴,20260414
https://blog.naver.com/galaxia053/224252183149,"강남ㅣ가성비 최고! 혼밥 가능한 강남역 점심 맛집, <b>두끼 강남역점</b>",있는 <b>강남역 점</b>심 맛집에 밥까지 볶아 먹을 수 있다니... 심지어 맛있다....... 재료도 신선함.... <b>강남</b> 떡볶이 무한리필 중 감히 최고라고 말해 봅니다.. <b>두끼</b>에서 <b>강남역</b> 혼밥 가능한 거 알았던 사람 매장... ,에디터 홍시,20260414
https://blog.naver.com/zidmlql039/223878861166,강남역데이트 가성비 있고 배부르게 <b>두끼 강남역점</b>,게다가 양념의 종류가 다양하기 때문에 여러번 먹어도 질리지 않아서 강남역데이트할 때 자주 두끼를 애용하고 있어요. 강남역데이트 식당 위치와 특징 주소 : 서울 강남구 강남대로98길 9 3층 <b>두끼 강남역점</b>... ,벚꽃비 유람기✨️,20250526
https://blog.naver.com/ajtwoddl33/224107696038,[강남] <b>두끼 강남역점</b> :: 겨울 한정 토마토/마라 훠궈 즐기기,건물 3층에 위치한 두끼떡볶이 강남역점 캐치테이블을 이용해서 가게 앞에서 대기가 가능했는데... (어묵꼬치도 추천소스와 함께해염♥) <b>두끼 강남역점</b> 두끼의 훠궈 프로모션은 26년 1월 31일까지 진행된다고... ,지금 먹으러 갑니다,20251213
https://blog.naver.com/fresh04502/223908031219,강남역 무한리필 떡볶이 맛집 <b>두끼 강남역점</b> 방문 후기,음식 종류까지 만족스러워서 앞으로 두끼는 강남역점만 가게 될 것 같다 #두끼강남점 #<b>두끼강남역점</b> #강남떡볶이 #강남역떡볶이 #신논현역떡볶이 #신논현떡볶이 #강남분식 #강남역분식 #신논현분식 #신논현역분식,☃️,20250622
https://blog.naver.com/boss711/223852502015,강남 무한리필 즉석떡볶이 가성비 점심 <b>두끼 강남역점</b>,"사실 두끼 오랜만에 오는건데 안본 사이에 새로운 소스가 많아졌네요. 투움바 소스, 마라 소스는... 수 있는 강남 가성비 맛집 강남역 떡볶이 무한리필 맛집 <b>두끼 강남역점</b>! 이벤트 끝나기 전에 다들 다녀오세요~",우당탕탕 눈토끼의 하루,20250501
https://blog.naver.com/tenbillion_z/223858331841,강남 떡볶이 맛집 무한리필 뷔페 ‘<b>두끼 강남역점</b>’ 후기,강남 떡볶이 맛집 무한리필 뷔페 ‘<b>두끼 강남역점</b>’ 후기 안녕하세요. 빌리언패션입니다. 이번 포스팅에서는 강남 떡볶이 맛집으로 유명한 '<b>두끼</b>' <b>강남역점</b>을 소개해드리려고 해요. 떡볶이는 대한민국 대표적인... ,BILLION FASHION & LIFE,20250507
https://blog.naver.com/designi79/223842639249,"강남 핫플, &quot;<b>두끼 강남역점</b>&quot; 사인공사 리뷰합니다!",<b>두끼 강남역점</b> 시공하다. 저녁 무렵부터 준비해서 강남역으로 향합니다. 이날은 월요일인데도... me/GbD3rO3J #두끼 #<b>두끼강남역점</b> #강남역점 #DOOKKI #dookki #떡볶이무한리필 #떡볶이뷔페 #떡볶이맛집 #강남맛집... ,브랜드를 DESIGN 하다!,20250422
https://blog.naver.com/syp9/224117716122,"[강남, 신논현] <b>두끼 강남역점</b> / 두끼훠궈 / 훠궈두끼... ",00 <b>두끼 강남역점</b> 매장내부 내부는 전형적인 두끼 스타일로 넓고 활기찬 분위기였어요. 대신 강남역점... (내돈내산이라는 뜻) #두끼 #<b>두끼강남역점</b> #강남역맛집 #두끼무한리필 #떡볶이무한리필 #두끼훠궈... ,갈매기눈썹의 일상이야기 : 속닥속닥,20260106
https://blog.naver.com/wooback_blog/223883252800,강남맛집추천 <b>두끼 강남역점</b> 로제 먹고 온 후기,"상호명 ] <b>두끼 강남역점</b> [ 주소 ] 서울 강남구 강남대로98길 9 [ 지하철 ] 2호선 신분당선 강남역 도보 4분... 주로 두끼 1국자, 떡모 2국자가 국룰 픽으로 평가받고 있으며, 취향에 따라 더 맵게 먹고 싶다거나... ",우블 일기장,20250530
https://blog.naver.com/hah4815/223900867355,강남역즉석떡볶이 맛집 <b>두끼 강남역점</b> 후기/ 강남떡볶이... ,저는 강남두끼가 가까워서 <b>두끼 강남역점</b>으로 갔고 강남역점은 처음 가봤는데 꽤 넓고 재료도 많고... 위치는 강남역 11번 출구에서 4분정도만 걸어가면 안경점이 있는 건물 3층에 있는데 강남 메인 거리에... ,지니횅로그,20250616
https://blog.naver.com/yoon__story/224055672255,"<b>두끼 강남역점</b> 11,900원으로 떡볶이 무한리필 해먹기",강남역에 있는 두끼에 다녀왔어요! 대학생때 많이 갔었는데 그새 매장도 많아지고 더 고급스러워졌더라구요. 11900원으로 정말 무한으로 맛있게 즐기고와서 후기남겨봅니다. <b>두끼 강남역점</b> 서울 강남구... ,션이의 맛집투어,20251027
https://blog.naver.com/sweetinformation/223867181102,신논현역 떡볶이 맛집 <b>두끼 강남역점</b> 리뷰 방문기♥,"강남역 떡볶이 끝판왕, <b>두끼 강남역점</b> 리뷰  <b>두끼 강남역점</b>은 지하철 역에서도 가깝고 찾기 쉬운 곳에 자리 잡고 있어서 어렵지 않게 찾아갈 수 있었어요. 참고로 영업시간은 매일 오전 11시부터 오후 9시... ",✨스윗한 정보✨,20250516
https://blog.naver.com/tla4039/224245424321,<b>강남</b> 훠궈맛집 가성비 훠궈 소스 조합 비율 <b>두끼</b> 꿀팁 토마토... ,안녕하세요 오늘 소개드릴 맛집은 가성비 훠궈맛집 <b>두끼 강남역점</b> 서울 강남구 강남대로98길 9 3층 ⏰월-일 11:00-22:00 (라스트 오더 20:30) 두끼 훠궈가 출시했다는 소식을 듣고 빠르게 <b>두끼 강남역점</b>으로... ,시모선의 맛.Zip,20260408
https://blog.naver.com/jkl7003/224189359694,수원 두쫀쿠 맛집 광교 <b>디어스윗랩</b> 두바이쫀득김밥 파블로바... ,"맛집 <b>디어스윗랩</b> 예약 갈겼는데요! 마침 발렌타인데이 기간이라, 두바이쫀득김밥 예약이 가능했다는... 했던 <b>디어스윗랩</b> 두바이쫀득김밥 예약 티켓팅... 걱정했던 정도는 아니지만 역시나 꽤 빠르게 예약이... ",립덕후의 뷰티 세상,20260220
https://blog.naver.com/dmsgp0924/224259662189,수원 광교 카페_<b>디어스윗랩</b>,때 <b>디어스윗랩</b> 두바이 쫀득김밥 너무 먹고 싶었는데 수원까지 오픈런은 힘들어서 엄두도 못 냈거든요 드디어 먹어봅니다!! 짜잔 주문한 메뉴는 직접 서빙해 주시는데 직원분들도 강아지를 좋아하시는지 에디... ,에디누나의 하루일기,20260421
https://blog.naver.com/merryberri/224172672755,광교 카페거리 카페추천 <b>디어스윗랩</b> 두바이쫀득김밥 원조... ,"추천, <b>디어스윗랩</b> 포스팅이에요  예전부터 광교 카페거리 들릴때마다 항상 가는 카페 리스트 업에... 시작해봅니당  <b>디어스윗랩</b> (dear sweet lab.) 주소 : 경기 수원시 영통구 센트럴파크로127번길 147 1층 영업시간... ",ME:RRILY 라이프 다이어리,20260205
https://blog.naver.com/50-2ndchance/224142029151,<b>디어스윗랩</b> 두바이김밥 더현대 팝업 주말 웨이팅 솔직후기... ,"저도 드디어 주말에 더현대 팝업에 다녀왔는데요, 솔직하게 후기 남겨드릴게요! 수원 <b>디어스윗랩</b> 본점 - 알고 가면 더 특별해요 더현대 팝업 이야기 전에, <b>디어스윗랩</b> 본점에 대해 먼저 소개할게요. 사실 이... ",맛다움쿡의 맛있는 이야기,20260110
https://blog.naver.com/ksh1992001/224150774526,두바이쫀득김밥 원조 수원 <b>디어스윗랩</b> 오픈런 두쫀김... ,두바이쫀득김밥 수원 광교 <b>디어스윗랩</b> 두쫀김 오픈런 화제의 두쫀쿠. 요즘 난리도 아니죠?... 두바이쫀득김밥 후기 드디어 먹어보는 두바이쫀득김밥! 두쫀쿠도 못 먹어봤는데ㅋㅋㅋㅋ 처음을 김밥으로... ,모든 날들이 여행,20260118
https://blog.naver.com/yuen0921/224163152514,더현대서울 팝업 <b>디어스윗랩</b> 두바이쫀득김밥 원조 솔직 후기,그 원조로 알려진 <b>디어스윗랩</b>(Dear sweet lab) 이 드디어 더현대서울 팝업으로 만날 수 있어서 다녀왔어요! 전 두쫀쿠를 1일 1두쫀쿠 중이라 굉장히 예민한데 그래서 더 솔직 후기 말씀드리도록 할게요! 그리고 원.... ,오늘도 여행가지윤~,20260128
https://blog.naver.com/mogura81/224147189038,"주간기록, <b>디어스윗랩</b> 두쫀쿠+콜링우드 딸기케이크+YM... ","@ <b>디어스윗랩</b> 날이 추워져서 엄마가 잘 안 데리고 나가는 요즘. 큰언니(=본인)가 와야지만, 바깥바람을 쐴 수 있게 되었다 ㅠㅠㅠㅠ 여전히 인기인 행궁동의 콜링우드에서 커피 한잔 마시고 갑니다. 커피... ",추억은 방울방울,20260115
https://blog.naver.com/marin35/224151631625,더현대서울 <b>디어스윗랩</b> 두바이쫀득김밥 내돈내산 후기,샐리예요 더현대 서울에 수원 두쫀쿠맛집인 <b>디어스윗랩</b>이 팝업을 했어요 11월에 이어 1월까지 2번째... 멈추시더라구요~ <b>디어스윗랩</b> 디저트 맛있게 먹는 법도 안내 되어 있는데 너무 깨알 같이 적혀 있네요... ,샐리의 행복한 일상,20260119
https://blog.naver.com/gmltjs_04/224143938435,더현대 '<b>디어스윗랩</b>' 팝업 두바이쫀득쿠키 김밥 평일 웨이팅... ,오늘은 두바이 쫀득김밥으로 유명해진 수원 디저트 맛집 '<b>디어스윗랩</b>'이 더현대 서울에 팝업을... 15(목) 출처 : <b>디어스윗랩</b> 인스타그램 더현대서울 팝업 '<b>디어스윗랩</b>' 사전 대기 위치 및 평일 웨이팅 후기... ,다락방 미식 Vlog,20260112
https://blog.naver.com/dzdds/224142319240,더현대서울 두바이쫀득쿠키 <b>디어스윗랩</b> 팝업 일요일 오픈런... ,"+내용추가함 더현대서울 두바이쫀득쿠키 <b>디어스윗랩</b> 팝업 일요일 오픈런 실시간 웨이팅 글, 사진... 에스컬리어터 타고 올라오면 이 푸드코드를 기준으로 뒤쪽으로 돌아가면 더스윗랩이 있어요 지하... ",알록달록 사진 일기장,20260111
https://blog.naver.com/road222/223737348364,내돈내산 광교디저트맛집 | <b>디어스윗랩</b> | 타르트 가격 여기 있어용,광교디저트맛집 <b>디어스윗랩</b> dear sweet lab 타르트 강추  수원시 영통구 센트럴파크로127번길 147 ️ 10:00~21:00 (휴무X)  길가주차 광교에서 디저트로 유명해서 이름은 들어봤는데 <b>디어스윗랩</b> 처음 방문해본 날... ,작은부피의즐거움,20250124
https://blog.naver.com/hcoco1128/224153046575,더현대 두바이 팝업 원조 두쫀쿠 '몬트쿠키'!! (+<b>디어스윗랩</b> 두바이),"지금은 팝업 끝났지만 수원에서 두쫀쿠로 유명한 카페 '<b>디어스윗랩</b>' 1인당 5개씩 구매제한 있지만 중간 품절나기도 함 말차, 쑥인절미, 페레로 맛 다양함 촉촉보단 꾸덕 느낌임 스퍼터 마곡 어딘가 카페... ",소소하다. 소-소해,20260120
https://blog.naver.com/son2068/224144541740,더현대 <b>디어스윗랩</b> 사전 웨이팅 두쫀쿠 김밥,수원에서는 이미 유명한듯 <b>디어스윗랩</b>의 팝업 기간은 1월 9일(금) 부터 1월 15일(목)까지! 일단... 땡겨~ <b>디어스윗랩</b> 디저트를 맛있게 먹는 방법! 냉장은 2~3일 냉동 2주 보관 가능! 실온에 꺼내 먹는 게 젤... ,뚱땅뚱땅 나옹이의 하루 ᕕ( ᐛ )ᕗ,20260113
https://blog.naver.com/hannalae1004/224142249072,더현대서울 <b>디어스윗랩</b> 팝업 두바이쫀득쿠키,더현대팝업 <b>디어스윗랩</b> 득템하며뉴좋잖아 <b>디어스윗랩</b> 더현대 서울 팝업일정 1월9일 금요일-1월15일 목 월화수목 10:30-20시 토일 10:30-20:30/조기마감 한정판매 김밥1인1줄 다른품목은 1인당 5게씩 가능-첫날은... ,맛집 찾아 날아올라,20260111
https://blog.naver.com/blog_supporter/223869890566,광교 데이트 놀거리 / 광교 카페거리 카페 추천 / <b>디어스윗랩</b>... ,"추천 <b>디어스윗랩</b> dear sweet lab 광교 데이트 놀거리 안녕하세요  오늘은 광교 데이트로 가기에도 좋은... 6,500원 디어라떼 6,800원 아메리카노 4,500원 카페라떼 5,000원 바닐라라떼 5,500원 아인슈페너 5,500원... ",슬기로운 여행 생활,20250518
https://blog.naver.com/white77sea/224120808456,수원 두바이 쫀득쿠키 맛집 <b>디어스윗랩</b> 두바이김밥 내돈내산 후기,수원 <b>디어스윗랩</b> 두바이김밥 요즘 한창 핫한 디저트 두바이 쫀득쿠키 다들 아시죠? 저도 여기저기... 수원 <b>디어스윗랩</b> <b>디어스윗랩</b> 매장 내부 모습입니다. 요즘 두바이 쫀득김밥으로 sns에서 핫한 곳이라 그런지... ,3중생활 생활기록부,20251224
https://blog.naver.com/daylight_official/224276800494,[수원] 광교 예쁜 디저트 카페 <b>디어스윗랩</b>,"[수원] 광교 예쁜 디저트 카페 <b>디어스윗랩</b> 영업시간 매일 10:00 - 21:00 매장 앞 주차 가능 광교... 주문은 키오스크로 타르트 종류가 정말 많았음 디어라떼(6,800원) 아인슈페너(5,500원) 얼그레이 초코 타르트(9... ",Someday or One Day,20260506
https://blog.naver.com/worldylog/224145475049,"김밥 두쫀쿠 웨이팅, 종류, 위치, 후기 총정리! <b>디어스윗랩</b> 팝업",더현대 두바이쫀득 김밥 <b>디어스윗랩</b> 팝업 두쫀쿠 웨이팅 수원에서 유명한 <b>디어스윗랩</b> 더현대에서 두바이쫀득 김밥(두쫀쿠) 대란을 일으킨 이 곳은 이미 수원에서 매우 유명한 디저트 카페라고 해요. 그래서... ,월디 | 여행 스케치,20260113
https://blog.naver.com/baboname/224139697354,[<b>디어스윗랩</b>/수원 광교 디저트 맛집/두쫀쿠],경기도 광교카페거리에 위치한 디저트 전문점 <b>디어스윗랩</b>입니다. 이 동네 놀러갔다가 디저트 먹으러... <b>디어스윗랩</b>은 타르트에 재료를 듬뿍 사용해서 그런가 말차 맛이 매우 푸짐하게 납니다. 타르트지는 적당히... ,My dining,20260109
https://blog.naver.com/hold_dear_/224275101849,"'<b>디어스윗랩</b>' 마카롱 / 두바이쫀득김밥(기본, 흑임자, 쑥 인절미... ",몇 개월동안 가보고 싶었던 <b>디어스윗랩</b> 서울 본사 교육 간 김에 여의도 더현대 가서 사먹었다 원래는 수원 광교에 있는 카페인데 팝업 중! &amp; &amp; 인스타그램 보면 라인업 / 재고 문의 등 가능한 카카오톡 링크 있음!... ,good vibes only!,20260505
https://blog.naver.com/c_wonny/223607152152,동탄 돈까스 맛집 주차 편한 <b>뜨돈 동탄본점</b>,동탄에 돈까스 맛집이 있다고 해서 다녀왔어요. 맛도 좋고 주차도 편한 <b>뜨돈 동탄본점</b>입니다. 동탄... 있는 동탄맛집 뜨돈입니다. 뜨돈 외관 및 내부모습 굉장히 깔끔해보이는 동탄 돈까스 맛집 뜨돈의... ,"긍정왕이 될거야, 오늘말고 내일 :)",20241004
https://blog.naver.com/inoinoll/224004245421,"<b>뜨돈 동탄본점</b> - 화성 1동탄 돈가스 찐맛집, 겉바속촉 돈가스와... ","간편한 태블릿 주문과 메뉴 구성 뜨돈은 태블릿을 통해서 메뉴를 선택하고, 결제까지 할 수 있어서... 총평 이번 <b>뜨돈 동탄본점</b> 방문은 화성 1동탄 “돈가스 맛집”이라는 기대를 충분히 만족시켜 주었습니다.... ",모두 다 살아가는 이야기,20250911
https://blog.naver.com/tattarrattat/223557855337,<b>뜨돈 동탄본점</b> : 동탄 돈까스 파스타 맛집 또갈집 찐추천 후기,겉바속촉 최고봉 ★이번 주말에 또갈집★ <b>뜨돈 동탄본점</b> ✔️ 찐찐찐 맛있음 뜨돈 추천!!! ✔️ 동네... 뿜뿜 <b>뜨돈 동탄본점</b> 기본정보 위치 경기 화성시 여울로 158-60 단독건물 동탄 센트럴파크 - 차량 5분이내... ,"일단, 놀자",20240823
https://blog.naver.com/designri/223999783290,<b>뜨돈 동탄본점</b> 경양식 수제돈까스 어묵우동세트 뜨돈돈까스 후기,매장 동탄본점 2동탄점 화성반월점 근처에 세군데 매장이 있는데 2동탄점이 휴무라서 휴무가 없는... #뜨돈메뉴 #뜨돈어묵우동세트 #동탄돈까스 #수제돈까스 #<b>뜨돈동탄본점</b> #동탄경양식돈까스,오산타투 잉크디자인타투스튜디오,20250909
https://blog.naver.com/yuri9713/224079296179,<b>뜨돈 동탄본점</b> 신메뉴 후기 - 두툼 뜨돈 돈까스 먹고왔어요,넓은 주차장 &amp; 실내 뜨돈 본점 주차장 가게 앞에 넓은 주차 공간이 있어서 차 끌고 가기 정말 편했어요... 찾는다면 <b>뜨돈 동탄본점</b> 한 번 들러보세요! #동탄맛집 #1동탄맛집 #동탄돈까스 #뜨돈 #수제돈까스... ,BBRW HOUSE,20251117
https://blog.naver.com/acejs2/224077727003,"1동탄맛집 한돈 겉바속촉 <b>뜨돈 동탄본점</b>, 스프/아이스크림 무제한",1동탄맛집 겉바속촉 수제돈가스 전문점 <b>뜨돈 동탄본점</b> 몰랐는데 동탄에 있는 곳이 본점이더라구요!!... 뜨돈이었습니다 #뜨돈 #<b>뜨돈동탄본점</b> #동탄맛집 #1동탄맛집 #동탄돈까스 #동탄능동맛집 #동탄돈가스... ,김요니의 일상_룡룡이네,20251116
https://blog.naver.com/mica80/224076134989,신메뉴 두툼 뜨돈 돈가스 솔직후기 <b>뜨돈 동탄 본점</b>,좋은 돈가스였어요 이 가격에 이 퀄리티라니 정말 가성비 갑 이었습니다 동탄에서 돈가스 드시러 간다면 무조건 <b>뜨돈 동탄본점</b> 추천해요 제 원픽 1동탄 맛집 등극 위치 #뜨돈 #<b>뜨돈동탄본점</b> #동탄맛집 #1동탄맛집,엘라의 냠냠일지,20251114
https://blog.naver.com/romwe/223923617102,동탄돈까스 [<b>뜨돈 동탄본점</b>]에 갔다.,특별한 요일에 저렴한 가격으로 돈까스를 먹을 수 있는 해피 뜨돈데이는 나중에 날짜 맞춰서 다시 오려고 사진까지 찍어뒀다 ㅎㅎ 가게 안으로 들어오니 동탄돈까스 '<b>뜨돈 동탄본점</b>'의 친절한 종업원분들이... ,일상기록,20250706
https://blog.naver.com/3star00/224229503963,동탄 수제돈가스 맛집 겉바속촉의 정석 <b>뜨돈 동탄 본점</b>,<b>뜨돈 동탄 본점</b>에는 담백한 수프도 준비되어 있어 코스요리 같은 기분도 들었어요. 아이스크림도 무려 4가지 맛으로 드실 수 있어 나가시면서 달콤하게 맛볼 수 있어 최고였어요. 동탄 돈가스 맛집 뜨돈본점에... ,fun fun한 리뷰,20260325
https://blog.naver.com/iversonchoi7/223548562846,화성 동탄]'<b>뜨돈 동탄본점</b>' 깔끔하고 아이와 가기 좋은 동탄맛집,깔끔하고 아이와 가기 좋은 동탄맛집 <b>뜨돈 동탄본점</b> 후기입니다. 위치와 주차 위치는... 음식 맛과 양도 마음에 들고 기본제공되는 것도 많아서 좋았어요~ 동탄맛집 동탄본점이었습니다. ^^,"아빠매너티의 국내, 미국 기업 분석",20240815
https://blog.naver.com/sr0392016/223606590127,<b>뜨돈 동탄본점</b> 동탄 돈까스  맛집 다양한 메뉴 편한주차 강력추천,T-map 뜨돈 동탄성공본점 검색 30대 이상 추자 가능한 대형주차장 ⏰11: 00 - 21:00 라스트 오더 20:30 네이버 예약 알람받기 '치즈볼 3개쿠폰 ' 이벤트 <b>뜨돈 동탄본점</b>은 단독 건물로 되어있어 건물이 크고 30대이상... ,자란다의 친절한여행,20241004
https://blog.naver.com/thank_parent/224151088962,경기도 화성시 <b>뜨돈 동탄본점</b> 방문 후기,경기도 화성시 <b>뜨돈 동탄본점</b> 방문 후기 #동탄 에 가성비 좋은 돈가스 집으로 유명한 #<b>뜨돈동탄본점</b>... 돈가스맛집 #돈가스 #아기랑식당 #동탄아기랑식당 #맛집 #맛집추천 #화성시 #동탄 #뜨돈 #수제돈가스,☆소소한 일탈의 재미☆,20260118
https://blog.naver.com/kbrcomic/223891705364,"동탄돈가스 <b>뜨돈 동탄본점</b> 후기｜아이도 잘 먹는 메뉴, 가족... ","동탄돈가스 ‘뜨돈’ 방문 후기! 안녕하세요, 짧뽀예요. 오랜만에 남편이랑 외식을 하게 됐어요. 남편이... 동탄돈가스 ‘<b>뜨돈 동탄본점</b>’, 아이들과 외식하기 좋은 곳이에요. 아이와 함께 가기 좋은 외식 장소... ",BBoramirang♡,20250607
https://blog.naver.com/hisuging/223417808868,동탄 맛집 <b>뜨돈 동탄본점</b>에서 돈가스랑 파스타 냠냠,뜨돈에서 돈가스랑 파스타 먹고 온 후기 가요 동탄 맛집 <b>뜨돈 동탄본점</b> 화성시 여울로 158-60 오늘 소개하는 동탄 맛집 수제 돈가스 전문점인 <b>뜨돈 동탄 본점</b>인데 단독 건물로 되어 있구요 동탄 센트럴파크... ,히수깅의 달콤살벌일상,20240416
https://blog.naver.com/roe_deer7/223913274327,동탄 돈까스 맛집 &quot;<b>뜨돈 동탄본점</b>&quot; | 동탄 수제돈까스 붉닭돈까스,안녕하세요 노루 작가입니다 오늘은 동탄에서 가장 유명한 수제돈까스 맛집 &quot;<b>뜨돈 동탄본점</b>&quot; 을 소개하려고 합니다 뜨돈 &quot;<b>뜨돈 동탄본점</b>&quot;은 1동탄 능동에 위치해 있어요 매장 앞에는 넓은 주차장이 있고... ,노루작가와 아빠진사,20250627
https://blog.naver.com/betamom/223802096482,HOT 뜨거뜨거 핫한 돈까스 동탄맛집 (feat. <b>뜨돈 동탄본점</b>),방문한 #<b>뜨돈 동탄본점</b> 뜨돈 동탄성공본점은 동탄에 여울에서 따온 여울 여울로에 있는데요 여울로는 동탄신도시 동탄1신도시 동탄1신도시 중 법정동은 능동 행정동은 동탄3동으로 능동마을과 숲속마을 사이에... ,얕고 옅은 지식,20250319
https://blog.naver.com/dkfmaspt7/223556103776,동탄돈까스 수제돈가스 맛집 <b>뜨돈 동탄 본점</b>,동탄돈까스 <b>뜨돈 동탄본점</b> #동탄맛집 #동탄돈까스맛집 #1동탄맛집 #동탄돈가스 #동탄수제돈까스 #동탄돈까스 #동탄파스타 #동탄크림파스타 #동탄수제돈가스 경기 화성시 여울로 158-60 ☎ 070-4120-0111 ⏰ 매일 11:00... ,류미의 계절,20240821
https://blog.naver.com/sery-lee/224016100497,<b>동탄</b>아이와함께 외식하기좋은 돈까스맛집 <b>뜨돈</b><b>본점</b>후기,"시킨 뜨돈 돈까스랑 똑같은거더라구요! 맛있게 먹었답니다 후식 아이스크림! <b>뜨돈 동탄본점</b>의 마지막 자랑 ㅋㅋㅋ 아이스크림을 후식으로 먹을 수 있어요! 종류도 바닐라, 녹차, 초코로 다양했고 저는 그 중에... ",세릴리,20250922
https://blog.naver.com/decadentliz/223468122104,1<b>동탄</b> 능동 맛집 <b>뜨돈</b> <b>본점</b> 아이랑 돈까스 외식 추천,"이번에는 1동탄 능동 맛집 뜨돈 본점에 다녀왔습니다. 맛도 좋고 양도 푸짐해서 자주 오게 될 것 같은 예감! 찾아가는 길 / 위치 <b>뜨돈 동탄본점</b>은 동탄3동우체국 바로 옆, 시립숲속어린이집 맞은편에 위치하고... ",리즈의 술로그 ♪,20240604
https://blog.naver.com/blissandh/224246455632,주차편한 동탄돈가스 맛집 <b>뜨돈 동탄본점</b> 뜨돈만나봄 소식,잇님들~~ 주차편한 동탄 돈가스 맛집 찾으셨다면? <b>뜨돈 동탄본점</b> 소개 해 드려요. 마침 뜨돈만나봄 이벤트도 진행중이라 함께 소개 해 드리려고하니 꼬옥~ 눈여겨 봐 주시길~~ 아무래도 집 앞이 아니면 차로... ,릴리 뷰티 & 일상♡♥,20260409
https://blog.naver.com/thdusdlrhdi/224253534395,더 쿼런시아 <b>라고</b>(LAGO) 다낭 미케비치 풀빌라 후기 예약 버튼... ,"며칠 뒤에 링크 하나를 보내왔는데, 그게 <b>라고</b>였어요. 사진을 보는 순간 &quot;여기 진짜야?&quot; 싶었어요.... <b>라고</b>는 침실이 4개예요. 시아버지, 시어머니 각 1개, 저희 부부 1개, 아이들 1개. 딱 맞아요. 욕실도 5개라서... ",왕고밍의 먹술로그,20260415
https://blog.naver.com/haman-josh/224271349994,청도 풀빌라 펜션 미러스테이 <b>라고</b>캐슬 대가족 숙소,미러스테이 <b>라고</b>캐슬 글/사진 : 하만조쉬 친구들이랑 오랜만에 청도 펜션에 가서 놀고 왔어요! 청도 풀빌라나 숙소 찾다가 보면 대가족이나 많은 인원이 들어갈만한 곳이 의외로 많지 않더<b>라고</b>요. 우리는... ,동남아 어푸어푸,20260501
https://blog.naver.com/ahnclo/224267645724,비에이비스타CC(<b>라고</b> ~ 몬티)...6회,<b>라고</b> 코스는 그린이 보이지 않는 홀이 있어 티샷시 랜딩 지점을 파악하여 세켠샷 공략이 유리한... 몬티 코스가 <b>라고</b> 코스보다는 전장은 짧으나 대신 그린 주변이 협소하고 그린이 구겨져 있어 정확한... ,아름다운 인생,20260428
https://blog.naver.com/kireinak/224246156745,"김포보톡스, 의사가 &quot;인상 팍 써보세요&quot;<b>라고</b> 요구하는 이유","김포보톡스, 의사가 &quot;인상 팍 써보세요&quot;<b>라고</b> 요구하는 이유 &quot;자, 이제 눈을 동그랗게 치켜떠보세요.... 주름을 펴고 싶어서 찾아왔는데 의사가 자꾸 얼굴을 일그러뜨리<b>라고</b> 하니 처음엔 다들 의아한 표정을... ",피부시술사전,20260409
https://blog.naver.com/faunakr/224253468086,다낭풀빌라 추천 다낭 미케비치 숙소 더쿼런시아 <b>라고</b>... ,"더쿼런시아 <b>라고</b> 후기를 솔직하게 풀어볼게요. 단체여행인데도 호텔보다 더 편했던 이유 이번 여행은... 그래서 다낭풀빌라 추천 검색을 정말 많이 했는데, 결론적으로 선택한 곳이 더쿼런시아 <b>라고</b>였어요. 일단... ",Passion for snake!,20260416
https://blog.naver.com/tntpung/224263646858,솔<b>라고</b>cc <b>라고</b> 코스 야간 4만원 노캐디 가성비 상태 괜찮음,"솔 코스, <b>라고</b> 코스 36홀 태안 골프장 가성비 그린피 야간 노캐디 성지 2026. 04. 날이 따뜻해지면서 고공행진 중인 그린피 이럴 때마다 생각나는 곳은 바로 태안! 솔<b>라고</b>cc와 로얄링스cc를 품은 충남 태안은... ",공치는 윰뽈,20260424
https://blog.naver.com/xuande/224250808158,명동피부과 진료 온다는 마이크로웨이브(쿨웨이브)<b>라고</b> 알고... ,명동피부과 진료 온다는 마이크로웨이브(쿨웨이브)<b>라고</b> 알고 계셨나요? (ft. 마이크로웨이브의 진실) “온다가 써마지랑 같은 고주파 시술 아닌가요?” “리프팅이<b>라고</b> 해서 초음파인 줄 알았는데.. 원리가... ,톤즈의원,20260413
https://blog.naver.com/amc_seoul/224189432401,수술 후 &quot;가스 나왔어요?&quot;<b>라고</b> 묻는 이유는?,"수술 후 &quot;가스 나왔어요?&quot; <b>라고</b> 묻는 이유는? 수술을 받았거나 수술 환자를 곁에서 지켜본 사람, 혹은... 이러한 현상을 '생리적 수술 후 장폐색'이<b>라고</b> 합니다. 반면 수술 후 4일 이상 장운동이 회복되지 않거나... ",서울아산병원 블로그,20260303
https://blog.naver.com/whitepolarbear/224275348493,&quot;엄마는 효도폰이면 충분해!&quot;<b>라고</b> 하지만 갤럭시 S26 울트라... ,"해줘&quot;<b>라고</b> 말씀하시죠. 하지만 이 말씀을 곧이곧대로 믿고 저렴한 보급형 모델을 덜컥 사드리면?... 친구분들이 &quot;어머, 이거 이번에 새로 나온 제일 비싼 폰 아니야?&quot;<b>라고</b> 물어볼 때, &quot;우리 아들딸이 굳이 제일... ",하얀 북극곰의 일상,20260505
https://blog.naver.com/artys05717/224274445826,"포항양덕피부과, &quot;그럴듯한 치료는 하지않겠습니다&quot;<b>라고</b>... ","색소에 목숨 건,포항 휴먼의 피부백과 포항양덕피부과, &quot;그럴듯한 치료는 하지 않겠습니다&quot;<b>라고</b> 말하는... 장비 이름이 같으니 결과도 같을 거<b>라고</b>요. 분명하게 말씀드립니다. 아닙니다. 같은 장비라도 ✔ 어떤... ","색소에 목숨건, 포항 휴먼의 피부백과",20260505
https://blog.naver.com/qmfosej/224274950356,'1만원대 <b>라고</b>?' 요즘 핫한 sk2피테라에센스 저렴이 성분 비교,7일만 써도 다르답니다 ▼ = '1만원대 <b>라고</b>?' 요즘 핫한 sk2피테라에센스 저렴이 성분 템 '1만원대 <b>라고</b>?' 요즘 핫한 sk2피테라에센스 저렴이 성분 템 '1만원대 <b>라고</b>?' 요즘 핫한 sk2피테라에센스 저렴이 성분 템,뷰티 데일리 @이람님,20260505
https://blog.naver.com/song_ceo/224263875867,[마케팅 심리] &quot;하지 마세요&quot;<b>라고</b> 하면 더 하고 싶은 이유... ,"우리 안의 ‘청개구리’가 깨어나는 이유 어린 시절, 부모님이 &quot;공부해라&quot;<b>라고</b> 말씀하시는 순간... 희소성 전략: &quot;사세요&quot;<b>라고</b> 권유하는 대신, &quot;이제 기회가 얼마 남지 않았습니다&quot;<b>라고</b> 말합니다. 이는 '선택할 수... ",넥스브이,20260424
https://blog.naver.com/f_byungs/224187328567,"대구 리투오, 왜 ‘스킨부스터의 다음 세대’<b>라고</b> 불릴까?","왜 리투오가 ‘다음 세대 스킨부스터’<b>라고</b> 불리는지, 차근히 설명해보겠습니다. 대구 리투오는 진피를 구성하는 성분을 직접 보충하는 방식입니다. 기존 스킨부스터는 피부가 스스로 콜라겐을 만들도록... ",서울바른피부과_대구범어,20260219
https://blog.naver.com/joara127/224200223756,잠실 데이트 코스 송리단길 파스타 맛집 오스테리아 <b>라고</b>,잠실 데이트 코스 송리단길 파스타 맛집 오스테리아 <b>라고</b> 글/사진 대문자알 날씨가 따뜻해지고 점점... 오스테리아 <b>라고</b>에요. 1.잠실 데이트코스 오스트리아 <b>라고</b>  주소: 서울 송파구 백제고분로41길 39 2층... ,아라가는이야기,20260301
https://blog.naver.com/zeimer/224234180388,"아이온2 업데이트 정리, <b>라고</b>패스트 사용방법 후기","아이온2 업데이트 정리, <b>라고</b>패스트 사용방법 후기 안녕하세요 게임 블로거 제이메르입니다. 출시... 오늘은 3월 25일 적용된 주요 업데이트 내용들과 더불어 유저들 사이에서 유용한 도구로 자리 잡은 <b>라고</b>패... ",제이메르의 게임 이야기,20260330
https://blog.naver.com/1429son/224225855388,경기도골프장 비에이비스타cc 회원제 몬티 <b>라고</b> 코스 &amp; 근처 맛집,000원 하더<b>라고</b>요 여기는 새벽 5시부터 오픈을 하기 때문에 1부 티업 올 때도 식사하기 좋아요 종류가... 날씨도 풀려도 티높이도 원하는 데로 잘 꽂혀져서 그런지 오늘 샷감이 너무 좋더<b>라고</b>요 날씨가 맑아서... ,"여행 한스푼,골프 두스푼⛳️",20260322
https://blog.naver.com/hyunjee1110/224259351220,&quot;쟤 성공하더니 변했어&quot;<b>라고</b> 말하면 위험한 이유,"알던 사람이 잘 되고 나서 태도가 좀 달라졌다 싶을 때 흔히들 &quot;쟤 성공하더니 변했어&quot;<b>라고</b> 말하는 걸 종종 보게 된다. 보통은 그냥 슬쩍 지나가는 식으로 흔히 하는 말인데, 이런 말을 반복하다 보면 어느 순간... ",시네마100,20260421
https://blog.naver.com/moneyjoa1/224264431917,잠실 석촌호수 파스타 맛집 데이트코스 오스테리아 <b>라고</b>,잠실 석촌호수 파스타 맛집 데이트코스 오스테리아 <b>라고</b> 잠실 석촌호수 파스타 맛집 데이트코스 오스테리아 <b>라고</b> 잠실 석촌호수 파스타 맛집 데이트코스 오스테리아 <b>라고</b> 잠실 파스타 맛집으로 분위기 좋은... ,놀지혜의 놀로그,20260425
https://blog.naver.com/miuraken1/224253606841,더 쿼런시아 <b>라고</b>(LAGO) 다낭 미케비치 4베드룸 풀빌라  칠순... ,"더 쿼런시아 <b>라고</b>(LAGO) 다낭 미케비치 4베드룸 풀빌라 칠순 여행, 출발 전날 밤까지 걱정이 많았어요... 쿼런시아 <b>라고</b>였어요. 결과적으로 모든 걱정이 기우였다는 걸, 여행 첫날 오후에 이미 알았어요. 첫 번째... ",여름날의 소소한 일상,20260415
https://blog.naver.com/dbswndus84/224265631304,"&quot;왜요?&quot;<b>라고</b> 묻는 아이가 더 잘 배운다 IB 교육, 솔직하게... ","IB교육 &quot;왜요?&quot;<b>라고</b> 묻는 아이가 더 잘 배운다. 안녕하세요. 엄마표 교육의 째야맘이에요. 얼마 전... 이 소식을 접하고 나니 학부모 커뮤니티에서 IB 이야기가 더 뜨거워질 것 같더<b>라고</b>요. &quot;우리 아이, 이 교육... ",째야네 엄마표 교육이야기,20260426
https://blog.naver.com/yichanju/224177975063,수원 정자동 맛집 <b>라벤치</b> : 가족 모임으로 좋은 수원 정자동... ,<b>라벤치</b> ⏰️영업시간 11:00-21:00 주차 여부 주차 가능 위치 수원 상공회의소 인근 1. 외관 어무니 아부지 생신을 맞아서 가족들과 함께 갈 수 있는 집 근처 레스토랑으로 갔다. 수원 정자동 레스토랑인 <b>라벤치</b>는... ,@daily_juicy,20260209
https://blog.naver.com/tmvkdltl123/224207948163,수원 정자동 분위기 좋은 양식집 <b>라벤치</b> 만족 후기,양식집 <b>라벤치</b>에 방문한 후기를 전해보겠읍니다 동네 주민인 동기 오빠가 극찬한 정자동 양식당 <b>라벤치</b> 외관부터 분위기 미쳤고 내부는 층고가 높고 넓어서 답답하지 않아 좋았고 고급스럽고 모던한... ,씹고 뜯고 맛보고 즐기고 움직이고,20260309
https://blog.naver.com/soo_world_soo/224078278861,[정자동 <b>라벤치</b>] 내돈내산 수원 가족식사하기 좋은 레스토랑,"이번에 어머님이 저~멀리서 올라오셔서 뭐 드시고 싶으시냐 여쭤봤더니, 지난번에 오셔서 <b>라벤치</b>에서 드셨던 파스타와 고르곤졸라가 생각난다 하시더라고요. 그 땐 제가 <b>라벤치</b>로 알아봐서 예약만 해드리고... ","먹고, 공부하고, 사랑하라.",20251117
https://blog.naver.com/idhostme/223541428396,수원 정자동 맛집 기념일에 가기 좋은 고급 레스토랑 <b>라벤치</b>,화서역 수원 정자동 맛집 기념일에 가기 좋은 고급 레스토랑 <b>라벤치</b> LABENCI 기념일이나 특별한 날 가기 좋은 수원 정자점 레스토랑 <b>라벤치</b>를 소개해드릴게요. 저의 생일 기념으로 남편이 예약해 둔 <b>라벤치</b>!... ,인블리 Life story,20240808
https://blog.naver.com/myoni8642/223640799418,"[수원맛집] 정자동 재방문한 파스타 맛집, <b>라벤치</b>(feat.서비스... ","<b>라벤치</b> ✔ 매일 11:30 - 21:30시 (20:50 라스트오더) *월-금 15:00-16:30 브레이크 타임* ☎ 0507-1431-5533 단체(최대... 북수원 상공회의소 근처에 있는 <b>라벤치</b>라는 곳이에요~ 주차 가게로 들어가는 입구 기준, 오른쪽에... ",스튜디오 묘니,20241031
https://blog.naver.com/leesl1344/224087866093,수원 정자동 파스타 맛집 <b>라벤치</b> 리뷰,"수원 정자도 파스타 맛집 <b>라벤치</b> 위치: 경기 수원시 장안구 수성로 295 1층 <b>라벤치</b> ⌛운영시간: 11:30~21:30 (15:00~16:30 평일 브레이크 타임) 전화번호: 0507-1431-5533 기타: 무선 인터넷, 단체 이용, 예약, 포장 가능 글... ",마녀공주의 Diary,20251126
https://blog.naver.com/pnohj/224087493157,수원 정자동 레스토랑 <b>라벤치</b> 가족 모임,레스토랑 <b>라벤치</b> 가족 모임 후기 시작할게요 <b>라벤치</b> 경기 수원시 장안구 수성로 295 1층 수원 정자동 맛집들 대부분 주차장이 협소해서 주차하기가 너무 힘든데 <b>라벤치</b>는 전용 주차장이 있고 주차 시간도... ,손현진피아노클래스,20251125
https://blog.naver.com/hi_record/223609214455,수원 정자동 맛집 가성비 좋은 고급 레스토랑 내돈내산 <b>라벤치</b>,바로 수원 정자동에 위치한 &quot;<b>라벤치</b>&quot;인데요. 광교에 있다가 너무 잘돼서 이곳으로 확장이전 했다고 해요! 수원 정자동 맛집 가성비 좋은 고급 레스토랑 내돈내산 <b>라벤치</b> 수원 정자동 맛집 파스타와 피자... ,뚱대장의일상,20241006
https://blog.naver.com/lovelyron_/223784222883,[수원 맛집]인생 파스타 만난다는 수원 정자동 <b>라벤치</b> 내돈내산... ,지난 제 생일기념으로 다녀온 <b>라벤치</b> 레스토랑을 소개합니다-! 신랑이 인터넷을 열심히 검색하더니... 저희는 <b>라벤치</b> 대표메뉴인 상하이 게살 크림파스타와 프라임 살치스테이크&amp;그릴드 베지터블... ,구-스롱네 새로운 일상기록,20250305
https://blog.naver.com/ji_happy_/223880709212,"<b>라벤치</b> 정자동 스테이크,파스타 맛집 추천｜1.5인분 굿굿","<b>라벤치</b> 주문은 테이블오더로 하는거였고 메뉴는 양식 베이스로, 파스타, 스테이크, 필라프, 피자 등... 싶은 그런 느낌  행궁동에서 만나기엔 사람에 치이는게 싫다면 <b>라벤치</b> 추천 '내돈내산' 은 아니고 얻어먹음.",꽃밭의 달팽이,20250528
https://blog.naver.com/rupin99/223813111678,"[수원 맛집] 맛으로 승부하는 수원 스테이크, 파스타 맛집, <b>라벤치</b>",오늘 소개할 맛집은 수원 정자동의 스테이크 맛집 <b>라벤치</b>입니다. <b>라벤치</b> 궁핍한 욜로족인 우리지만 아내의 생일은 그냥 넘어갈 수 없다. 그래서 정자동 최고의 레스토랑이라는 <b>라벤치</b>로 갔다. 밖에서 볼 때는... ,궁핍한 YOLO족의 小SO한 일상,20250328
https://blog.naver.com/9512333/223757595446,수원 파스타 맛집 <b>라벤치</b> 내돈내산,<b>라벤치</b> 주소 : 경기 수원시 장안구 수성로 295 1층 <b>라벤치</b> ⏰ 영업시간 : 11:30~21:30 브레이크 타임 15:00~16:30 라스트오더 20:50  전화 : 0507-1431-5533  주차 : 매장 뒤 건물에 주차 가능 1. 수원 모임 장소로 적합한... ,디자이너 올리브 다이어리,20250212
https://blog.naver.com/lieblich_eu/223926968044,데이트 코스 스테이크 파스타 맛집 <b>라벤치</b> 레스토랑 내돈내산 추천,주말에 시댁과 점심먹으러 수원 정자동 <b>라벤치</b>를 다녀왔어요! 레스토랑처럼 분위기 있고 양도 많고 맛있어서 후기를 알려드려고해요! 매일 11:30~21:30 브레이크타임 15:00~16:30 라스트오더 20:30 주차는 <b>라벤치</b>... ,뉴뉴의 일기장,20250709
https://blog.naver.com/ira_yang/224088816323,화서동 맛집 브런치부터 디너까지 분위기 좋은 <b>라벤치</b>,화서동 맛집 브런치부터 디너까지 분위기 좋은 <b>라벤치</b> 안녕하세요 양갱입니다! 아이와 깔끔하게 한 끼 먹고 싶을 때 가볍게 찾아갈 만한 곳을 찾다가 장안구 쪽에 분위기 괜찮다는 <b>라벤치</b>를 다녀왔어요.... ,초딩과 주말여행지도,20251126
https://blog.naver.com/vgurum/223569607630,수원정자동 <b>라벤치</b> 모임하기 좋은 기념일레스토랑 파히타맛집,<b>라벤치</b> 정자점 영업시간: 매일 오전 11시 30분~오후 9시 30분 평일 B.T: 오후 3시~오후 4시 30분 L.O: 오후 8시 50분 #<b>라벤치</b> #수원정자동레스토랑 #수원정자동<b>라벤치</b> #수원정자동모임 #수원기념일레스토랑... ,햄토리의 만유기,20240902
https://blog.naver.com/goodjcs/223694338460,정자동 <b>라벤치</b> 레스토랑 소박한 송년회 모임,<b>라벤치</b> 레스토랑 내부 하벤치 레스토랑은 인테리어가 깔끔하고 음식 맛이 좋다고 해서 그런지 늘 손님들이 꾸준한 가게다. 깔끔한 넓은 홀이 있고 10명 정도 소모임을 할 수 있는 칸막이 룸도 있어... ,여행 가이드 (Trips-Guide),20241215
https://blog.naver.com/hjhj9602_/223879530708,"수원 | &quot;<b>라벤치</b>&quot;양이 많은 양식집,내돈내산",경기 수원시 장안구 수성로 295 1층 <b>라벤치</b> 수원상공회의소 주차장 이용/1시간 주차할인권 제공 ⏰️월~일 11시30분-21시30분/브레이크타임15:00-16:30 라스트오더 20:50 ☎️0507-1431-5533 안녕하세요~ 너무 맛있고... ,혲니기록,20250527
https://blog.naver.com/oh_neul_747/224015677684,수원 파스타 추천-<b>라벤치</b>,수원시 장안구 <b>라벤치</b>(LABENCI) 요즘 파스타 맛집 중에 양이 아쉬운 적 없으셨나요? <b>라벤치</b>는 맛과 양 다 적당한 곳이였어요. <b>라벤치</b> ( LABENCI) 영업시간 11:30~21:30 라스트오더 20:50 전화번호 0507-1431-5533 주소 경기... ,In My Gray,20250920
https://blog.naver.com/2000959/223705352234,수원 정자동 맛집 상하이 게살파스타가 맛있는 <b>라벤치</b>,맛있는 <b>라벤치</b> 입니다 매장정보 영업시간 매일 11:30~21:30 브레이크타임 15:00~16:30 (라스트오더 20:50) 전화번호 0507-1431-5533 주차정보 매장 입구 오른쪽 주차장 매장 외부 수원 정자동 맛집 <b>라벤치</b>의 외부는 조명과... ,미식가 두둥이네,20241225
https://blog.naver.com/jiin1137/223452147015,수원 정자동 양식 맛집 특별한날 가기좋은 <b>라벤치</b>,맛집 &quot;<b>라벤치</b>&quot;랍니다~! 분위기 좋고 맛있는 식당 알아보다가 찾게된 곳이에요♥ 특별한 날이라 꽃다발도 샀답니다ㅎㅎ 저는 서프라이즈에 진심인 사람이거든요~&gt;&lt; 출처-<b>라벤치</b> 업체사진 네이버 예약을 통해... ,찐 만두왕만둡ʕ•̀ω•́ʔ✧,20240520
https://blog.naver.com/commitv/223686597714,[동탄 오산동 맛집]무한으로 즐기는 스테이크 <b>라스카그릴</b>,"서울까지 가긴 힘들고 가까운곳에 없을까 했는데, 동탄역 고기집으로 이미 유명한 <b>라스카그릴</b> 을... 이상하게 익숙하다 했더니만, 전에 리오그릴이였다네요? 리오그릴때부터 와보고싶어서 블로그에서 글 엄청... ",언제나 진행중(ing),20241208
https://blog.naver.com/zkfldk90/223961864730,[동탄역 고기 무한리필] <b>라스카그릴</b> 내돈내산 &quot;동탄역 스테이크... ,[동탄역 고기 무한리필] <b>라스카그릴</b> 내돈내산 &quot;동탄역 스테이크 맛집 /동탄 브라질 슈하스코 전문점&quot; 동탄역 스테이크/동탄역 고기 무한리필 <b>라스카그릴</b> 외관 동탄 브라질 슈하스코 전문점 동탄역 고기... ,스튜디오_틸드,20250807
https://blog.naver.com/eedees/224267818502,동탄 스테이크 무한리필 <b>라스카그릴</b>에서 내돈내산 데이트 후기,"동탄역 무한리필 고기, 스테이크 전문점 &lt;<b>라스카그릴</b>&gt;  운영시간 화-금 16:30 - 22:00 토 12:00 - 21:00 일 12:00 - 22:00 동탄에서 데이트하다 방문한 동탄 고기 무한리필 &lt;<b>라스카그릴</b>&gt; 원래 회사 회식으로 방문했다가... ",박이의 맛있는 세계 여행기 | 국내&해외,20260428
https://blog.naver.com/ahnpika/224148730189,화성 동탄역 브라질 음식 슈하스코 맛집 <b>라스카그릴</b>... ,맛집으로 <b>라스카그릴</b> 레스토랑을 가기로 했습니다. 생일 주인공 본인이 먹고 싶은 곳 검색해서 추천한 브라질 음식 맛집 <b>라스카 그릴</b> 다녀온 후기 소개할게요. <b>라스카 그릴</b> 주소 : 경기도 화성시 동탄역으로... ,지니의 라이프,20260116
https://blog.naver.com/namhj2007/223884848029,동탄 오산동 맛집 <b>라스카그릴</b> 무한리필 스테이크 맛집,할겸 여행 뒷풀이겸 (남편이 휴가인건 참 좋은데 계속 붙어있어야하니 ㅎㄷㄷ) 동탄역 고기집 <b>라스카그릴</b>로 고기 먹으러 갔어요. 여행 갔을때 고기 안먹었던 이유는 동탄 오산동 맛집 <b>라스카그릴</b>에서 먹으려고... ,"먹방,놀방 지태맘의 쏘쿨한 일상",20250601
https://blog.naver.com/sumin9539/224158175911,[동탄]‘<b>라스카 그릴</b>’ 브라질 꼬치구이 슈하스코 전문점,<b>라스카그릴</b> #동탄맛집 #브라질슈하스코 #브라질요리 #꼬치구이 주소: 경기 화성시 동탄역로 196 L3 301호... 그리고 <b>라스카그릴</b>은 샐러드바도 운영하고 있어요! 메뉴에 샐러드바가 포함되어 있어 추가로 돈내지... ,커티스 가문,20260128
https://blog.naver.com/kang_9295/224243137259,[동탄] 브라질 여행 느낌  <b>라스카 그릴</b> 슈하스코 맛집,동탄역 무제한 고기 맛집 이국적인 분위기 <b>라스카 그릴</b>에 다녀왔어요 동탄 <b>라스카그릴</b>  영업시간 화·수·목·금 : 16:30 - 22:00 토·일 : 12:00 - 22:00 ⏰ 라스트 오더 21:00 ❌ 정기휴무 매주 월요일  전화번호 0507-1458... ,"매일, 생일같이",20260406
https://blog.naver.com/minklove__/223765919786,동탄 <b>라스카그릴</b>에서 브라질 슈하스코를 배부르게 먹고 왔어요!... ,동탄맛집 &quot;<b>라스카그릴</b>&quot; 예미지시그너스건물 3층에 위치해있고 지하주차장에 주차하고 게이트2번... 방문한 <b>라스카그릴</b> 사실 뷔페를 가고싶긴했지만 임당산모라 다양한 스테이크를 맛볼 수 있는 곳이라고해서... ,아무거란,20250219
https://blog.naver.com/ezazniki/223687938866,"브라질 슈하스코 스테이크 무한리필 <b>라스카그릴</b>(주차, 예약)",전부터 브라질 슈하스코에 관심이 많았는데 동탄역 고기집 <b>라스카그릴</b>이 브라질 현지인이 직접... 들었다 <b>라스카그릴</b> 경기 화성시 동탄역로 196 L3 301호 <b>라스카 그릴</b> 월 휴무 화-금 16:30 - 22:00 토-일 12:00 - 22:00 0507... ,갈대와 팔랑귀,20241209
https://blog.naver.com/dailykebi/224260261297,브라질 아저씨가 썰어주는 동탄 슈하스코 <b>라스카그릴</b> 내돈내산... ,"바로 <b>라스카그릴</b>이라는 브라질 슈하스코 전문점인데, 저 이번에 재방문하고 완전히 다시 반해버렸어요.... 개인적으로 강추   총정리 (동탄 <b>라스카그릴</b> 후기) ✔ 브라질식 슈하스코 제대로 경험 가능... ",깨비의 탐방기,20260421
https://blog.naver.com/hahahohoshe/223694327312,동탄역 고깃집 '<b>라스카그릴</b>' 고기 무한리필 동탄 오산동 맛집,"리오그릴에서 '<b>라스카그릴</b>'로 이름이 변경되었는데, 맛은 더 업그레이드된 느낌이네요! 물론 전에도 넘 맛있게 먹었지만요 <b>라스카그릴</b> 주차 주차는 상가 주차장 입구로 들어와 게이트 2 근처에 주차 후... ",벨라 bella's room,20241215
https://blog.naver.com/105087609/224245142000,"동탄역 브라질 슈하스코 <b>라스카그릴</b>, 스테이크 무한리필... ",동탄역 브라질 슈하스코 스테이크 무한리필 <b>라스카그릴</b> ⓒ 글&amp;사진 동주 안녕하세요 꼬맹이 엄마... 위치한 <b>라스카그릴</b> 동탄점 입니다. 결론부터 적자면 저는 조만간 한번 더 갈꺼에요. <b>라스카그릴</b> 동탄역로... ,동주의 육아일기&일상기록,20260416
https://blog.naver.com/ifjj_memory/224133060902,"[동탄맛집] 1인 4만원 스테이크 무한 제공, <b>라스카그릴</b> 동탄... ","새해 첫 외식으로 방문한 곳은 동탄역 인근에 있는 무제한 슈하스코집, <b>라스카그릴</b>! 슈하스코가 뭔지도... 심지어 <b>라스카그릴</b>은 고기가 무한 제공이라서 아주 그냥 배 터지게 먹고 왔다ㅎㅎ [기본정보] -상호... ","이프제제, 어느 날의 블로그",20260103
https://blog.naver.com/chae_1018/224052245422,[동탄] 슈하스코 스테이크 무제한 &quot;<b>라스카그릴</b>&quot;,오늘은 화성시 동탄에 위치한 브라질 슈하스코 전문 &quot;<b>라스카그릴</b>&quot; 소개해드릴게요~ 교통 및 영업시간 안내 경기 화성시 동탄역로 196 L3 301호 <b>라스카 그릴</b> 동탄 예미지 오피스텔 판매시설 주차장에 주차 후... ,페페의 냠냠 아일랜드,20251024
https://blog.naver.com/watermeloneluv/224240898504,스테이크 무한으로 먹을 수 있는 '<b>라스카그릴</b>' 스페셜 코스 후기,#동탄 #슈하스코 #고기무한리필 #<b>라스카그릴</b> #동탄<b>라스카그릴</b> <b>라스카그릴</b> 안녕하세요 :) 오늘은 동탄 맛집 ! 고기 무한리필 ! 브라질 슈하스코를 맛볼 수 있는 &lt; <b>라스카그릴</b> &gt; 소개해드릴게요  화 - 금 : 16:30... ,우당탕탕 엄찌LOG,20260404
https://blog.naver.com/ro_mong_/224213843806,"동탄역 무한리필 스테이크 코스 <b>라스카그릴</b>, 데이트 장소로 추천","#내돈내산 #<b>라스카그릴</b> 소고기 러버인 남자친구가 작년부터 가고 싶다고 노래를 불렀던 동탄 <b>라스카그릴</b>! 지난번 방문 때, 단체 예약이 있어서 허탕치고 이번 주말 점심에 드디어 다녀왔어요. 알고 보니... ",몽글몽글 웨딩로그,20260312
https://blog.naver.com/dewdrop29/223687448668,동탄역 고기집 <b>라스카그릴</b> 맛있는 그릴고기리필 동탄슈하스코... ,"동탄역 고기집 오산동에 있는 인기맛집인 <b>라스카그릴</b> 오호, 가볼까나요? 장난아녔어요. 이렇게 맛있는... 동탄역 고기집 <b>라스카그릴</b>에서 부족하지 않게 제공해주시면서 어쩜이리.. 한점한점 다 맛있을 수가..!!... ",슬이가 좋아하는 것들의 기록⭐️,20241209
https://blog.naver.com/sso_archive_/224114256534,<b>라스카그릴</b> 동탄 스테이크 무한리필,스테이크 무한리필 <b>라스카그릴</b> 동탄 최근에 브라질 슈하스코 매장이 많이보이더라구요. 유튜브에서... 동탄역 인근에 위치한 <b>라스카그릴</b> 스테이크 무한리필 맛집 리뷰입니다. <b>라스카그릴</b> 동탄 운영정보... ,sso_archive,20251218
https://blog.naver.com/skeld152/223688681172,서빙해주는 무한리필 스테이크 동탄역 고기집 <b>라스카그릴</b>,#동탄오산동맛집 #동탄역맛집 #동탄역고기집 #동탄역고깃집 #동탄스테이크무한리필 #동탄브라질음식 #동탄무한리필 #동탄역무한리필 #동탄역스테이크 #<b>라스카그릴</b> #리오그릴 브라질 현지인이 직접 서빙해주는... ,어린이집 교사 경력 엄마 딩가의 육아기록,20241210
https://blog.naver.com/assi9213/224140568014,동탄 <b>라스카그릴</b>,<b>라스카그릴</b> 베이직코스 1인당 4만원 스페셜코스 1인당 5만원 여러명이 가도 섞어서 코스선택가능. 스페셜코스는 양고기랑 소고기베이컨만 한접시 따로 갖다주기 때문에 각자 코스 선택이 가능. 브라질 전통... ,행복하게~~~,20260109
https://blog.naver.com/foremost84/223949883369,"강남역 - <b>레뽀드라라 강남점</b>, 스콘, 밀크티, 비엔나 커피 맛집.... ","맛집 레뽀드라라 입니다. <b>레뽀드라라 강남점</b>은 마치 영국 현지에 온듯한 인테리어와, 은식기들을 쓰는 것으로 유명한 곳이랍니다. 용산점, 역산점, 강남점 이렇게 세 곳이 현재 운영되고 있어요. 강남점은... ",새벽별,20250728
https://blog.naver.com/thormommy/223517644192,강남역카페 / <b>레뽀드라라 강남점</b>,예쁜 <b>레뽀드라라</b> 아쌈 프리미엄 홍차가 베이스인 <b>레뽀드라라</b>의 시그니처 로얄밀크티 안먹어볼수 없었어요 한달 누적판매량이 무려 5천잔에 달한다고 합니다 비엔나 로얄밀크티예요 밀크티는 빨대없이 크림과... ,메르씨에르,20240718
https://blog.naver.com/highway215/224167987787,"교보문고 두쫀쿠, 폴리스 광화문 D타워, <b>레뽀드라라 강남점</b>... ","<b>레뽀드라라 강남점</b>이라고 합니다. 그런데 이 가게, 내가 찾아가다가 잠깐 포기 할 뻔함. 아래 언덕을 넘어야 하거든요, 아니 진짜 이 언덕 미쳤음. 잠깐 그냥 돌아갈까 하다가 넘어가기로 했다. 아무튼 그렇게... ",목성 동쪽 밀밭,20260201
https://blog.naver.com/aquarius35/223500685533,역삼 카페 | 국기원 근처 카페 &lt;<b>레뽀드라라 강남점</b>&gt;,"<b>레뽀드라라 강남점</b> 서울특별시 강남구 테헤란로7길 22 월,화,목,금 07:30 - 21:00 / 수,토,일 11:00 - 21:00 지난 봄에 다녀왔던 카페인데 사진만 저장해 놓고 이제서야 올려보는 역삼 카페 &lt;레포드라라 강남점&gt; 후기.... ",열심히 일하고 열심히 놀자 ◡̈,20240704
https://blog.naver.com/keep-dreaming/223513452254,BTS 진 전역 라이브 스콘 강남역카페 <b>레뽀드라라 강남점</b> 스콘... ,"<b>레뽀드라라 강남점</b> 매장 이용 시간은 2시간, 1인 1음료 주문을 해야 한다. 레뽀드라라 멤버십도 있으니 참고하시면 될 것 같다. 스콘 케익도 판매하고 있고, 스콘 선물세트도 있다. 스콘이 정말 맛있어서 소중한... ",킵드리밍,20240715
https://blog.naver.com/msunh/223516323000,강남역카페 '<b>레뽀드라라 강남점</b>' BTS진 전역 라이브 방송에... ,바로 레뽀드라라의 스콘과 까눌레라고 하더라구요. 그리하여 다녀오게된 강남역카페 <b>레뽀드라라 강남점</b>입니다. 아마도 하이브 근처에 있는 용산점의 스콘이겠지만 강남점에서도 같은 스콘을 맛볼 수... ,써니연의 세상사는 이야기,20240717
https://blog.naver.com/jinty/224240687223,서울 역삼동 강남역 스콘 맛집 카페 <b>레뽀드라라 강남점</b>... ,서울 역삼동 강남역 스콘 맛집 카페 <b>레뽀드라라 강남점</b> Repos De Lala 오늘은 카페 소개 포스팅 보다는 기록 남기는거 위주로 적어볼게요. 서울 역삼동 국기원 근처 카페 <b>레뽀드라라 강남점</b> Repos De Lala. 정확한... ,진티천사의 메타버스,20260404
https://blog.naver.com/yiramoment/224239104559,"강남역 디저트 맛집, 밀크티와 스콘이 맛있는 '<b>레뽀드라라</b>'",예전에 광교 앨리웨이에서 '티크닉'이라는 티룸에 가보고 생각보다 너무 맛있고 좋았어서 이번에 강남역 스콘 맛집 '레뽀드라라' 다녀왔어요. <b>레뽀드라라 강남점</b> 위치 서울특별시 강남구 테헤란로7길 22 2관... ,Yira moment,20260403
https://blog.naver.com/kjwdawin/224066829080,[강남] <b>레뽀드라라 강남점</b> 까눌레 맛집,하기 좋더라구요~ 저는 까눌레가 생각나면 아마 재방문 하지 않을까 싶습니다!! #레뽀드라라 #<b>레뽀드라라강남점</b> #강남카페 #역삼카페 #강남까눌레 #강남까눌레맛집 #역삼까눌레 #역삼까눌레맛집 #레뽀드라라까눌레,프리랜서 모델&배우 SSUN의 일상 기록,20251106
https://blog.naver.com/sun_ny_7/224160619437,강남역 스콘 맛집 <b>레뽀드라라 강남점</b>:: 구움과자 선물세트 가격,"<b>레뽀드라라 강남점</b> 영업시간 평일에 일찍여는 강남역 카페 레뽀드라라~ 레뽀드라라 메뉴 아메리카노 4,500원 ~ 카페라떼 5,000원 ~ 로얄밀크티 6,500원 ~ 말차라떼 5,500원 ~ 음료 가격은 주변 강남역 카페 대비... ",뇽이의 맛난 블로그 | 뇽맛블,20260126
https://blog.naver.com/honeypunch12/224059685674,<b>레뽀드라라 강남점</b> 스콘과 비엔나 커피가 맛있는 디저트 카페,그럴바에야 레뽀드라라에서 쉬는게 나을거 같아유 강남역 카페 스콘 맛집으로 추천합니다요ㅎㅎ 이상 내돈내산 <b>레뽀드라라 강남점</b> 후기였습니다! #레뽀드라라 #레뽀드라라강남 #강남스콘맛집 #강남휘낭시에... ,절겁다 절거워 나의 라이뿌,20251031
https://blog.naver.com/qwerasdf0209/224230863085,건강과 품질을 고려한 베이커리 강남예쁜카페 <b>레뽀드라라 강남점</b>,서울 강남에 위치한 <b>레뽀드라라 강남점</b>은 따뜻한 햇살과 함께 잊지 못할 카페의 순간을 선사하는... 강남에서 만나는 특별한 쿠키 강남 쿠키를 사랑하는 고객들에게는 레뽀드라라의 쿠키가 특히 추천됩니다.... ,삶은 다 경이롭다,20260327
https://blog.naver.com/x444987/224242071428,<b>레뽀드라라 강남점</b>에서 느낀 가심비 충족하는 메뉴 TOP 5,"찾다가 <b>레뽀드라라 강남점</b>을 발견했음 분명 기대 이상일 것 같았고, 그래도 두근거림이 계속 느껴짐 자, 오늘 저녁은 어떤 맛을 만날 수 있을까? 맛있고 풍성한 메뉴들 레뽀드라라의 대표 메뉴는 사실 클래식한... ",조용한 경험보관함,20260406
https://blog.naver.com/somsomblog/223778027738,강남 디저트 맛집 &lt;<b>레뽀드라라 강남점</b>&gt; 방문 솔직 후기,"강남에서 특별한 디저트를 찾고 있다면, &lt;<b>레뽀드라라 강남점</b>&gt;을 추천드려요! 이번에 방문하여... 근처에서 식사 후 레뽀드라라에 방문했어요 다양한 디저트로 유명한 곳이더라구요!  강남구 테헤란로7길 22... ",Eat & Trip ✈️ 솜솜의 맛집일기,20250306
https://blog.naver.com/kukueuna/223995658847,"<b>레뽀드라라 강남점</b> 메뉴 비엔나커피, 스콘, 저당 딸기잼 리얼... ","레뽀드라라 같이 가보실까요? 위치: 서울 강남구 테헤란로 7길 22 2관 101호 ⏰영업시간: 매일 8시 30분~21시  연락처: 0507-1352-3177 <b>레뽀드라라 강남점</b>은 2호선, 신분당선 강남역 1번 출구에서 도보로 이동... ",오늘의 준픽,20250905
https://blog.naver.com/moonlight-417/224235895621,강남 카페 <b>레뽀드라라 강남점</b> 인테리어와 베이커리 맛집,"바쁜 일상 속에서 달달한 간식을 즐기고 싶을 때, 레뽀드라라의 쿠키는 최고의 선택이 될 것입니다. 마지막으로 <b>레뽀드라라 강남점</b>은 소중한 사람과의 추억을 만드는 공간입니다. 햇살 좋은 날, 편안한 분위기... ",아담한 일상로그,20260331
https://blog.naver.com/crazyella19/224248662730,강남역 카페 '<b>레뽀드라라</b>' 구움과자 맛집,벚꽃도 피어서 너무 좋더라구요~ 레뽀드라라 자리 없으면 여기 와서 야외테라스 느낌으로 먹어도 좋을것 같아요!! #강남역카페 #강남구움과자 #강남역디저트 #레뽀드라라 #<b>레뽀드라라강남점</b> #강남역디저트카페,냠냠뇸뇸 낭만맛객 채채,20260411
https://blog.naver.com/hialice05/224248996602,[서울/강남] 스콘 맛집 &lt;<b>레뽀드라라 강남점</b>&gt;,utm_source=ig_web_button_share_sheet 강남역 왔다가 들린 <b>레뽀드라라 강남점</b>! 체인점이긴한데 여기... 근데 스콘이 더 맛나용 #레뽀드라라 #레뽀드라라강남 #강남레뽀드라라 #강남카페 #강남데이트... ,노는게 제일 좋아,20260411
https://blog.naver.com/zzeoni2/224233339742,감성 <b>레뽀드라라 강남점</b> 강남예쁜카페,"감성 <b>레뽀드라라 강남점</b> 강남예쁜카페 여러분, 강남에 가면 좋은 카페가 많죠? 그런데 그중에서도... 레뽀드라라에서 맛본 스콘은 포슬포슬하면서도 겉은 바삭하고 속은 부드러운, 그야말로 최상의... ",알려Dream,20260329
https://blog.naver.com/haerlmm/224234404002,<b>레뽀드라라 강남점</b> 강남예쁜카페,"강남 카페 중에서도 특히 예쁜 분위기를 자랑하는 레뽀드라라에서 여러분의 소중한 순간을 함께 나누길 바랍니다. 여러분도 저희 <b>레뽀드라라 강남점</b>을 찾아, 건강하고 맛있는 음식을 경험하고, 특별한 시간을... ",Love Yourself,20260330
https://blog.naver.com/gofl35/223845225255,레트로 감성 수원 인계동 경양식 돈가스 맛집...<b>로마경양식</b>... ,네~그렇습니다~ 이번에 찾아온 곳은 수원에서 유명한 경양식 돈가스 맛집 <b>로 마 경 양 식</b> 입니다! <b>로마경양식</b> 수원 인계동 옛날돈가스 맛집 영업시간 : 10:45 ~ 19:30 (매주 월요일 휴무) 브레이크 타임 : 14:30 ~ 16:45... ,어제보다 조금 더 행복한 오늘~♡,20250424
https://blog.naver.com/mjinchul1/224217053533,수원 <b>로마경양식</b> 40년 전통 노포 돈까스 주차 웨이팅 혼밥 포장,경양식집의 돈까스 지금도 고향동네 중앙로터리에 있던 빈그래? 였나 빙그래? 생각이 날 정도로 추억이 남아있는데 추억이나 레트로 갬성 느끼러 한번 방문해 보셔도 좋을만한 수원 인계동 맛집 <b>로마경양식</b>... ,바블의 신나는 세상,20260408
https://blog.naver.com/boks-life/224238205694,"수원 <b>로마경양식</b> 현지인 찐... 이용방법, <b>로마경양식</b>세트... ","ㅎㅎ <b>로마경양식</b> 생생후기 들려드릴게요. 영업시간 화~일 10:45 - 19:00 14:00 - 16:45 브레이크타임 13:45, 18:45... 어릴 때 동네에 하나쯤 다 있을 법한 그런 경양식집ㅎㅎ 역시 먹고 나오는데 웨이팅이 많이 있었어요.... ",bok's life,20260403
https://blog.naver.com/kimsmell801/223841543694,수원 인계동 옛날돈까스 <b>로마경양식</b> 웨이팅해서 먹은 후기,나름 수원 #인계동돈까스 맛집으로 유명한 <b>로마경양식</b>에 가봤어요. 이렇게 인기있는 돈까스... 이후로만 가능하대요. 그리고 매장에서 주문도 폰으로 해야해요. 옛날돈까스집인데 진짜 경양식 돈까스 맛이... ,멜이의 자유게시판,20250421
https://blog.naver.com/iwish45/224250026480,수원 인계동맛집 <b>로마경양식</b> 운좋게 웨이팅없이 입장한 경양식... ,데려간 곳은 옛날 경양식 돈까스를 하는 <b>로마경양식</b>이다. 일단 저녁시간 영업이 짧은 곳이고 웨이팅이 있다는 말에 퇴근후 마음이 급해진 우리는 택시를 타고 부리나케 달려갔다. <b>로마경양식</b> 주소 : 경기... ,긍정마인드,20260412
https://blog.naver.com/dkfmaspt7/224231614467,수원 인계동맛집 <b>로마경양식</b> 웨이팅해도 또 가고 싶은 경양식돈... ,"싶어서 찾아간 내돈내산 방문이었는데, 결과적으로 아주 만족스러웠어요. 다음에 또 경양식 생각나면 저희는 다시 <b>로마경양식</b>으로 갈 것 같아요. 옛날 스타일 돈까스가 그리운 날 한 번 가보셔도 좋을 것 같아요.",류미의 계절,20260328
https://blog.naver.com/trueloveu/223943707930,수원 <b>로마경양식</b> 인계동 돈까스 맛집 레트로 핫플,수원 <b>로마경양식</b> 인계동 돈까스 맛집 레트로 핫플 70년대와 80년대 사이를 오가는듯한 경양식... 수원 인계동 <b>로마경양식</b> 사장님은 이탈리아를 정말 사랑하시나보다. 이렇게 곳곳에 로마여행사 포스터도... ,"티아라여행, T r a v e l o g u e",20250723
https://blog.naver.com/miss_uu/223969766512,수원 인계동 <b>로마경양식</b> 옛날 돈가스 &amp; 함박스테이크 전문점... ,"수원 인계동에 위치한 &quot;<b>로마경양식</b>&quot; 이라는 곳인데요. 1987년 개업한 전통 경양식집으로, 이곳에 가면 오래된 식당의 역사를 느낄 수 있을 만큼 레트로한 고풍 분위기가 특징입니다. 그럼 줄 서서 먹는 수원 맛집... ","삶의 목적=""행복""",20250814
https://blog.naver.com/favor7777/224272554727,<b>로마경양식</b>&quot;/옛날돈가스/함박스텍/수원34년 전통경양식... ,가성비 좋고 추억돋는 경양식집 <b>로마경양식</b>!! 잘 즐기고 간다. #경기도맛집 #수원시맛집 #팔달구맛집 #<b>로마경양식</b> #옛날돈가스 #함박스텍 #수원34년 전통경양식 #데미그라스 소스 #정식1번 #정식3번 #왕새우... ,내삶의 오아시스,20260502
https://blog.naver.com/sandy_notes/224246971276,수원 <b>로마경양식</b> 노포 돈까스 웨이팅 포장 혼밥 행궁동 맛집,"수원 경양식돈까스 맛집 <b>로마경양식</b>의 내부 일반 테이블좌석도 있지만, 룸형태로 된 공간도 있어서 가족단위 등 단체 식사를 하기 좋아보였다. <b>로마경양식</b>의 메뉴 <b>로마경양식</b>의 모든 메뉴를 즐기고 싶다면... ",샌디의 생각 노트,20260409
https://blog.naver.com/bbabssae/224180645972,"<b>로마 경양식</b> (주차 완전 정리, 처음 가는 사람들께, 케냐와 비교)",지난번에 수원에 경양식 맛집으로 또 유명한 케냐에도 다녀와서 소개해 드린 적이 있는데요. <b>로마 경양식</b>을 케냐와 비교를 한번 해봐야겠습니다. 이곳이 저희가 앉은 곳 수프에는 땅콩버터가 들어있다더니 일반... ,때깔 고운 뱁새,20260211
https://blog.naver.com/see_yat/224044266439,수원 추억의 돈까스 맛집 : <b>로마경양식</b>(since.1987),경양식 돈까스 좀 썰어본 사람이라면 누구나 안다는 <b>로마경양식</b> 요즘 나도 한국에서 일식 돈까스... 왜 <b>로마 경양식</b>인지 처음엔 갸우뚱 했는데 여기 커피 마셔보고 와.. 여기가 이래서 로마구나 싶었던 커피... ,잠못이루는밤,20251017
https://blog.naver.com/kopml/224116563973,수원 응팔 레트로 감성 웨이팅 돈까스 맛집 - <b>로마경양식</b>,"수원 인계동의 오래된 경양식당 <b>로마경양식</b> <b>로마경양식</b>은 1996년 부터 시작하셨다고 하니, 30년 가까이 되었는데, 사실 30년이면 노포라고 하기도 애매한 업력이지만 식당 내부 분위기가 레트로해서... ",엘리앤펀,20251220
https://blog.naver.com/dragonswing/224239993396,인계동 맛집] <b>로마경양식</b> : 40년전통의 돈까스,수원에서 가장 유명한(?) 돈까스집이라고 하면 떠오르는 <b>로마경양식</b> 1987년부터 시작하여 어느덧... 스프입니다 경양식 돈까스집에서 나오는 스프는 왜이리도 맛잇는건지 추가요금만 없다면 몇번이고 리필해서... ,신사의 일상생활 블로그,20260403
https://blog.naver.com/a970830/224242181268,수원 인계동 경양식돈까스 맛집 <b>로마경양식</b>,주차 #인계동맛집 #수원맛집 #<b>로마경양식</b> #동수원맛집 #인계동돈까스 #수원경양식돈까스 #경양식돈까스 #수원맛집추천 #인계동<b>로마경양식</b> #팔달문맛집 #<b>로마경양식</b>메뉴 #맛집블로그 #서이웃 #서이추... ,오늘의 행복 한 조각,20260406
https://blog.naver.com/hrlee10102/223987030554,수원맛집여행 옛날돈가스 함박스텍 레트로감성 <b>로마경양식</b>,"수원 <b>로마경양식</b> 개요 위치: 경기도 수원시 팔달구 경수대로 549, 동수원빌딩 1층 (인계동) 오픈 연도: 1987년, 약 38년간 운영 중인 전통 경양식 맛집 휴무 및 영업시간: 매주 월요일 휴무 화금: 11:3019:00... ",봄 여름 겨울 그리고 가을,20250829
https://blog.naver.com/songebam_/224189566882,수원 <b>로마경양식</b> 40년 전통 레트로 경양식돈까스 핫플,"수원 <b>로마경양식</b> 40년 전통 레트로 경양식돈까스 핫플 위치: 가보정 근처 영업시간: 화-일: 10:45 - 19:00 BT: 14:00 - 16:50 / LO: 13:45 - 18:45 정기휴무: 매주 월요일 1인 식사: 평일 점심, 주말 불가 주차: 건물 내 주차장... ",송이밤,20260220
https://blog.naver.com/corudfla1/224000278189,수원 옛날돈까스맛집 레트로 감성 가득한 <b>로마 경양식</b> 솔직후기,없었어요) <b>로마 경양식</b> 메뉴 평일 점심/ 평일 저녁과 주말 메뉴가 다릅니다 추억의 경양식집답게 정식 코스가 다양하고 단품으로도 가능합니다 웨이팅 맛집답게 요구사항(?)이 좀 많습니다 ✔️주중 1인... ,쉰스틸러의 동방견문로그,20250908
https://blog.naver.com/yoom0711/224249232139,"수원 돈까스맛집 <b>로마경양식</b> 웨이팅, 주차, 메뉴정보",전통 있는 맛집답게 맛과 분위기 모두 훌륭했다. 수원에서 제대로 된 경양식 돈까스를 즐기고 싶다면 <b>로마경양식</b> 꼭방문하길! 조만간 이 맛이 생각나서 또 오게 될 것 같다. ^3^,윰며들어,20260412
https://blog.naver.com/mr_white84/224191992603,수원 <b>로마경양식</b>  최고의 경양식 돈까스 맛집 + 주차 팁,TV로만 보았습니다^^ 4. 메뉴 가격 이전에는 평일런치가 조금 저렴했는데 다 하나로 합쳐졌습니다 정식1... 찐 경양식돈까스입니다 수원 <b>로마경양식</b>에서만 맛볼 수 있는 특색이 넘치는 맛이라고 생각되구요 밥... ,화이트씨의 이것저것,20260223
https://blog.naver.com/rhdqn723/224267788919,「<b>료혼 본관</b>」 커플들도 많이 방문하는 인계동 맛집,"✅ 식사하기  료혼 한판 34,000원  스테이크동 15,900원  사이다 2,000원 료혼 한판 34,000원 스테이크동 15,900원 곰곰이가 주문한 료혼 한판은 <b>료혼 본관</b>에서 인기 많은 메인 메뉴들을 한번에 맛볼 수 있는건데요.... ",루나와 곰곰 일상,20260428
https://blog.naver.com/seul_eeee/224248101538,인계동 혼밥 맛집 <b>료혼 본관</b> 24시 일식당 우나기동 냉메밀소바... ,"땡겼어요, 료혼 냉소바는 야채튀김까지 토핑으로 크게 올라가있어서 무지 궁금했던 메뉴..! 사이드로 가라아게까지 야무지게 시켜줬슴다 ㅎㅎ 사이드 메뉴가 몇 개 있었는데 고민 끝에 가라아게로! <b>료혼 본관</b>은... ","우리 그냥 먹고, 놀아요 :)",20260410
https://blog.naver.com/yvenus/223942141233,[경기/수원] 한그릇으로 즐기는 장인정신 인계동맛집 - <b>료혼 본관</b>,"<b>료혼 본관</b> 주 소 : 경기 수원시 팔달구 인계로124번길 36 1층 103~104호 전화번호 : 031-222-7867 영업시간... 료마카세동 로마카세동은 료혼에서 판매하고 있는 대표메뉴 연어 사시미, 스테이크, 규카츠, 아게다시도후를... ",별림하다,20250722
https://blog.naver.com/endlesskk/224261819709,수원 인계동 맛집 <b>료혼 본관</b> 솔직후기,"저는 오늘 일식 덮밥 종류가 먹고 싶어서 맛집을 찾다가 발견한 수원 인계동 맛집 <b>료혼 본관</b>에 다녀왔는데요, 인계동 밥집 <b>료혼 본관</b> 솔직후기 공유해드릴게요! 수원 인계동 맛집 <b>료혼 본관</b> 주소: 경기 수원시... ",COCOA,20260423
https://blog.naver.com/design_ziwan/224187740000,"수원시청역 맛집, 24시간 운영하는 인계동 맛집 <b>료혼 본관</b>","맛집 <b>료혼 본관</b> 인계동은 워낙 맛집이 많은 지역이긴 한데 연휴에는 휴무인 곳들도 많아서 문 연 식당... 분위기였음 료혼은 프리미엄 일식 전문점으로 신선한 재료와 고퀄리티의 음식들로 홀 매장, 배달 모두... ",덕질하는 디자이너,20260219
https://blog.naver.com/jiin0603/224248192026,수원 인계동 혼밥되는 맛집 <b>료혼 본관</b>,<b>료혼 본관</b> 주소 경기 수원시 팔달구 인계로124번길 36 수인분당선 수원시청역 6번 출구에서 400m 전화번호 0507-1309-2242 영업시간 24시간 연중무휴 <b>료혼 본관</b>은 인계동 수원시청역 6번 출구에서 조금 걸어가면 바로... ,블로그 파업중,20260410
https://blog.naver.com/trak89/224119052746,24시간 영업하는 식사하기 좋은 인계동 일식 맛집 - <b>료혼 본관</b>,"음식점 료혼 인계본점이예요 <b>료혼 본관</b> 경기 수원시 팔달구 인계로 124번길 36 1층 103-104호, 료혼 24시간 영업, 연중무휴 주차가능, 배달/포장가능 단체이용가능, 포장할인 지역화폐 사용가능 <b>료혼 본관</b>은... ",비터스윗의 달콤쌉싸름한 소비 일기 ♡,20251222
https://blog.naver.com/jinly1988/224187476750,인계동 찐맛집 <b>료혼 본관</b> 24시 식당 신선 토핑 돈부리,인계동 찐맛집 <b>료혼 본관</b>의 분위기를 영상으로 느껴보기. 3. 메뉴 료혼의 메뉴는 종류 자체도 다양하지만 특히 돈부리 위에 올라가는 재료의 조합을 골라 먹을 수 있게 구성해 놔서 각자의 취향에 맞춰 즐길 수... ,감상기록장,20260218
https://blog.naver.com/ddingdong9/224268430009,[수원/맛집] 인계동 맛집 프리미엄 일식 덮밥 <b>료혼 본관</b> 후기,심지어 24시간 영업하는 &quot;<b>료혼 본관</b>&quot;에 다녀온 솔직후기 시작할게요~:) <b>료혼 본관</b> ☎ 0507-1309-2242... 가장 먼저 스테이크&amp;규카츠동 꽈리고추 튀김과 수란이 있어 바삭하고 부드럽게 즐길 수 있는 료혼의 대표적인... ,딩동이의 일상기록,20260428
https://blog.naver.com/skwogud581_/224227191123,"한 번에 즐기는 일식 덮밥 24시간 영업 혼밥 추천, <b>료혼 본관</b>","여기 일식은 좀 다르다 <b>료혼 본관</b> 안녕하세요! 오늘은 스테이크와 규카츠, 연어까지 한 번에 즐길 수... 15,900원 료혼 야끼니꾸 라멘 11,500원 스테키 카레 14,000원 냉 메밀 사케소바 14,000원 네이보 지도 앱에서 본... ",꿈 속의 국화씨,20260324
https://blog.naver.com/i_dbin/224209915464,"일식(돈부리) 맛집, 사케동&amp;스테이크동 맛집 &quot;<b>료혼 본관</b>&quot; 후기","맛집 &quot;<b>료혼 본관</b>&quot; 24시 영업, 포장&amp;배달 가능  위치 : 경기 수원시 팔달구 인계로124번길 36 1층 주차 : 매장... 료혼 본점은 24시간 운영으로, 저녁에 혼술하기 좋은 곳으로도 유명하더라고요! 저희는 돈부리만... ",≽^•༚• ྀི≼,20260309
https://blog.naver.com/tlsgpwn321/224267799266,합리적인 인계동 맛집 일식전문점 인계동 밥집 <b>료혼 본관</b>... ,#<b>료혼본관</b> #료혼 #인계동맛집 #인계동밥집 #수원맛집 #인계동점심 #인계동저녁 #인계동점메추 #인계동데이트 #인계동저녁메뉴 #인계동점심메뉴 #인계동일식 #인계동혼밥 #인계동혼밥맛집 #인계동부타동... ,네주의 맛난 하루,20260428
https://blog.naver.com/m_ingji/224190438633,"[수원 인계동] 주차가 가능한 돈부리 인계동맛집, <b>료혼 본관</b>","여기 <b>료혼 본관</b>은 주차도 가능하고! 아기의자도 있고, 무엇보다 24시간 연중무휴라는 것.. 우린 미리 네이버로 예약 후, 11시에 방문 일단 료혼은 프리미엄 일식 전문점이라는 것! 꼭 술을 마셔야 갈 수 있다는... ",밍지의 일상,20260221
https://blog.naver.com/keep_g_ing/224063999068,"인계동 연중무휴 덮밥 맛집, <b>료혼본관</b>! 수원 시청역 근처 푸짐한... ",인계동 24시간 영업 푸짐한 덮밥 맛집 <b>료혼 본관</b> 인계동 맛집 / 덮밥 프랜차이즈 / 수원시청역 맛집... 료혼 돈부리 맛있게 먹는 법! 덮밥이 나오면 비비지 말고 밥과 토핑을 곁들여 먹기! 접수입니다 흐하하... ,KEEP GOING,20251104
https://blog.naver.com/heeji_hee/224177113323,인계동 맛집ㅣ프리미엄 일식 전문점 &quot;<b>료혼본관</b>&quot; 솔직 후기,"<b>료혼 본관</b> 메뉴입니다 <b>료혼 본관</b>은 좌석마다 셀프 키오스크로 선택 후 바로 결제하는 시스템이에요 편하게 주문할 수 있습니다 대표 메뉴로는 료혼한판 34,000원 대장스테이크동 16,500원 / 사케동 14,000원... ",선물같은 하루를,20260209
https://blog.naver.com/rusiru104/223840875462,인계동찐맛집 24시 점심맛집 <b>료혼본관</b> (주차가능),많았던 료혼라멘!!! 깊은 맛의 일본식라멘!! 한국인 입맛을 위한 다진마늘이 킥인듯 들어있어서 먹을때 숙주랑 마늘이랑 잘 섞이도록 휘휘 저어서 먹었어요!! 깔끔하면서 깊은 맛!! <b>료혼본관</b> 일본식라멘 그리고... ,루시루 이야기,20250421
https://blog.naver.com/zext_generation/223932115237,수원 인계동 맛집 - 24시간 영업하는 일식당 전문점 <b>료혼본관</b>,"수원시청역 맛집 '<b>료혼본관</b>'입니다~ <b>료혼 본관</b> 주소 : 경기 수원시 팔달구 인계로124번길 36 1층 103호... 대장스테이크동과, 료혼의 대표 메뉴인 료마카세동을 주문했습니다! 료마카세동은 연어사시미, 스테이크... ",젝스트의 보험금융이야기,20250713
https://blog.naver.com/sj3177/224150784241,"수원 인계동, 수원시청역 일식 덮밥 맛집, <b>료혼 본관</b>",시청역에서 약 10분 정도 걸으면 도착하는 곳이다 <b>료혼본관</b> 입구 연말분위기로 꾸며져 있는 료혼 입구 매장이 까만색이라 닫은줄 알고 멀리서 보고 절망했지만 가까이서 보니 실내 불이 켜져 있어서 영업중인걸... ,일상탐험: 오늘도 번쩍,20260118
https://blog.naver.com/shy_lovely/224188720236,인계동 맛집 24시간 운영하는 프리미엄 일식 <b>료혼 본관</b>,"맛집 <b>료혼 본관</b>을 추천한다. 혼밥하러 오신 분들도 있고, 데이트하러 온 커플들도 꽤 보였는데, 그만큼 인증된 곳이라 생각되었고, 인계동에 갈 때 한 번 들러보면 좋을 듯 싶다. 우나기동, 료혼우동, 오야코카레... ",우리가 함께하는 소중한 시간,20260219
https://blog.naver.com/dio_love_/224219357117,인계동 맛집 24시간 영업 일식 사케동 돈부리 전문 <b>료혼 본관</b>,맛있었던 <b>료혼 본관</b>. 방문해서 먹으니 갓 나온 튀김과 규카츠가 정말 맛있더라구요. 이 맛 절대 못 잊어... 료리의 혼을 담은 료혼! 요리의 혼을 담은 거겠죠? ㅋㅋㅋ 대장 스테이크동과 스테키소바도... ,ॢ 보때맘이 직접 체험하는 리뷰로그 ॢ,20260317
https://blog.naver.com/jjclover-/224276127781,수원 행궁동 한옥 카페 <b>류온 행궁동점</b> 말차 맛집 내돈내산,ㅎㅎ 류온카페를 주문했어요 귀엽군.. 2종류 맛볼 수 있어서 해피한 저 ☆ 수원 행궁동 한옥 카페 <b>류온 행궁동점</b>은 화장실도 건물에 있어요 1층 남자화장실 2층 여자화장실로 나뉘어있고 1층 오더 하면서 앉을... ,유니네 행복 리뷰,20260506
https://blog.naver.com/bg7609/224238176327,수원 행궁동 말차 맛집. 뷰 좋은 카페로 추천하는 <b>류온 행궁동점</b>,<b>류온 행궁동점</b>은 말차로 유명한 곳이구요 차로도 유명한 곳이랍니다. 저는 이 날은 커피가 너~무... 진짜 힐링되는 카페였어요 <b>류온 행궁동점</b>은 수원천 옆에 위치하고 있어서 버드나무 뷰가 정말 예뻐요!... ,다니의 맛집 여행사,20260411
https://blog.naver.com/jiilog/224247430577,수원 행궁동 <b>류온 행궁동점</b> 애견동반 버드나무뷰 말차맛집,발견한 <b>류온 행궁동점</b>을 소개하겠습니다~ <b>류온 행궁동점</b> 경기 수원시 팔달구 창룡대로7번길 16 1-2층... 이쁜길에 류온이 딱 있더라구요ㅎㅎ 주말 오후 4시 정도에 방문했는데 1층은 만석이였고 2층은 두자리... ,BEBE JJI,20260410
https://blog.naver.com/gary97/223977434465,행궁동 카페 - '애플 망고 빙수'와 함께 즐기기 in &quot;<b>류온 행궁동점</b>&quot;,"할 때쯤 나타납니다~ㅎ <b>류온 행궁동점</b> 영업 시간 : 12시 ~ 21시 주차장 : 따로 없음 행궁동 류온 1층과 2층으로 되어 있구요~ 저희가 갔을 때, 문이 닫혀 있길래 쉬는 날인가 했더니, 12시 영업 시작이더군요... ",오로파라,20250820
https://blog.naver.com/gamjatoe/224273072908,"<b>류온 행궁동점</b>, 말차 매니아의 방문 리스트","한번쯤은 꼭 가봤을 듯하고 안가봤다면 한번쯤은 꼭 가봐야 하는 <b>류온 행궁동점</b> 다녀온 후기!... 분들은 류온 카페 행궁동 점의 다양한 말차 메뉴도 맛보고 행궁동 빈티지숍 구경, 맛있는 음식들도 맛보러... ",합리적이고 현명하게 사는 해파고구마의 일기,20260503
https://blog.naver.com/shujim/224070853754,수원 <b>류온 행궁동점</b> 뷰가 미쳐버린 말차카페 주악도 맛있음,바로 류온입니다! <b>류온 행궁동점</b>  경기 수원시 팔달구 창룡대로7번길 16 ⏰ 일~목 12:00 ~ 21:00 (라스트오더 20:00) 금~토 12:00 ~ 22:00 (라스트오더 21:00)  0507-1397-4498  주차불가 이 날 수원의 날씨는 우리를 반겨주듯이... ,뚜니의 하루,20251110
https://blog.naver.com/naya_o3o/224259664238,행궁동 말차 전문 뷰좋은 카페 추천 :: <b>류온 행궁동점</b>,뷰가 정말 좋은 카페라서 한적하게 힐링하기 참 좋은 곳이에요- 차를 전문으로 하는 카페라서 말차좋아하시는 분들께 더 추천드려용 <b>류온 행궁동점</b> 메뉴 류온 메뉴도 참고해주세요 ! 말차/호지차 메뉴가... ,Jours de printemps,20260421
https://blog.naver.com/foodcoma_2pm/224036448577,수원 행궁동카페 <b>류온 행궁동점</b> 내돈내산,주문은 키오스크로 하시면 됩니다 수원 행궁동에는 한국적인 디저트를 파는 곳이 많은데 카페 류온 역시 개성주악이 있습니다 행궁동카페 <b>류온 행궁동점</b> 메뉴판이에요! 제가 주문한 메뉴는 말차 코코넛... ,오후2시식곤증,20251010
https://blog.naver.com/hhhjin4/224187760690,<b>류온 행궁동점</b> : 행궁동 버드나무뷰 찻집 추천 내돈내산,<b>류온 행궁동점</b> : 행궁동 버드나무뷰 찻집 추천 내돈내산 #내돈내산 영업시간 일요일 ~ 목요일 : 12:00 ~ 21... #<b>류온행궁동점</b> #행궁동감성카페 #행궁동카페추천 #행궁동카페 #행궁동버드나무뷰 #수원찻집... ,해진 블로그 -`♡´-,20260219
https://blog.naver.com/luckysom_/224066987386,수원 <b>류온 행궁동점</b> RYUON # 버들나무 창가뷰 말차 음료 맛집,RYUON <b>류온 행궁동점</b> 버들나무 창가뷰 수원 행궁동 휴식이 있는 감성카페 수원 행궁동 말차 맛집... 위치한 류온 밖에서 카페를 바라 본 모습 오픈준비에 한창 중이어서 폴딩도어가 활짝 열린 상태! (사실... ,somground,20251106
https://blog.naver.com/hyejung0531/224066649837,<b>류온 행궁동점</b> | 수원 화성 데이트하기 좋은 카페 말차... ,"카페 류온(ru:on) 을 소개하려고 해요! 이곳은 이미 말차 덕후들 사이에서는 꽤 유명한 곳으로, 감성적인 인테리어와 정성 가득한 디저트 그리고 고급스러운 말차 음료로 유명하답니다 <b>류온 행궁동점</b> 경기... ",동글해동,20251106
https://blog.naver.com/moolbi26/224227237111,행궁동 카페 개성주악 맛집 <b>류온 행궁동점</b>,"행궁동카페 개성주악 맛집 <b>류온 행궁동점</b> 다녀왔어요 동양미 물씬 나는 모던한 찻집 감성 분위기좋은 행궁동 카페 류온에서 데이트 즐기고 온 날 봄, 여름엔 하늘하늘 수원천 버드나무뷰 겨울엔 크리스마스... ",블베떼의 소소한 이야기,20260324
https://blog.naver.com/qkql7085/224142441243,[수원/행궁동] <b>류온 행궁동점</b> :: 행궁동감성카페에서... ,류온 꼭 가보세요. 두바이딸기케이크 때문이라도 분명 만족하실거에요! 오늘도 소중한 시간 내주셔서 감사합니다 다음에 또 봐요~~ 안녕!! #수원카페 #수원맛집 #행궁동카페 #행궁동감성카페 #<b>류온행궁동점</b>... ,소울 탐험가,20260111
https://blog.naver.com/ojjoo88/224016409789,[수원 화성행궁 카페] <b>류온 행궁동점</b> / 애플 망고 우유 빙수... ,"<b>류온 행궁동점</b> (0507-1397-4498) 경기도 수원시 팔달구 창룡대로7번길 16 영업시간: 평일 12:00~21:00 / 금, 토 12:00~22:00 / 평일 L.O 20:00 / 금, 토 L.O 21:00 지역화폐: O SNS: &amp; &amp; 안녕하세요, 블로거 오쭈 입니다  이직하기... ",오쭈의 놀고 먹는 일상,20251015
https://blog.naver.com/wwkbe/224043598244,행궁동 카페 하천길 옆 예쁜 <b>류온 행궁동점</b>,"행궁동 카페 예쁜카페 류온 다녀왔어요 오랜만에 재방문 했거든요 소개 한번 해볼게요 <b>류온 행궁동점</b> 영업시간 월-목,일 12:00-21:00 라스트오더 20:00 금,토 12:00-22:00 라스트오더 21:00 위치 행궁동... ",잼있는갱우네,20251016
https://blog.naver.com/onederful_day/224157246961,"<b>류온 행궁동점</b>ㅣ버드나무뷰 카페ㅣ두바이 딸기 케이크, 말차... ",버드나무 뷰가 매력적인 '<b>류온</b>' <b>행궁동점</b> 방문후기 솔직 리뷰 해보겠습니당~!  위치 / 운영시간 월-목 12:00-21:00 (20:00 라스트오더) 금-일 12:00-22:00 (21:00 라스트오더) ☎ 0507-1397-4498  주차안내 / 정보 포장... ,onederful_day,20260123
https://blog.naver.com/wl_dud20/223971583251,수원 행궁동 카페 <b>류온 행궁동점</b>,류온 메뉴판 <b>류온 행궁동점</b>은 전통적인 분위기의 인테리어로 이런 분위기와 어우러지는 다양한 티와 함께 여유로운 시간을 보내기에 좋아요. 또한 개성주악과 말차 메뉴도 인기입니다! 당고와 아이스크림 우유... ,콩떡 맛집/카페,20250815
https://blog.naver.com/skdlwldudsk/224090983532,수원 행궁동 카페 디저트 맛집 <b>류온 행궁동점</b> 내돈내산 후기,#류온 #행궁동류온 #<b>류온행궁동점</b> #수원행궁동카페 #수원행궁동디저트카페 #수원디저트맛집 #개성주악 #행궁동개성주악 #행궁동딸기케이크 #행궁동케이크맛집 #행궁동빙수 #행궁동빙수카페... ,지영세상,20251128
https://blog.naver.com/lee_04/224038095312,수원 느좋 카페 버드나무 뷰 <b>류온 행궁동점</b>,"#수원행궁동카페 #<b>류온행궁동점</b> 수원 행궁동 느좋 카페 버드나무 뷰 <b>류온 행궁동점</b> 글, 사진 ⓒ 리슈 9월 말에 다녀온 수원 버드나무 뷰 카페 <b>류온 행궁동점</b>을 소개해 드려요! 수원천 앞에 위치한 카페 류온... ",리슈의 머만하면대만,20251012
https://blog.naver.com/riri_park/224124358578,행궁동카페 수원 행궁 수양버들이 멋진 카페 <b>류온 행궁동점</b>,그중에서도 햇살과 풍경이 인상 깊었던 수원 행궁 카페 <b>류온</b>에 다녀왔습니다. 경기 수원시 팔달구... 인테리어 <b>류온</b>의 내부는 햇빛이 잘 들어오는 넓은 통창이 가장 먼저 눈에 들어왔어요. 여기에 동양적인... ,많이 먹고 뱃살댄스,20251227
https://blog.naver.com/seori--/223924948911,"<b>마녀주방 강남점</b>, 이색 가성비 레스토랑 추천",안녕하세요 서리입니다:) 오늘은 <b>마녀주방 강남점</b>에 다녀왔어요 ! 마녀주방은 지점이 여러군데 있는데 학생 때 맛있게 먹었던 기억이 있어서 오랜만에 방문했습니다 ㅎㅎ <b>마녀주방 강남점</b> ⏰ 영업시간 매일 12... ,"지극히 사적인, 이야기",20250707
https://blog.naver.com/wngml1769/223554692962,[강남역 파스타맛집] <b>마녀주방 강남점</b>,강남역 도보3분 거리에 위치한 <b>마녀주방 강남점</b> ㅎㅎ 저의 또또또간집이에요 지하 1층에 위치해있어서... 여긴 샐러드가 7천원대에요..ㅎㅎ 가격은 저렴한데 맛이 최고라서 마녀주방 올때마다 항상 시키는... ,Jane의 강남 구석구석❤,20240820
https://blog.naver.com/newnany/223637762384,할로윈 기념 이색 데이트 <b>마녀주방 강남점</b> 파스타와 돈마호크... ,"<b>마녀주방 강남점</b> 메뉴 메뉴는 일반 양식집과 비슷했지만 마녀주방만의 색깔이 있어요ㅋㅋㅋ 리코타 유령 독초 샐러드, 마녀의 촛불 샐러드, 마녀의 해골 하이볼, 무알콜 마녀의 피ㅋㅋ 메뉴가 정말 재밌죠?... ",뉴나니의 유난일기,20241029
https://blog.naver.com/book-kkook/223455755624,<b>마녀주방 강남점</b> 할로윈 분위기의 파스타 피자 맛집 강남양식,#마녀주방 #<b>마녀주방강남점</b> #마녀주방파스타 #마녀주방피자 #강남역파스타 #강남빠네 #강남역빠네 #강남맛집 #강남역맛집 #강남역스테이크 #강남스테이크 #강남데이트,´∨｀,20240523
https://blog.naver.com/young537sk/223419122954,<b>마녀주방 강남점</b> 분위기가 독특해서 가기 망설였는데 너무... ,강남역에 생각보다 파스타 맛집들이 잘 없다 다 체인점뿐이라서 안 가본 체인점인 <b>마녀주방 강남점</b>에... 있었다 <b>마녀주방 강남점</b>엔 주말 웨이팅이 있다는 후기도 봤었는데 내가 운이 좋은 거 같다 자리를... ,라떼 좋아하는 젤리킨,20240418
https://blog.naver.com/yeunsu0918/223657945092,<b>마녀주방 강남점</b> 내돈내산 후기 메뉴 추천 #할로윈... ,ㅋㅋㅋㅋㅋㅋㅋㅋ) <b>마녀주방 강남점</b> 소심하게 할로윈데이 드레스 코드 지킴ㅋㅋㅋㅋㅋ 마녀주방은 365일 할로윈 데이라고 해요 ㅋㅋㅋㅋ 근데 2년 연속(?) 할로윈 데이에 왔음 ㅋㅋㅋㅋㅋ 왠지 내년에도 와야할... ,연슈's 모든 순간,20241112
https://blog.naver.com/keep_my_eyes_on/223515485595,[강남-역삼동] 독특한 컨셉의 레스토랑 &quot;<b>마녀주방 강남점</b>&quot;,다녀온 #<b>마녀주방강남점</b> 에 대해 후기 남겨 볼게요. 저는 여기 가게에 대해 사전 정보 1도 없었고요.... 해골이 장미를 물고 있네요 얘는 화장실 앞 벽에 붙어 있어서 살짝 식겁 ㅋㅋㅋ 마녀의 피라는... ,지켜보고 있다!!!,20240717
https://blog.naver.com/sorinavoice/223955249370,할로윈 분위기 가성비 굿 강남맛집 <b>마녀주방 강남점</b> 내돈내산,강남맛집 <b>마녀주방 강남점</b> 리뷰를 쪄보려고 합니다'ㅅ'/ 작년 할로윈때부터 가고 싶었던 곳인데 드디어... 진짜 마녀주방이라는 이름이랑 너무 잘 어울리는 곳이었어요! 직원님이 안내해주실 동안 선반에 있는... ,달콤 말랑 루치 세상,20250801
https://blog.naver.com/greatday_bb/224212338383,"할로윈데이를 즐길 수 있는 공포스런 맛집, <b>마녀주방 강남점</b>","마녀주방 메뉴 <b>마녀주방 강남점</b>은 으슷한 콘셉트의 이탈리안 레스토랑으로 파스타, 샐러드, 피자, 스테이크, 리조또 등 다양한 음식을 판매하고 있어 취향에 맞게 선택할 수 있어요. 전 저 포함 여자 셋이서... ",Bliss,20260311
https://blog.naver.com/lifelectronics/223931831365,[강남맛집] 할로윈 테마로 꾸며둔 <b>마녀주방 강남점</b>,오늘은 강남의 할로윈테마 식당 마녀주방 리뷰 <b>마녀주방 강남점</b> 운영시간 12:00-22:00 가격대 : 2인세트 기준 3만원선 추천도 : ⭐️⭐️⭐️ 강남역 11번출구로 나와서 좀 걸어올라가다 골목쪽에 지하에 있는... ,재키의 IT.BLOG,20250713
https://blog.naver.com/csr1025/223897309258,(5)]1년 365일 할로윈인 이곳! - <b>마녀주방 강남점</b> 첫 방문 후기.,"강남 먹자골목 한견에 자리해 1년 365일 할로윈 컨셉을 유지중인 파스타 맛집, 머녀주방 강남점에서의... (다음글에 계속) #서울나들이 #강남맛집 #파스타맛집 #할로윈코스프레 #마녀주방 #<b>마녀주방강남점</b>... ",쪼군의 이것저것 기록보관소,20250612
https://blog.naver.com/nhjk2/224054496458,♀️ 강남역 데이트 &amp; 모임 장소 추천! <b>마녀주방 강남점</b> 방문기,"맛집, <b>마녀주방 강남점</b> 후기를 들려드리려고 해요. 이름부터 독특하죠? 실제로 가보니 기대 이상으로... 내려가면 마녀의 비밀스러운 주방 같은 공간이 펼쳐집니다. 매장 분위기 문을 열고 들어가면 마치... ",식탐정 개발자 복돌이,20251026
https://blog.naver.com/yoyaland/223654439649,<b>마녀주방 강남점</b> (강남역 365일 할로윈분위기 컨셉 식당),파티 같은 거 갈 기력과 의지는 없고 분위기라도 내려고 <b>마녀주방 강남점</b>에 다녀왔다. 마녀주방은 말 그대로 마녀의 주방 컨셉의 식당으로 할로윈데이 시즌뿐 아니라 매일매일이 할로윈스러운 느낌이 나는... ,YOYALAND,20241110
https://blog.naver.com/buildup2580/223621829538,<b>마녀주방 강남점</b> 페스츄리 피자 도우,강남역 엄청난 맛집이 있지만 <b>마녀주방</b> 이라는 가게의 피자도우는 패스츄리인데 식어도 부드러워서 엄청 맛있었어요! 가격도 별로 비싸지 않았습니다 메뉴가 모니터로 나와서 다 보이지 않아서 몇개만... ,보장을위한보험 010 5132 7767,20241016
https://blog.naver.com/yoomjung/223787219845,강남 <b>마녀주방 강남점</b> 이색데이트 파스타 샐러드 브런치 후기... ,３‘˶ ♡ᵎᵎᵎ #서로이웃추가 #서이추 #서이추환영 #데이트 #도넛 #마녀주방 #마녀주방강남 #<b>마녀주방강남점</b> #마녀주방메뉴 #파스타 #바닐라라떼 #스테이크 #강남점심 #강남역마녀주방 #강남역스테이크... ,call me love ♥️,20250307
https://blog.naver.com/siri1206/223482673530,[서울] 서울 강남 이탈리아음식 '<b>마녀주방 강남점</b>',맛도 있는데 분위기가 너무 좋아서 제주에 꼭 생겼으면 하는.. 그런 곳! #마녀주방 #<b>마녀주방강남점</b> #강남맛집 #강남데이트 #강남이탈리아맛집 #서울데이트 #서울맛집 #서울이탈리안음식점 #강남,YS's today,20240618
https://blog.naver.com/zkjhz33/223881168924,이색데이트 하기좋은 ‘<b>마녀주방 강남점</b>’,맛있었던 ‘마녀주방’ 에 다녀왔어요 다른지점은 한번씩 가봤는데 강남점은 처음 왔어요 ! 벌써부터... 추천드려요 #강남맛집 #강남놀거리 #강남역맛집 #<b>마녀주방강남점</b> #마녀주방 #마녀주방강남 #이색데이트... ,주옹로그,20250528
https://blog.naver.com/vbvvx/223449819743,할로윈 감성 충만한 <b>마녀주방 강남점</b>,지난 주말에 오랜만에 <b>마녀주방 강남점</b> 다녀왔어유 작년에 갔다왔었는데 특유의 컨셉에 충실한... 조명도 어둑어둑하니 마녀굴 같은 느낌이었고 파티용품도 많이 있었음 사진 찍기 좋은 곳 대학생 애기들... ,Scarlet's Republic,20240517
https://blog.naver.com/miyun8077/223662184805,<b>마녀 주방 강남점</b>,만나러 <b>마녀 주방 강남점</b>에 다녀왔어요 원래 집 근처를 벗어나서 놀지 않는데 서울에 있는 친구들 만날... 되시면 마녀 주방 가보세요 분위기도 좋고 메뉴들 다 맛있습니다 이상 무빈 인턴이었습니다... ,부천미용실 경미연헤어,20241115
https://blog.naver.com/epkcs_0112/222520871605,다가오는 할로윈을 이색적인 &quot;<b>마녀주방</b>&quot; <b>강남점</b>에서 ψ,강남 단체모임이나 회식장소로도 굿굿 ~_~ 이곳저곳 공포테마에 걸맞는 소품들이 디피되어있어서 방탈출게임 하고싶어지는 마녀주방의 인테리어 ㅋㅋㅋ 강남역데이트하기 좋은 <b>마녀주방 강남점</b>에선 자체... ,참새블로그,20211008
https://blog.naver.com/aofl514/224259273776,[압구정로데오역 맛집] <b>마일드하이클럽 압구정점</b>... ,압구정로데오역맛집 #압구정로데오브런치맛집 #압구정로데오데이트 #압구정로데오소개팅 #압구정소개팅장소추천 #압구정파스타맛집 #압구정로데오파스타맛집 #마일드하이클럽 #<b>마일드하이클럽압구정점</b>,"sᴇɪᴢᴇ ᴛʜᴇ ᴅᴀʏ, sᴇʀᴇɴᴅɪᴘɪᴛʏ",20260420
https://blog.naver.com/euntns/223997566053,압구정 브런치 맛집 <b>마일드하이클럽 압구정점</b>,<b>마일드하이클럽 압구정점</b> 압구정브런치맛집 브런치 맛집 저녁엔 분위기 좋은 바 압구정에 올일이 있어 왔다가 브런치 먹고 가려고 압구정 브런치 맛집 마일드하이클럽에 왔어요. 분위기도 좋고 맛도 좋아서... ,하고싶은거만 하기,20250906
https://blog.naver.com/farewell06/223856396913,"[서울/강남] <b>마일드하이클럽 압구정점</b> ; 압구정 브런치, 압구정... ",지금의 날씨에 아주 딱 좋은듯 ~~ <b>마일드하이클럽 압구정점</b> 서울 강남구 언주로170길 22 1층 월요일 - 목요일 11:30 ~ 24:00 금요일 - 토요일 11:00 ~ 01:00 일요일 11:00 ~ 01:00 압구정 브런치 맛집 마일드하이클럽은... ,시간을 건너는 소녀。,20250506
https://blog.naver.com/put20/224080130048,압구정 브런치 <b>마일드하이클럽 압구정점</b> 분위기 좋은 맛집 추천,오늘은 동생이랑 같이 압구정 브런치 맛집으로 유명한 <b>마일드하이클럽 압구정점</b>을 방문했다. 입구를... 식사메뉴는 여러 메뉴가 있었는데 그중 마일드하이클럽 대표메뉴인 마일드더치베이비와 이번에 새로나온... ,Today is bbang day!,20251118
https://blog.naver.com/haook7953/224009000983,압구정 맛집 추천 ㅣ <b>마일드하이클럽 압구정점</b>,"<b>마일드하이클럽 압구정점</b> 위치: 서울 강남구 언주로170길 22 1층 전화번호: 0507-1307-1707 영업시간: 월~목... ㅋㅋㅋㅋ  마일드 하이 시즈널 샐러드 18.0 계절 과일과 적근대, 비타민 등 다양한 종류의 신선한 야채가... ",담아주세요,20250915
https://blog.naver.com/tkdzhadid5/224209004340,"압구정 맛집, <b>마일드하이클럽 압구정점</b>","<b>마일드하이클럽 압구정점</b> 안녕하세요, 장개미입니다 청담쪽에서 드레스 가봉을 마치고, 엄마랑... 마일드클럽 외관모습 마일드하이클럽은 외관부터 세련된 무드가 느껴졌어요. 통유리 너머로 비치는 내부의... ",장개미의 블로그,20260308
https://blog.naver.com/sm8914/223838950295,[청담] 분위기 좋은 브런치 맛집 추천 <b>마일드하이클럽 압구정점</b>,무엇을 먹을까 고민하다 고른 분위기 좋은 압구정브런치 카페 마일드하이클럽에 방문했다. 압구정로데오역에서 도보 10분 거리에 위치한 <b>마일드하이클럽 압구정점</b> 오토바이 광고인가? 싶을 정도로 좋은... ,수몬그림찾기,20250418
https://blog.naver.com/ara__z/224025038893,"압구정 브런치맛집 '<b>마일드하이클럽 압구정점</b>' 라자냐,마일드... ","있는 마일드하이클럽  압구정로데오역 5번출구 에서 도보 6분거리, 도산공원 방향으로 걷다 보면... 브런치카페맛집 <b>마일드하이클럽 압구정점</b> 메뉴판/가격 출저:마일드클럽 압구정점 압구정브런치맛집... ",아라몰라,20250928
https://blog.naver.com/hsjk1004/224222205310,압구정 브런치 <b>마일드하이클럽 압구정점</b>,압구정 브런치 <b>마일드하이클럽 압구정점</b> 안녕하세요. 재키입니다. 오랜만에 압구정에 방문할 일이... 제가 방문한 곳은 압구정 브런치 <b>마일드하이클럽 압구정점</b>입니다. 서울 강남구 언주로170길 22 1층 0507-1307... ,Jackie's paradise ♥,20260319
https://blog.naver.com/luk1004/223536554424,"압구정맛집, 브런치 모임 추천 <b>마일드하이클럽 압구정점</b>","봤던 <b>마일드하이클럽 압구정점</b>이 있는데, 이번에 지인이랑 압구정 브런치 먹어야 해서 이때다 싶어서 여기에 가자고이야기 함. 흥쾌히 수락하였기에 날잡고 바로 다녀와봄. 압구정맛집 마일드하이클럽은... ",YENA의 이야기 공간,20240805
https://blog.naver.com/suugee/224276211599,맛집ㅣ애견동반 가능 브런치 맛집 <b>마일드하이클럽 압구정점</b>,<b>마일드하이클럽 압구정점</b> 위치 서울 강남구 언주로170길 22 1층 압구정로데오역 5번 출구에서 501m... 그림은 아마도 마일드하이클럽 내부를 그리신게 아닐까 하는 합리적 의심 ㅎㅎ 자리마다 있는 마일드하이... ,Daily records,20260506
https://blog.naver.com/context/223810820871,압구정 브런치 맛집 <b>마일드하이클럽 압구정점</b> 카페 데이트 추천,밤의 마일드 하이 클럽은 어떤 모습일지 궁금해지네요. 다음 방문에는 저녁 시간대에 들러 와인과 함께 분위기를 느껴봐야겠네요. 압구정 브런치 맛집 <b>마일드하이클럽 압구정점</b> 카페 데이트 추천합니다.... ,"Pleasure K- 먹는 즐거움,보는 즐거움,듣는 즐거움",20250326
https://blog.naver.com/yuni0799/224230922539,압구정 브런치 애견동반 가능한 <b>마일드하이클럽 압구정점</b>,애견동반 가능한 압구정 브런치 카페 <b>마일드하이클럽 압구정점</b> #압구정브런치 #마일드하이클럽 #압구정애견동반브런치 외국인들로 북적이는 커플로 가득한 친구들과의 모임으로 바쁜 각자의 삶들을... ,호호아줌마-잘 키운 블로그 하나,20260327
https://blog.naver.com/wldms9501/224222814445,압구정 브런치 브레이크 타임 없는 <b>마일드하이클럽 압구정점</b>,압구정 브런치 브레이크 타임 없는 <b>마일드하이클럽 압구정점</b> 안녕하세유 엄청 오랜만에... 볼일 보고 만나려니까 브레이크 타임이 걸렸는데 브레이크 타임 없는 압구정 브런치 마일드하이클럽 뿐이었음!... ,버텨내는 이야기,20260319
https://blog.naver.com/ahreum_y/223516448930,도산공원 편안한 분위기 브런치 맛집 <b>마일드하이클럽 압구정점</b>,"맛집 마일드하이클럽의 메뉴는 디너, 런치, 음료, 칵테일, 와인 등 없는 게 없다. 분위기가 차분해서... 도산공원 브런치 맛집 <b>마일드 하이클럽 압구정점</b>의 시그니처 메뉴 중 하나인 라자냐. 시그니처 메뉴는 꼭... ",Hello!,20240718
https://blog.naver.com/wabyx/223819267110,압구정 브런치 맛집 추천 <b>마일드하이클럽 압구정점</b>,"였을까나요 <b>마일드하이클럽</b> 여깁니다 이름이 독특하죠 Mild하게 high하실 때 이름 지으셨나 왠지... share에서 <b>마일드 하이</b> 시즈널 샐러드 18,000 총 68,000원 사실 저희는 이 메뉴판을 나중에 봤어요 왜냐하면... ",Wasabi: 와비 사는 비하인드,20250402
https://blog.naver.com/kongscake_/223571334371,최고 _ <b>마일드하이클럽 압구정점</b> ( 주우재가 운영하는 다이닝),압구정 브런치 / 압구정 로데오 브런치 / 압구정 청첩장 모임 맛집 <b>마일드하이클럽 압구정점</b> 마일드 하이클럽은 특별함보다는 편안함을 추구하는 매장으로서 어디서도 겪지 못한 분위기를 느끼실 거예요!... ,: 花樣年華.,20240903
https://blog.naver.com/omni-scient/224149414311,압구정 브런치 <b>마일드하이클럽 압구정점</b>,"많아보이셨다 <b>마일드하이클럽 압구정점</b> 서울 강남구 언주로170길 22 1층 월-금 11:30-23:00 토-일 11:00-24:00... 참고로 마일드 하이 클럽은 미국의 락밴드 이름이라고 한다 완전 헤비한 락은 아니고, 몽환적이고... ",Omniscient Aquatica,20260116
https://blog.naver.com/wodeshijie9/223802526121,압구정브런치 하기 좋은 라자냐 맛집 <b>마일드하이클럽 압구정점</b>,"이 식당의 철학이 좋아서 더 좋아진 곳, 마일드하이클럽 이 곳의 직원이 부모님을 모시고 식사대접을... #압구정브런치 #압구정맛집 <b>마일드하이클럽 압구정점</b>  서울 강남구 언주로170길 22 1층  0507-1307-1707... ",대미필담,20250319
https://blog.naver.com/ok910501/224206042634,압구정 브런치 카페 <b>마일드하이클럽 압구정점</b> 핫플,"마일드하이클럽 건물 주차가 가능하긴 하나 10분당 3,000원입니다. <b>마일드하이클럽 압구정점</b>에 들어서면 가장 먼저 느껴지는 분위기는 세련되면서도 부드럽고 따듯한 느낌의 감성적 인테리어 전체적으로... ",챠밍오,20260306
https://blog.naver.com/santaco/224276230771,광교 해산물 뷔페 어버이날 가족외식 <b>마키노차야 광교점</b>... ,"<b>마키노차야 광교점</b> 경기 수원시 영통구 광교중앙로 145 3층 매일 11:30~ 21:00 브레이크 타임 15:00~ 18:00 광교 엘포트몰 건물 3층에 위치해있는 마키노차야. 광교 갤러리아 백화점, 호수공원, 모두 가깝고, 지하에... ",매콧의 노래♥,20260506
https://blog.naver.com/major13564/224201723466,식당 광교 가족 식사 모임 화이트데이 <b>마키노차야 광교점</b> 내돈내산,수원 기념일 식당 광교 가족 식사 모임 화이트데이 <b>마키노차야 광교점</b> 내돈내산 이번 달에 가족... 훌륭한 <b>마키노차야 광교점</b>을 내돈내산으로 다녀왔다. 1. 수원 기념일 식당 위치 주소 경기도 수원시 영통구... ,헤니의 알록달록,20260302
https://blog.naver.com/cminji5007/224218562460,[내돈내산] 씨푸드뷔페 <b>마키노차야 광교점</b> 주말 전 메뉴 내... ,씨푸드뷔페 <b>마키노차야 광교점</b> 주말 방문 리뷰입니다. 마키노타야 광교점 주소 : 경기도 수원시... 해산물 좋아하시는 분들에게 추천드리는 마키노차야! #마키노차야 #광교뷔페 #씨푸드뷔페,앙뚜일상,20260316
https://blog.naver.com/dear_child/224275485482,광교 해산물뷔페 <b>마키노차야 광교점</b> (+10% 할인 방법),냠냠~ 출산 전 마지막으로 방문한 마키노차야 올려봅니다! (당분간 외식은 어렵다면서ㅜㅜㅎㅎ) <b>마키노차야 광교점</b>으로 슝슝~ <b>마키노차야 광교점</b> 경기 수원시 영통구 광교중앙로 145 3층 평일 11:30-21:00 15:00-18... ,행복한깽이♡,20260505
https://blog.naver.com/cadieuuu/224215130547,광교 맛집 <b>마키노차야 광교점</b>｜주말 뷔페 솔직 후기와 예약... ,오늘은 지난 광교 호캉스때 다녀온 광교 맛집 <b>마키노차야 광교점</b>을 소개해보려해요. 원래 코트야드... 뷔페를 생각하니 계속 뷔페가 가고 싶어서 주변을 찾아보았더니 <b>마키노차야 광교점</b>이 있더라고요! 얼른... ,갱이사는 이야기,20260325
https://blog.naver.com/chachan85/224269073522,"어버이날 가족 외식, <b>마키노차야 광교점</b> 리뉴얼로 더 완벽해진... ",저도 덕분에 이번 어버이날 식사는 대성공이었어요! #호텔급뷔페 #프리미엄씨푸드뷔페 #마키노차야 #<b>마키노차야광교점</b> #광교맛집 #광교뷔페 #수원맛집 #어버이날식당추천 #어린이날식당추천,차찬커플의 어느멋진날♪,20260429
https://blog.naver.com/neulbo2/224141320158,[수원 씨푸드뷔페] <b>마키노차야 광교점</b> 평일디너 내돈내산 후기,가능 <b>마키노차야 광교점</b>의 외관입니다. 이날 평일디너 첫 타임으로 방문해서 브레이크타임이 끝날 시간이라 아직 오픈되지 않은상태에요. 마키노차야 수원점은 광교엘포트몰점 3층에 위치해있습니다.... ,꿀쓰의 일상,20260117
https://blog.naver.com/hahahohoshe/223864349597,수원 광교 맛집 가족모임 추천하는 <b>마키노차야 광교점</b> 뷔페,수원 광교 맛집 <b>마키노차야 광교점</b> ▶주소 : 경기도 수원시 영통구 광교중앙로 145 3층 (광교중앙역... 뷔페 구성도 궁금하실 것 같아서 메뉴를 자세히 담아왔어요 마키노차야 영업시간 [평일] 런치 11시... ,벨라 bella's room,20250513
https://blog.naver.com/summr1213/224020018686,수원 광교 뷔페 가족모임 <b>마키노차야 광교점</b> 후기,오늘은 수원 광교에 위치한 뷔페 <b>마키노차야 광교점</b>을 소개해드리겠습니다. 엄마 생신이셔서 가족들과... 수원 광교 뷔페 마키노차야에서는 추석파티팩을 판매하고 있답니다. 접수는 9월 30일까지이고 판매는... ,직접 경험해보고 정리하는 현실 소비 리뷰어,20250926
https://blog.naver.com/domdobu/224236966247,"수원 맛집 <b>마키노차야 광교점</b> 방문후기, 회부터 막걸리... ","오늘은 정말 종류가 다양해서 먹는 내내 눈이 바빴던 마키노차야 방문후기를 남겨보려고 해요! 한식... <b>마키노차야 광교점</b>은 한 번쯤 제대로 뷔페 즐기고 싶은 날이나 가족모임, 기념일 외식으로 추천드리고... ",돔두부 ㄹ1뷰 ( •̀ ω •́ )✧,20260401
https://blog.naver.com/noporkcutlet/224254461594,수원 뷔페 <b>마키노차야 광교점</b> 내돈내산 후기 1탄 +할인,"드디어 대가족과 함께 <b>마키노차야 광교점</b>에 방문한 날 ※ 마키노차야란? 한식, 양식, 중식, 일식, 디저트까지 약 150가지 메뉴를 제공하는 해산물 뷔페 레스토랑 광교 엘포트아이파크 지하 주차장 2층에... ",쩝쩝석박사,20260416
https://blog.naver.com/hamy4407/224187799653,수원 뷔페 광교 맛집 엘포트몰 <b>마키노차야 광교점</b> 딸기말차 후기,"광교 맛집 마키노차야 양식 중식 한식 수원 뷔페 <b>마키노차야 광교점</b> 음식이 정말 다양했는데요. 즉석에서 구워주는 양갈비/스테이크/LA갈비부터 앙쿠르트 수프, 파스타, 빵 등 다양한 메뉴가 많았습니다.... ",하루한번 미식탐방,20260219
https://blog.naver.com/minsanity-/224036522578,<b>마키노차야 광교점</b> 생일엔 역시 프리미엄 씨푸드 뷔페,가능 #광교맛집 #광교뷔페 #마키노차야 #<b>마키노차야광교점</b> #씨푸드뷔페 #해산물뷔페 #스시뷔페 #광교씨푸드 #광교초밥뷔페 #생일식사추천 #가족외식장소 #광교가족모임 #대게맛집 #전복맛집 #하겐다즈뷔페... ,갓생 서약서,20251010
https://blog.naver.com/ju33423/223655429789,<b>마키노차야 광교점</b> 수원 광교 해산물 뷔페 맛집,하지만 어디까지나 지극히 개인적인 평가라 참고만 해주세요!!^^ #마키노차야 #<b>마키노차야광교점</b> #광교해산물뷔페 #수원해산물뷔페 #광교뷔페맛집 #수원뷔페맛집 #광교맛집 #수원맛집,맑음의 맛있는 수다,20241111
https://blog.naver.com/hhh_hi/224132332557,수원 회식 장소 단체룸 있는 <b>마키노차야 광교점</b> 해산물 뷔페 후기,"여럿이 함께 가는 자리라 (수원에 있는 호텔 뷔페는 웬만하면 다 가본 터라) 장소 초이스 고민이 많았는데, 모두 방문해 보지 않았던 프리미엄 해산물 뷔페 마키노차야 선택 <b>마키노차야 광교점</b> 해산물 뷔페... ",리아블로그 make me better,20260103
https://blog.naver.com/yourminsa/224266043380,[경기/수원] 홍게나오는 해산물 뷔페 <b>마키노차야 광교점</b>... ,"안녕하세요, 이번 포스팅에서는 프리미엄 해산물 뷔페 <b>마키노차야 광교점</b> 주말 런치 방문 후기를... 마키노차야는 프리미엄 해산물 전문 뷔페인데요! 한창 바이킹스워프 유행할 때 해산물 전문 뷔페를... ",데굴데굴,20260426
https://blog.naver.com/yeromiya/224121873386,크리스마스 이브날 방문한 '<b>마키노차야 광교점</b>' 역대급... ,내돈내산이라는 말이 맞을까 과연..) <b>마키노차야 광교점</b> ✔️영업시간 평일 11:00 ~ 21:00 브레이크 타임... 가본곳은 마키노차야 판교점이었나 그랬을 거다. 이번에 난생 처음으로 광교점 가봄 !! 교정하고 처음... ,예로미의 파란만장 인생기행,20251225
https://blog.naver.com/tory_jeong/224187558380,광교 <b>마키노차야 광교점</b>_퀄리티좋은해산물뷔페/네이버예약시... ,<b>마키노차야 광교점</b> 수원 광교 에서요! 아주 당당하게! 네이버로 예약해놓고 ㅋㅋㅋㅋㅋ 12시 반까지 마키노차야 판교점에서 보기로 했는데.. 예약자 명단에 제가 없다는 거에용..!? 두둥..? 뭔일이지 하면서... ,토리의 일기장,20260219
https://blog.naver.com/nohsister/224127560499,맛집 그로또/<b>마키노차야 광교점</b> 뷔페/고기리 북카페 마이서랍),깔별로 쟁여야되나 <b>마키노차야 광교점</b> 예약필수 주차가능 프리미엄 씨푸드 뷔페로 유명한 마키노차야 짝꿍이 연말 회식을 여기서하고 만족스럽다고해서 크리스마스에 예약해줬다! 고마워 &gt;&lt;)// 신선한... ,NOH SISTER,20251230
https://blog.naver.com/hjpower0201/223511661817,효도하세~!  해산물 천국 <b>마키노차야 광교점</b>에서,수원 쪽 나들이 갔다가 해산물 천국이라는 <b>마키노차야 광교점</b>으로~~! 평소 육류는 거의 안 드시고... 맠티노차야 #마키노차야_영통맛집_광교점 #영통회식_영통뷔페_마키노차야 #신선한해산물_마키노차야 #홍게... ,(주)마중물교육 강효정 *교육문의 010 3875 8044,20240713
https://blog.naver.com/fishcakeboss/224227410495,강남역 양식 맛집 '<b>먼데이블루스</b>' 4인 패밀리세트 내돈내산 후기,"<b>먼데이블루스</b> 강남역 양식 맛집 ▫️위치 서울 서초구 강남대로53길 11, 삼성쉐르빌1층 ▫️영업시간... 어묵대장입니다 :-) 오늘은 생일자 점심 회식으로 방문한 강남역 신분당선 양식 맛집 '<b>먼데이블루스</b>... ",어묵대장의 일상,20260324
https://blog.naver.com/hajieee/224257164389,강동구 레스토랑 맛집 <b>먼데이블루스</b>,있는 <b>먼데이블루스</b> 다녀왔어요 ㅎㅎ 강동구에서 데이트 맛집으로 많이 보이길래 직접 가봤는데 생각보다 분위기가 좋아서 만족스러웠어요!! 위치 서울특별시 강동구 성내로6길 14-13 <b>먼데이블루스</b> 성내점 강동구... ,오늘은 어디갈까,20260419
https://blog.naver.com/rxjtjdwrqv/224132248268,강남 맛집 <b>먼데이블루스</b> 강남역 콜키지프리 내돈내산 후기 추천,"강남 맛집 <b>먼데이블루스</b> 강남역 콜키지프리 내돈내산 후기 추천 강남역 콜키지프리 <b>먼데이블루스</b> 찾아가기 친구 생일을 맞아 오랜만에 여러 명이 모이기로 해서, 이왕 먹을거 제대로된데서 먹자~하며... ",듀허니의 블로그♥,20260103
https://blog.naver.com/3_taste/224157276383,성내동 점심 맛집 이탈리안 맛집 <b>먼데이블루스</b> 다녀온 후기,성내동 점심 맛집 이탈리안 맛집 <b>먼데이블루스</b> 다녀온 후기 성내동 점심 맛집 이탈리안 맛집 <b>먼데이블루스</b> 다녀온 후기 성내동 점심 맛집 이탈리안 맛집 <b>먼데이블루스</b> 다녀온 후기 1. 성내동 맛집 정보... ,마블 일상탈출,20260124
https://blog.naver.com/tell_log/223569229768,성내동콜키지프리 레스토랑을 찾는다면? <b>먼데이블루스</b> 성내점,"<b>먼데이블루스</b> 성내점 아이들이 파스타를 참 좋아한다. 오랜만에 파스타 먹으러 나갈까?! 마침 집근처... 분위기도 맛도, 가격도 합리적으로 너무 좋았던 <b>먼데이블루스</b>! 성내동와인바, 성내동콜키지프리... ",텔로그 에디트 (Tellog Edit),20240902
https://blog.naver.com/wlduql0708/224259234527,"[강남역 맛집]강남역 와인바 <b>먼데이블루스</b>, 강남역 콜키지프리... ",강남역 맛집에다가 강남역 와인바로 유명한 ‘<b>먼데이블루스</b>’는 강남역 신분당선 5번 출구와 가까워... 레스토랑 ‘<b>먼데이블루스</b>’ 서울 서초구 강남대로53길 11 삼성쉐르빌2 1층 ☎️ 0507-1470-0573 ⏰ 매일 11:00... ,#애니블로그,20260420
https://blog.naver.com/munilitssu/224062431869,강남역 콜키지프리 <b>먼데이블루스</b> 분위기 좋은 강남역 레스토랑... ,"제가 드디어 그 유명한 '<b>먼데이블루스</b>'에 다녀왔습니다! 친구가 성내점에서 먹어보고 &quot;여기 라자냐는... 파스타(₩30,000) 먼데이 라자냐 (₩33,000) 티라미슈 아이스크림 (₩20,000) 친구랑 셋이서 정말 야무지게... ",몬치키의 홈 스윗 홈,20251102
https://blog.naver.com/leenayear/224199841367,올림픽공원 레스토랑 맛집 <b>먼데이블루스</b> 성내점 콜키지 프리,곳은 <b>먼데이블루스</b> 성내점이에요! 여기가 이미 강동구 레스토랑 맛집 중에서도 분위기 맛집으로 소문이... 무엇보다 <b>먼데이블루스</b> 성내점의 가장 큰 매력 포인트는 바로 와인과 위스키 콜키지 프리 전문... ,대충 살아보는 인생,20260306
https://blog.naver.com/rori0825/224097095052,맛있는 안주와 아늑한 분위기 강남역 레스토랑 맛집 <b>먼데이블루스</b>,친구들도 너무 좋다고해서 가기로 결정한곳은 바로 <b>먼데이블루스</b>라는 곳이예요. <b>먼데이블루스</b> 주소 : 서울 서초구 강남대로53길 11 삼성쉐르빌2 1층 영업시간 : 11:00 - 24:00 / 14:00 - 17:00 브레이크타임 23:00... ,다래의 소소한 행복일상~❤,20251203
https://blog.naver.com/sophiachrisworld/224272730162,"<b>먼데이블루스</b> 성내점, 성내동 레스토랑 맛집 찾는다면!","jpg 성내동 근처에서 분위기 좋은 곳을 찾다가 다녀온 <b>먼데이블루스</b> 성내점. 처음 방문해 본 곳이었는데... 텐데, <b>먼데이블루스</b> 성내점은 반대였어요. 음식 자체가 맛있으니, 오히려 “다음엔 내가 좋아하는... ",sophiachrisworld님의 블로그,20260502
https://blog.naver.com/lsh990521/224224665220,[천호] 분위기좋은 강동구 레스토랑 맛집 <b>먼데이블루스</b>,분위기도 좋고 넓어서 데이트하기 좋은 강동구 레스토랑 맛집 <b>먼데이블루스</b> 후기입니다. <b>먼데이블루스</b> 성내점 가게정보 위치: 성내로6길 14-13 <b>먼데이블루스</b> 성내점 전화: 0507-1391-0542 영업시간: 월-토 11:00-23:00... ,Doonga’s Blog,20260321
https://blog.naver.com/reveluv8010329/224239160952,[강동구 맛집] <b>먼데이블루스</b> 성내점,성내동 레스토랑 맛집 <b>먼데이블루스</b> 성내점 오랜만에 가족들과 함께 외식을 하기 위한 식당으로 선택된 <b>먼데이블루스</b> 여기는 주민들 사이에서 꽤 알려진 성내동 레스토랑 맛집이라고 한다 위치는... ,망나니의 일기,20260403
https://blog.naver.com/wlskrkek_00/224262333057,강남역 와인바 콜키지프리 맛집 | <b>먼데이블루스</b>에서 소개팅... ,"드릴게요 <b>먼데이블루스</b> 주소 : 서울 서초구 강남대로53길 11 삼성쉐르빌2 1층 ☎️ 0507-1470-0573... 9,000원 <b>먼데이블루스</b> 내부 소개 서초구에 위치한 <b>먼데이블루스</b>는 이름만 들으면 왠지 우울할 것 같은데, 막상... ",리뷰하러 지나다니는 블로그✨,20260423
https://blog.naver.com/samisu/224264220032,강남역 콜키지프리 서초구파스타 맛집 <b>먼데이블루스</b>,"Monday Blues <b>먼데이블루스</b> 강남점  위치 : 서울 서초구 강남대로53길 11 삼성쉐르빌2 1층 영업시간 : 11:00... 레스토랑 <b>먼데이블루스</b> 5번 출구로 나와 삼성화재 골목으로 우회전 후 100미터 직진, 깐부치킨 건물 1층... ",woo log,20260424
https://blog.naver.com/fkdld19/223721826415,와인바는 바로 여기! 화려한 샹들리에가 있는 <b>먼데이블루스</b>,"성내동 와인바, 성내동 콜키지프리 찾고 있다면 '<b>먼데이블루스</b>' 추천! 와인 안마셔도 추천!!ㅎㅎ 체감 영하 20도라고 난리였던 이 추위에도 뚫고 다녀온 곳 위치도 멀지 않아서 퇴근하고 가도 여유 있었다... ",Lovesome Day,20250110
https://blog.naver.com/bbbbb_mi_/224253777202,&lt;<b>먼데이블루스</b>&gt; 분위기 끝판왕 강동구 레스토랑 맛집,"<b>먼데이블루스</b> 성내점 서울 강동구 성내로6길 14-13 <b>먼데이블루스</b> 성내점 ⏰️월-토 11:00-23:00, 브레이크타임 14:00-17:00 일 정기휴무 0507-1391-0542 강동구 레스토랑 맛집으로 분위기 좋은 브런치 &amp; 다이닝 공간이에요... ",쪼꼬들과 우당탕탕 육아일기,20260416
https://blog.naver.com/memo_uj/224272397898,강남역 콜키지프리 가능한 와인바 스테이크 맛집 &quot;<b>먼데이블루스</b>&quot;,알고 계셨나요ㅎㅎ 체험단으로 다녀왔지만 너무 만족하고 온 강남역 와인바 &lt;<b>먼데이블루스</b>... 강남역 맛집 <b>먼데이블루스</b>의 뇨끼는 아주 동글동글 합니당 뇨끼 자체는 쫀득함이 살짝 아쉬웠는데 버섯 크림이랑... ,탱구의 으냥이 키우기,20260502
https://blog.naver.com/cozy95/223486687307,서초동 콜키지프리 와인바 <b>먼데이블루스</b>,"반가운 콜키지프리 와인바 파스타, 스테이크, 분위기 모두 훌륭한 <b>먼데이블루스</b> 서초동입니다. 이번에 소개할 곳은 분위기 만점의 콜키지프리 와인바 <b>먼데이블루스</b>입니다. 강남역(신분당선) 5번출구 기준... ",아포의 맛집 탐방...德 不 孤 必 有 隣,20240621
https://blog.naver.com/loveunj_u/224261782004,[강동 맛집] 강동구 레스토랑 맛집/<b>먼데이블루스</b> 성내점,"강동구 레스토랑 맛집 <b>먼데이블루스</b>에서요. 짝꿍이랑 저희 엄마, 저 이렇게 셋이 밥을 먹었는데요.... 주소 서울 강동구 성내로6길 14-13 <b>먼데이블루스</b> 성내점 영업시간 월 ~토 11:00 - 23:00 15:00 - 17:00... ",주후얌의 야무진 일상 기록,20260422
https://blog.naver.com/snow970802/223638798011,[서울/서초] <b>먼데이블루스</b> : 분위기깡패 레스토랑 - 생일파티... ,"메뉴 먼데이 잠발라야 (31,000원) 쌀, 새우, 마늘, 그린빈스, 해산물, 소세지 등을 넣고 비스큐 소스와 토마토 소스로 맛을 낸 메뉴 4. <b>먼데이블루스</b> 후기 나이가 들면서.. 이제는 시끌시끌 사람 많은 곳은... ",HLH Life,20241031
https://blog.naver.com/coke0302/224110732993,"<b>메콩타이 광교아브뉴프랑점</b>｜나시고렝, 해물 팟타이","인생돈가스 <b>광교아브뉴프랑점</b> 옆에 있어요! 메뉴구성 볶음밥 해산물 볶음밥 14,900원 매운 해산물 볶음밥 15,900원 커리 볶음밥 14,900원 파인애플 볶음밥 14,900원 <b>타이</b> 레드 커리 14,900원 나시고렝 14,900원... ",고선생's Blog,20251215
https://blog.naver.com/lin_min/223670307469,광교 쌀국수 맛집 <b>메콩타이 광교아브뉴프랑점</b>,"맛집 <b>메콩타이 광교아브뉴프랑점</b>은 광교중앙역 3번 출구에서 도보로 3분 거리로 광교아브뉴프랑 지하... 해장이 필요 없었던 수박군은 톰양 쌀국수 - 새우, 버섯, 레몬그라스, 라임 잎과 메콩타이만의 톰양... ",친절한 수박군,20241123
https://blog.naver.com/mra0914/223707292075,<b>메콩타이 광교아브뉴프랑점</b> 뜨끈한 쌀국수 내돈내산,오늘은 <b>메콩타이 광교아브뉴프랑점</b>이라는 맛집에 대해 소개해드리고자 합니다 :) 백프로 내돈내산... #메콩타이 #광교아브뉴프랑 #광교쌀국수 #광교태국음식 #광교팟타이 #광교중앙역맛집 #광교쌀국수맛집... ,코리안리안의 맛집/카페 탐방기,20241227
https://blog.naver.com/2nomu_life/222181236520,광교중앙역쌀국수 전문점 / <b>메콩타이 광교아브뉴프랑점</b>,"광교맛집 / 광교아브뉴프랑맛집 <b>메콩타이 광교아브뉴프랑점</b> 와 양이 엄청남 ㅋㅋㅋ 양이 혹시나 적을까봐 사이드 메뉴 고이꾸온까지 주문했는데, 양이 정말 푸짐하다! 남편이 먹고싶다고 한 팟타이. 새우, 소고... ",y-diary,20201221
https://blog.naver.com/fine430/223789507446,[맛집] 월남쌈 잘나오는 <b>메콩타이 광교아브뉴프랑점</b> / (전)... ,"<b>메콩타이 광교아브뉴프랑점</b> ⏰영업시간 11:00 - 21:30 라스트오더 21:00 주차 아브뉴프랑주차장 이용... 전 메콩타이가 제일 제스타일이었어요! 쌀국수 &gt;&gt; 새우완탕, 똠얌 쌀국수 기본만 많이들 드시는데 기본도... ",I'm fine,20250309
https://blog.naver.com/2joongnooj2/223240332782,<b>메콩타이 광교아브뉴프랑점</b> 광교중앙역 쌀국수 맛집,<b>메콩타이 광교아브뉴프랑점</b>  위치 경기 수원시 영통구 센트럴타운로 85 광교아브뉴프랑 지하1층... 구분 메콩타이는 광교센트럴타운 반대편에 위치해 있어요. 주차는 광교아브느퓨랑 아띠존 지하주차장에... ,이것 저것 끄적이기-,20231018
https://blog.naver.com/missizo6/223453290622,광교 베트남음식 맛집 발견! <b>메콩타이광교아브뉴프랑점</b>,특유의 향신료 향 때문에 별로 안좋아하시는 분들이 많은데 전 엄청 좋아합니다 ㅎㅎㅎ 그래서 <b>메콩타이광교아브뉴프랑점</b>이 맛집이라길래 가봤어요!! 일단 <b>메콩타이광교아브뉴프랑점</b>은 이렇게 깔끔하게... ,푸루미의 일상,20240521
https://blog.naver.com/only83/223056713539,"[<b>광교</b> 맛집]: 베트남 쌀국수, 팟<b>타이</b>  <b>타이</b>요리 전문점 &lt;<b>메콩타이</b>... ",다음에 가도 저는 매운해물팟타이는 . 또 시킬 듯 해요!!! 강추강추~~~ #<b>메콩타이광교아브뉴프랑점</b> #메콩타이 #광교아브뉴프랑맛집 #경기도청근처맛집 #광교중앙역맛집 #광교쌀국수 #광교타이전문점 #광교맛집... ,클로이님의 블로그,20230327
https://blog.naver.com/bo-chiring/222637398040,수원(<b>광교</b>) <b>메콩타이</b> <b>아브뉴프랑점</b>,&gt;.&lt; <b>메콩타이 광교아브뉴프랑점</b> 주소 : 경기도 수원시 영통구 센트럴타운로 85 광교아브뉴프랑 지하1층... 031-211-7511 #수원쌀국수 #광교쌀국수 #광교아브뉴프랑맛집 #광교메콩타이 #수원맛집 #광교맛집... ,말띠부부와 뱀띠아가 빵찌ʕتʔ 일상,20220203
https://blog.naver.com/rlawodnjs090/223014473516,"<b>메콩타이 광교아브뉴프랑점</b> 후기, 광교 쌀국수 맛집... ",&quot;경기 수원시 영통구 센트럴타운로 85 광교아브뉴프랑 지하1층 CB23호&quot; <b>메콩타이 광교아브뉴프랑점</b>... 메콩타이는 쌀국수 전문점인만큼 완전 기대 이상이었습니다. 안갔으면 후회할 뻔.... 주문하면 아래와 같이... ,Review blog,20230213
https://blog.naver.com/traveler_pic/222542254024,광교 맛집 :: '<b>메콩타이 광교아브뉴프랑점</b>' 베트남 쌀국수... ,"팟타이 맛집 추천 광교 주민으로서 자주 가는 또 다른 맛집. 베트남 음식 전문점인 <b>메콩타이 광교아브뉴프랑점</b>이다. 메콩타이는 체인점이지만, 개인적으로 여태 갔던 다른 체인점들보다 광교 아브뉴프랑점이... ",더 멀리 가볼까,20211021
https://blog.naver.com/heelove8214/222896606874,광교 월남쌈맛집 <b>메콩타이 광교아브뉴프랑점</b>,"광교 월남쌈맛집 메콩타이 추석연휴, 간단히 한다고 하지만 전부치고 났더니 팔목과 어깨가 아프면서... 시스템) <b>메콩타이 광교아브뉴프랑점</b> 경기 수원시 영통구 센트럴타운로 85 광교아브뉴프랑 지하1층... ",돌아가고 싶은 날의 풍경,20221010
https://blog.naver.com/mawoo_says_mawoo/223363765620,<b>메콩타이 광교 아브뉴프랑점</b> : 태국음식 맛집 추천,"오늘 소개해드릴 맛집은, <b>메콩타이 광교 아브뉴프랑점</b> : 태국음식 맛집 추천 인데요. 광교... 광교 아브뉴프랑 주차장 ( “아띠존”에 주차하시면 가까워요 ! ) 2. 광교 아브뉴프랑점 메콩타이 인테리어 자... ",Mawoo says Mawoo,20240224
https://blog.naver.com/sooho0828/222560826683,광교 쌀국수 맛집...이라기엔... <b>메콩타이 광교아브뉴프랑점</b>,아직 <b>광교</b>에 있는 함소아를 다니고 있답니다 매주 토요일 함소아에 진료보고 들리는 곳들이 있는데요 오늘 그 곳 중 <b>아브뉴프랑</b>에 입점 되어 있는 <b>메콩타이</b>에서 점심을 해결했어요 쌀국수를 너무나도 좋아하는... ,칸쵸랑 함께하는 슬기로운 반려생활,20211107
https://blog.naver.com/juhyuk-lee/222179634158,<b>메콩타이 광교아브뉴프랑점</b>... 추천 / 타이음식 추천 / 광교맛집,12월 연말 분위기를 내는 전등으로 아브뉴프랑은 이쁘게 꾸며져 있었습니다. 맛집 :: <b>메콩타이 광교아브뉴프랑점</b> / 동남아시아 음식 / 베트남음식 추천 / 타이음식 추천 / 광교맛집 / 광교쌀국수맛집... ,쥬토피아의 일상,20201220
https://blog.naver.com/zxcvb8802/222183786605,광교아브뉴프랑맛집 광교쌀국수 <b>메콩타이 광교아브뉴프랑점</b>,광교아브뉴프랑맛집 광교쌀국수 <b>메콩타이 광교아브뉴프랑점</b> 메뉴판 사진이예요 다양한 태국음식이 준비되어 있던 메콩타이 먼저 따뜻한 차가 준비되었어요 자스민향이 났는데 기본으로 나오는 물이 차라서... ,당근블로그,20201224
https://blog.naver.com/sothatcannot/221839994704,[전남규] <b>메콩타이 광교 아브뉴프랑점</b> 방문,싶어서 <b>메콩타이 광교 아브뉴프랑점</b>을 방문하였습니다. 아브뉴프랑은 처음 가면 길을 헤매게 되는데... 메콩타이 메뉴판입니다. 메뉴를 고르고 있는 중 물과 기본 상차림(?)을 가져다주었습니다. 테이블의... ,전남규의 저장창고,20200306
https://blog.naver.com/graces0401/222287262544,"광교 태국 베트남 음식 맛집, <b>메콩타이 광교아브뉴프랑점</b>",팟타이 12.9 그리고 제일 먹고 싶었던 팟타이! 단짠이 어찌나 먹고 싶던지ㅠㅠ 팟타이는 솔직히 엄청... 추천합니당 #메콩타이 #광교아브뉴프랑 #<b>메콩타이광교아브뉴프랑점</b> #광교아시안맛집 #광교태국맛집... ,데이지덕의 데일리로그,20210325
https://blog.naver.com/greathaharin/224204509518,<b>광교</b> 맛집 숙주 듬뿍 소고기 쌀국수와 해산물 볶음밥 <b>메콩타이</b>... ,"산 후기 저는 맵부심이 있는 1인이라서, 매운 소스를 넣어주니까 딱 내 스타일 메콩타이 매운 소스 진짜 내 스타일! 달달한 맛이 없어서 완전 내. 스. 타. 일:) 광교 맛집 <b>메콩타이 광교아브뉴프랑점</b> 내. 돈. 내.... ",하하린린 일상생활,20260306
https://blog.naver.com/altnr2134675/222188275452,광교쌀국수 <b>메콩타이 광교아브뉴프랑점</b> 광교아브뉴프랑맛집,다음에 오면 사이드 메뉴로 다시 한번 주문해서 먹을 것 같은 맛있는 메콩타이 세트였어요. 광교쌀국수 <b>메콩타이 광교아브뉴프랑점</b> 광교아브뉴프랑맛집은 맛있는 메뉴와 깔끔해서 가족들끼리 먹기에도 좋고... ,달달한 이설탕♥,20201228
https://blog.naver.com/pmina0610/224269496805,수원 광교중앙역 맛집 쌀국수 월남쌈 <b>몬안베띠 광교엘포트몰점</b>,찾는다면 <b>광교엘포트</b>몰 <b>몬안베띠</b> 추천드려요 총평 다양한 메뉴를 즐길 수 있는 베트남 음식 맛집 #수원맛집 #<b>광교</b>맛집 #<b>몬안베띠</b> #<b>몬안베띠광교</b> #베트남음식맛집 #쌀국수맛집 #<b>광교</b>중앙역맛집... ,미나의 세상,20260429
https://blog.naver.com/marvelous81/224021873690,광교중앙역 맛집 추천 <b>몬안베띠 광교엘포트몰점</b> 월남쌈과 쌀국수,보다가 몬안베띠 광교엘포몰점을 발견했어요. 아이들과 함께 다녀왔고 음식 하나하나 만족스러웠어요. <b>몬안베띠 광교엘포트몰점</b>은 광교중앙역 4번 출구에서 도보 10분 거리에 있는 엘포트몰 지하에 위치해... ,사랑하는 두 아이와 여행 체험하기,20250925
https://blog.naver.com/dragonswing/224119198629,광교중앙역 맛집] <b>몬안베띠 광교엘포트몰점</b> : 반쎄오의 매력,해야하니 <b>광교</b>중앙역에서 가까운 <b>엘포트</b>에서 점심을 먹으려고 했는데요 지하 1층에 내려갔더니... 옆으로해서 <b>몬안베띠</b>라는 영어로 매장이 위치해있었습니다 영어5등급의 영알못은 알파벳만 봐도 현기증이... ,신사의 일상생활 블로그,20251222
https://blog.naver.com/luvydjh_/223983777714,수원컨벤션센터 근처 맛집 반쎄오 <b>몬안베띠 광교엘포트몰점</b>,"수원컨벤션센터 근처 맛집 반쎄오 <b>몬안베띠 광교엘포트몰점</b> 글, 사진 순금맘 베트남 음식은 한번씩 꼭... 수원영통맛집추천 #수원엘포트몰점맛집 #수원광교베트남음식 #광교몬안베띠 #광교월남쌈 #광교쌀국수",puregold mom's story : ),20250826
https://blog.naver.com/gdbstjs123/224070999038,광교 엘포트몰 맛집 로제... 맛있는 <b>몬안베띠 광교엘포트몰점</b>,"몬안베띠가 광교에도 생겼다고 해서 방문해본 후기입니다! 그럼 시작해볼게요&gt;&lt; <b>몬안베띠 광교엘포트몰점</b> 영업시간 11:00-21:00(브레이크타임 16:00-17:00, 주말 없음/라스트오더 20:30) ️주차정보 광교 엘포트몰... ",냠냠냠 오늘 뭐 먹을까,20251110
https://blog.naver.com/ksalt7/224260212563,광교중앙역 맛집 <b>몬안베띠 광교엘포트몰점</b>,프랜치 베트남 레스토랑 몬안베띠 타피루즈네 가족 반쎄오 땡길 때마다 찾아가는 또간집 단골집... 광교중앙역 맛집 광교 엘포트몰 맛집 <b>몬안베띠 광교엘포트몰점</b> 오늘 갑자기 뚝 떨어진 기온에 뭔가 뜨끈한... ,타피루즈의 맛있는 여행과 일상,20260421
https://blog.naver.com/eun1197/224071829985,광교중앙역 맛집 <b>몬안베띠 광교엘포트몰점</b> 바삭한 반쎄오... ,다녀온 광교에서 베트남 음식을 맛있게 먹고와서 소개해 드리려고 해요. <b>몬안베띠 광교엘포트몰점</b>은... 있어서 광교 엘포트몰에서 혼밥 할 식당을 찾는다면 몬안베띠를 찾으면 좋을 것 같았어요 주차는 입구... ,은겅의 즐거운 하루,20251111
https://blog.naver.com/ean1004/224154766040,<b>몬안베띠  광교엘포트몰점</b>... 몬안베티 광교 엘포트몰 맛집... ,"ㅎㅎ <b>몬안베띠 광교엘포트몰점</b> 영업정보 영업시간 오전 11시~ 저녁 9시 주중 브레이크 타임 : 4시~5시 주말에는 브레이크타임없음. 위치 : 광교엘포트몰점 지하1층 라스트오더 8시30분 , 주차 1시간반 지원... ",아이랑 발도장 찍으며 놀고먹고즐기기,20260121
https://blog.naver.com/gkfks26/224121000775,"광교중앙역 맛집, 광교... 맛있는, <b>몬안베띠 광교엘포트몰점</b>","좋은 <b>몬안베띠 광교엘포트몰점</b>! 광교중앙역 맛집 몬안베띠는 메뉴가 생각보다 다양했고 스페셜부터 쌀국수, 볶음밥, 볶음면, 사이드까지 완벽해요! 반쎄오, 양지 쌀국수, 사이드 메뉴 3가지 주문했습니다... ",wowrani life,20251224
https://blog.naver.com/road222/224226761205,광교 엘포트몰 맛집 | <b>몬안베띠 광교엘포트몰점</b> | 반쎄오 맛도리,광교 엘포트몰 맛집 <b>몬안베띠 광교엘포트몰점</b> 반쎄오 맛도리  수원시 영통구 광교중앙로 145... 몬안베띠는 광교 엘포트몰 지하1층 교보문고 가는 길 오른쪽에 있어서 우리는 교보문고에 자주 가는 편인데... ,작은부피의즐거움,20260323
https://blog.naver.com/yooboo26/223982740031,"광교 호수공원 맛집, 내사랑... 만나러 <b>몬안베띠 광교엘포트몰점</b>",맛집 <b>몬안베띠 광교엘포트몰점</b> 위치 경기 수원시 영통구 광교중앙로 145 광교엘포트몰 B1 ⏰영업시간 11... 몬안베띠 라이스페이퍼는 물에 적셔먹는 게 아니고 바삭하게 건식으로 먹는거라고 해요! 반쎄오는... ,유부데이,20250826
https://blog.naver.com/hoperecipe/224267462762,광교중앙역 맛집  <b>몬안베띠 광교엘포트몰점</b> 반쎄오 월남쌈 쌀국수,광교중앙역 맛집 <b>몬안베띠 광교엘포트몰점</b>이었습니다. #광교중앙역맛집 #광교엘포트몰맛집 #수원광교호수공원맛집 #쌀국수 #반쎄오 #월남쌈 #몬안베띠광교 #몬안베띠광교엘포점,밀라의 맛있는 이야기,20260428
https://blog.naver.com/kk0jjin/224063517875,광교중앙역 맛집 반쎄오 바삭함 끝판왕 <b>몬안베띠 광교엘포트몰점</b>,"혼밥도 모임도 완벽한 광교 엘포트몰점 베트남 음식점 후기. 광교중앙역 맛집 몬안베띠 바삭함 끝판왕... 몬안베띠 공간감 보통 베트남 음식점은 현지 감성 위주로 꾸며지는데, <b>몬안베띠 광교엘포트몰점</b>은... ",❤️꼬꼬찐이❤️,20251103
https://blog.naver.com/sallyjuli/224233771848,광교중앙역 맛집 <b>몬안베띠 광교엘포트몰점</b> 쌀국수 반쎄오 후기,광교중앙역 맛집 반쎄오가 맛있는 <b>몬안베띠 광교엘포트몰점</b> #광교중앙역맛집 #광교엘포트몰맛집 #광교쌀국수맛집 #몬안베띠광교 #광교맛집 안녕하세요! 언제나 여행중인 쑴니에요. :) 오늘은 광교중앙역... ,쑴니는 여행중,20260330
https://blog.naver.com/xo-elliott/224062320331,광교중앙역 맛집 광교 엘포트몰 맛집 <b>몬안베띠 광교엘포트몰점</b>... ,#광교중앙역맛집 #광교엘포트몰맛집 #수원컨벤션센터식당 #몬안베띠 #<b>몬안베띠광교엘포트몰점</b> #광교맛집 #광교반쎄오 #광교쌀국수 #광교찐맛집 #광교월남쌈 #광교베트남음식전문점 #광교반쎄오맛집... ,구덩이징징저장고,20251102
https://blog.naver.com/love19991114/224227010420,[수원] 광교중앙역 맛집 베트남음식점 <b>몬안베띠 광교엘포트몰점</b>,"합성어인 #<b>몬안베띠</b> #<b>광교엘포트</b>몰 은 옷가게, 식당, 카페 등 다양한 매장들이 입접되어 있어서 몇 번 방문해본적이 있는 곳인데요. #베트남음식 이 먹고싶어서 찾다가 <b>몬안베띠</b>를 알게되어서 오랜만에 오게... ",sunset,20260323
https://blog.naver.com/olive4893/223984311045,수원컨벤션센터 맛집 <b>몬안베띠 광교엘포트몰점</b> 쌀국수 반쎄오,넉넉한 몬안베띠가 반쎄오와 쌀국수의 매력이 가득해서 추천드려요. <b>몬안베띠 광교엘포트몰점</b> 경기 수원시 영통구 광교중앙로 145 광교엘포트몰 지하1층 23호 신분당) 광교중앙역 4번 출구에서 740m 몬안베띠... ,팔랑팔랑올리브의 책이야기,20250826
https://blog.naver.com/keke_dailylife/223859940722,광교 맛집 <b>몬안베띠 광교엘포트몰점</b> 반쎄오&amp;쌀국수 찐후기,쌀국수 덕후니까 가봤어요 광교 맛집_<b>몬안베띠 광교엘포트몰점</b> 주차 가능 매일 11:00-22:00 브레이크타임 16:00-17:00 (주말 없음) 라스트오더 21:30 TEL 0507-1415-2887 안녕하세요 이웃님들:) 캐캐댁입니다 남편 직장과... ,캐캐댁의 일상다반사:),20250509
https://blog.naver.com/trak89/224061121629,"광교 엘포트몰 맛집, 광교... 맛집 -  <b>몬안베띠 광교엘포트몰점</b>",있어요 몬안베띠 광교엘포트점 경기 수원시 영통구 광교중앙로 145 광교엘포트몰 지하1층 23호 매일 11시... 광교에서 맛있고 정갈한 베트남 음식점 반쎄오/월남쌈 맛집 찾으신다면 <b>몬안베띠 광교엘포트몰점</b>... ,비터스윗의 달콤쌉싸름한 소비 일기 ♡,20251101
https://blog.naver.com/seansyhan/224195519458,광교 엘포트몰 맛집 <b>몬안베띠 광교엘포트몰점</b> 반쎄오 맛집,겸사겸사 광교 엘포트몰 맛집 몬안베띠 방문했어요 바로 옆이라서 식사하고 이동하기 편했어요 광교가... 맛집 <b>몬안베띠 광교엘포트몰점</b>와서 쌀국수 먹고싶네요 혼밥하고 싶어요 ㅋㅋㅋㅋ 주문하고 소스... ,곰돌이와 토깽이가 축복이와 함께 걷는 길,20260227
https://blog.naver.com/uiui77_/223793212360,"[강남역] 24시간 짬뽕 맛집 '<b>무궁화반점 강남점</b>' (예약, 주차정보)","중국집 '<b>무궁화반점 강남점</b>' 다녀왔습니다 :) 위치 및 주차 이 곳은 강남역 11번출구에서 도보 2분... 네이버지도 <b>무궁화반점 강남점</b>의 전체 메뉴판 입니다 &lt;주문메뉴&gt; 일석이조 13,000 탕수육 미니 12,000... ",최선의 오늘,20250312
https://blog.naver.com/kururuyoung/223435444119,24시간 강남짬뽕맛집 <b>무궁화반점 강남점</b> | 가격 맛 위치 주차... ,재방문의사 ⭐️⭐️⭐️⭐️⭐️ 짬뽕 도장깨기 도전! #무궁화반점 #강남짬뽕맛집 #강남맛집 #강남맛집추천 #짬뽕맛집추천 #무궁화반점강남 #<b>무궁화반점강남점</b> #강남점심맛집 #강남점심메뉴,룹덕의 일상&결혼 준비,20240503
https://blog.naver.com/jjjimmy97/223782960308,"강남역 중국집 &lt;<b>무궁화반점</b>&gt;<b>강남점</b> 쟁반짜장, 탕수육 내돈내산... ",<b>무궁화반점</b> 중국음식은 땡기는날이 꼭~ 있잖아요 오늘은 갑자기 급! 쟁반자장면이 땡겨서 맛집을 찾아보다가 파김치를 주는 중국집이 있다해서 간 <b>무궁화반점</b> 파김치를 정~말 좋아해서 고민없이 방문했는데... ,최진만씨의 하루,20250305
https://blog.naver.com/chococo214/223680966125,강남역 24시 맛집 <b>무궁화 반점 강남점</b> 내돈내산 솔직후기,<b>무궁화 반점 강남점</b> ️ 영업시간 00:00 - 24:00 ️ 연중무휴 24시 운영 ️ 위치 : 서울 강남구 테헤란로 1길 10 1층 강남역에서 중식이 먹고 싶어 찾아보다가 알게 된 “무궁화 반점” 방문 위치는 강남역 11번 출구와... ,"gogo,life",20241203
https://blog.naver.com/wldus3121/223940797309,[강남 맛집] <b>무궁화반점 강남점</b> | 강남 중국집 추천 | 강남... ,#내돈내산 #무궁화반점 #<b>무궁화반점강남점</b> #강남역맛집 #강남중식맛집 #강남역중식당 #강남역24시간맛집 #중식맛집추천 #혼밥맛집 #강남짜장면 #강남짬뽕 #야식맛집 #강남야식 #24시간영업맛집 #강남역중식... ,The Bright Side of Life,20250720
https://blog.naver.com/sinhyunarr/223701052947,강남 24시 중국집 <b>무궁화반점 강남점</b> 숙주짬뽕,강남 24시 중국집 <b>무궁화반점 강남점</b> 숙주짬뽕 <b>무궁화반점 강남점</b> 배달 메뉴 &amp; 가격 강남 24시 중국집... 아무래도 숙주가 들어갔기 때문에 기본 무궁화짬뽕 맵기보다 덜 매운 느낌 일석이조 짜장면 짬뽕. 이... ,신센스,20250712
https://blog.naver.com/aftereatingzip/223617996704,서울 강남 | 24시간 영업하는 <b>무궁화반점 강남점</b> 가성비... ,그 중 눈에 딱 들어온 <b>무궁화반점</b>. 지하철역 근처라 찾기도 좋았다. 주문과 결제 모두 앉은 자리에서 해결이 가능하다. 물을 제외하곤 대부분 셀프서비스. 덕분에 가성비가 넘치는 듯. 주변 직장인들이나 학원... ,방방곡곡 돈구경,20241014
https://blog.naver.com/youna0427/224123457892,강남역 맛집 24시간 영업 <b>무궁화반점 강남점</b>,"* 25년 8월 방문 기준 * 강남역 &quot;<b>무궁화반점 강남점</b>&quot; <b>무궁화반점 강남점</b> 강남역 맛집 <b>무궁화반점 강남점</b>은 24시간 영업합니다~ 강남역 11, 12번 출구에서 도보로 약 3분 거리라 접근성도 좋아요! <b>무궁화반점 강남점</b>... ",유나니‘s 알콩달콩 블로그,20251227
https://blog.naver.com/tinalim/223731302278,일석이조 메뉴가 좋았던 <b>무궁화반점 강남점</b>,"전체적으로 식사랑 분위기, 매장 청결 모두 괜찮았던 집이에요~ #강남중화요리#강남무궁화반점#무궁화반점#<b>무궁화반점강남점</b>#강남탕수육#강남중국집#강남짜장면#강남짬뽕#강남역맛집#광고아님","달달하게 살아보기, 달콤함에 취해보기:)",20250120
https://blog.naver.com/j_alcohol07/223450821314,[강남역/강남] 강남역 24시간 짬뽕 맛집 <b>무궁화반점 강남점</b>,강남역에서 술먹고 집들어가기 전 짬뽕으로 속풀이하고 들어가도 너무 좋을 것 같아요ㅎㅎㅎ #돼희_강남역 #무궁화반점 #<b>무궁화반점강남점</b> #무궁화반점강남 #강남역맛집 #강남맛집 #중국집맛집 #짬뽕맛집... ,리뷰쓰는 돼희( ღ’ᴗ‘ღ ),20240518
https://blog.naver.com/96evean/223768126183,24시간 영업하는 강남역 짜장면 맛집 <b>무궁화반점 강남점</b>... ,"바로바로 <b>무궁화반점 강남점</b> 입니다!! <b>무궁화반점 강남점</b> 위치 : 서울특별시 강남구 테헤란로1길 10... &lt;메뉴 및 가격&gt; 무궁화 짜장면 9,000원 무궁화 짬뽕 12,000원 순두부 짬뽕 13,000원 게살볶음밥 10,000원... ",데일리유 맛집로그,20250221
https://blog.naver.com/gwamukc/223449278282,맛집] 강남역 24시간 맛집 중식 혼밥 맛집: <b>무궁화반점 강남점</b>,"<b>무궁화반점 강남점</b> 서울 강남구 테헤란로1길 10 1층 ✔️운영시간: 월~일 24시간 영업 ✔️배달, 포장... 저녁 시간대가 지나서 그런지 밥솥에 있던 밥은 좀 오래된 것 같았다 무궁화반점 메뉴! 짬뽕부터 짜장면도... ",스튜디오 과먹,20240517
https://blog.naver.com/likeplum5/223650501927,[배달] <b>무궁화반점 강남점</b> 짜장 짬뽕 무난하게 맛있는 곳... ,#무궁화반점 #<b>무궁화반점강남점</b> #강남중국집 #강남중식 #강남중식집 #강남역중국집 #강남역중식 #강남역중식집 #무궁화짜장면 #소고기직화짬뽕 #무궁화반점짜장면 #무궁화반점짬뽕 #무궁화반점소고기직화짬뽕... ,오얏실,20241108
https://blog.naver.com/kek0424/223478438836,[내돈내산/강남역혼밥] <b>무궁화반점 강남점</b> 강남역 중국집 추천,눈치도 안보이고 편하게 점심식사 즐기고 왔습니다 오늘도 내돈내산 강남역 점심 완료! #강남역내돈내산 #강남역혼밥 #내돈내산강남혼밥 #무궁화반점 #<b>무궁화반점강남점</b>,이케의 일상요,20240613
https://blog.naver.com/qcjggrbj/223420439180,<b>무궁화반점 강남점</b>에서 맛보는 최고의 중식 체험!,"오늘은 저와 함께 강남맛집의 숨겨진 보석, <b>무궁화반점 강남점</b>을 탐방해 볼 거예요. 강남 한복판에서... 집에서도 무궁화반점의 맛을 즐길 수 있답니다. 시그니처 메뉴, 어떤 게 있을까요? 이곳의 시그니처... ",qcjggrbj님의 블로그,20240419
https://blog.naver.com/qrkqyasl/223421958177,<b>무궁화반점 강남점</b>에서 맛본 진정한 중식의 매력!,"바로 '<b>무궁화반점 강남점</b>'인데요, 오늘 이야기할 내용들을 들으시면 여러분도 바로 달려가고 싶어질... 놓칠 수 없는 서비스의 향연  '<b>무궁화반점 강남점</b>'은 24시간 영업을 하고 있어서, 늦은 밤이나 이른... ",행복한 일상을 위해,20240421
https://blog.naver.com/eimyuqoo/223421217283,"<b>무궁화반점 강남점</b>, 진짜 중국집의 맛을 느낄 때까지!","오늘은 제가 최근에 다녀온 무척 인상 깊었던 강남의 숨은 맛집, &quot;<b>무궁화반점 강남점</b>&quot;을 소개하고자 합니다. 강남 한복판에서 정통 중식의 맛을 제대로 즐길 수 있는 곳, 바로 여기입니다! <b>무궁화반점 강남점</b>은... ",사색하는 일상,20240420
https://blog.naver.com/pggubsdo/223424125083,<b>무궁화반점 강남점</b>: 강남맛집에서 만나는 중식 요리의 즐거움,"<b>무궁화반점 강남점</b> 소개  주소: 서울 강남구 테헤란로1길 10 1층  영업 시간: 00:00~24:00  전화번호: 02-557-5227  편의 시설: 단체 이용 가능, 포장, 배달, 무선 인터넷 <b>무궁화반점 강남점</b>에서 맛볼 수 있는 중식... ",나만의 행복한 일상 이야기,20240423
https://blog.naver.com/futjiqd/223421180093,"강남 중식의 진수, <b>무궁화반점 강남점</b>에서 느껴보세요!","강남 한복판, 테헤란로에 위치한 '<b>무궁화반점 강남점</b>'을 소개할게요. 중화요리의 깊은 맛을 제대로... 무엇보다 포장과 배달 서비스도 이용 가능해서, 바쁜 날에는 집이나 사무실에서도 무궁화반점의 맛을... ",일상 맛집과 건강 이야기,20240420
https://blog.naver.com/ezuvixmu/223421127072,"<b>무궁화반점 강남점</b>, 강남의 새로운 맛의 발견!","무궁화반점은 강남에서 이름을 날리고 있는 중식 전문 식당인데요, 여러분도 한번쯤은 들어보셨을... 메뉴 소개 <b>무궁화반점 강남점</b>은 이곳의 스테디셀러, 짬뽕을 필두로 다양한 중식 메뉴를 자랑해요.... ",ezuvixmu님의 블로그,20240420
https://blog.naver.com/twinkle_dough/224056827881,행궁동 남수동 데이트 한식 <b>미가공 수원행궁동본점</b>,"친구랑 수원 화성행궁을 둘러보고 점심 먹으러 행궁동 맛집, <b>미가공 수원행궁동본점</b>에 다녀왔어요.... 추천드려용 #행궁동맛집 #행궁동데이트 #행궁동놀거리 #미가공 #행궁동미가공 #수원맛집... ",멸종위기 개롭히,20251028
https://blog.naver.com/pjj0624/223961242890,"수원 행궁동 <b>미가공 수원행궁동본점</b> 방문,",간판의 이름은 미가공. 상호등록은 <b>미가공 수원행궁동본점</b> 되겠네요. 맛잇어 보이는건 나가사키짬뽕탕이였는데 그건 계절메뉴라 지금은 안하네요. .. 음. 위치는 여기구요. 행궁동본점하나 있는거같은데... ,희아빠 육아 취미 맛집 일상.,20250809
https://blog.naver.com/i_zero_97/224272951149,맛집] 분위기 좋은 퓨전한식 행궁동 맛집 '<b>미가공 수원행궁동본점</b>',웨이팅 걸어두면서 메뉴도 미리 주문가능해요 저희는 강된장쌈밥 + 전복볶음밥 + 미가공에이드... 수원 행궁동 맛집 '<b>미가공 수원행궁동본점</b>'! 분위기도 좋지만 음식 플레이팅이 너무 이뻐요~ 데이트하러 오기도... ,쩝쩝박사가 되고픈 막입,20260503
https://blog.naver.com/bonitadasom94/224241031683,행궁동 데이트 맛집 밥집 <b>미가공 수원행궁동본점</b>,<b>미가공 수원행궁동본점</b> 안녕하세요 치즈입니다. 오늘은 수원 행궁동 맛집 소개해드리려고요. 요즘... 주변에서 워낙 얘기를 많이 들어서 드디어 가봤어요 길찾기 &amp; 외부 소개할 곳은 수원 행궁동 맛집 미가공입... ,살찐치즈 일상리뷰어 Blog,20260404
https://blog.naver.com/littlebunnyenglish/224157027709,수원 행궁동맛집::<b>미가공 수원행궁동본점</b>-퓨전한식 건강에도... ,행궁동에는 아기자기한 음식점도 많고 카페도 많아 오랜만에 딸 아이와 데이트를 하러 아주 유명한 퓨전한식 맛집에 다녀왔답니 미가공 행궁동본점 작고 아담한 <b>미가공 수원행궁동본점</b>은 수원천로 앞에... ,하나맘의 여행기록,20260123
https://blog.naver.com/subini_lee/224236767427,<b>수원 행궁동</b> 맛집 한식은 <b>미가공</b> 점심방문 후기,다녀왔어요 행궁동에 한식집이 많이 없는데 정갈하고 깔끔한 한식을 맛볼 수 있는 곳으로 미가공 점심시간에 방문한 후기 알려드릴게요 <b>미가공 수원행궁동본점</b> 경기 수원시 팔달구 수원천로 305 ⏰ 매일 11:30-21... ,"혼자, 미국 캐나다를 가다",20260401
https://blog.naver.com/zext_generation/224228329563,행궁동맛집 - <b>미가공 수원행궁동본점</b> 전복볶음밥 강된장쌈밥... ,행궁동에 위치하고 있는 퓨전한식 맛집을 소개해 드리려고 합니다~ 바로바로 행궁동데이트코스로 추천하는 '<b>미가공 수원행궁동본점</b>'입니다! 미가공 행궁동본점 주소 : 경기 수원시 팔달구 수원천로 305... ,젝스트의 보험금융이야기,20260328
https://blog.naver.com/bluedar_fs/223868237363,행궁동 맛집 건강하고 맛있는 한끼 ! <b>미가공 수원행궁동본점</b> !,팔달구 <b>수원</b>천로 305 <b>미가공</b> ☎️ 010-****-**** ⏰ 11:30 ~ 21:00 라스트오더 20:30 <b>행궁동</b> 맛집골목에는 개성강한 음식점과 카페가 많은데 그중에 단연 제일 인기많은 줄서는 식당 !! 매향동 통닭거리근처라 찾기 쉽다!... ,달리달라의 Colorful mind,20250517
https://blog.naver.com/kyouran/224080056278,행궁동한식 맛집 <b>미가공 수원행궁동본점</b> 덮밥 추천!,한상차림 행궁동맛집 미가공에서 맛있는 점심 먹은 리뷰 :) 행궁동한식 맛집 <b>미가공 수원행궁동본점</b>... 주소: 경기 수원시 팔달구 수원천로 305 미가공 전화: 010-****-**** 영업시간 매일 11:30 - 21:00 메뉴판 우린... ,뷰티 패션 다이닝 맛집공유,20251118
https://blog.naver.com/yuj1203/224203635138,[<b>수원 행궁동</b>] 퓨전 한식 느좋 맛집! &quot;<b>미가공 수원</b>행궁<b>본점</b>... ,팔달구 <b>수원</b>천로 305 <b>미가공</b> #<b>미가공</b> #<b>행궁동</b><b>미가공</b> #<b>미가공</b><b>행궁동본점</b> #<b>미가공</b>웨이팅 #<b>행궁동</b>맛집 #<b>행궁동</b>한식 #<b>행궁동</b>한식집 #<b>행궁동</b>맛집추천 #행궁맛집 #행궁<b>미가공</b> #<b>행궁동</b>한식맛집 #<b>행궁동</b>데이트맛집... ,유우띠로그,20260304
https://blog.naver.com/chaotic0/224193123330,데이트코스로 좋은 행궁동밥집 <b>미가공 수원행궁동본점</b> 후기... ,<b>미가공 수원행궁동본점</b> ◾ 영업시간 11:30~21:00 라스트오더 20:30 ◾ 경기 수원시 팔달구 수원천로 305 1층... 미가공 행궁동본점을 발견하고 고민 없이 바로 다녀오게 되었습니다 주말에는 웨이팅이 길기로 소문난... ,취미로 즐기는 미술 2B Drawing,20260223
https://blog.naver.com/wl_dud20/224129452346,수원 한식 맛집 <b>미가공 수원 행궁동 본점</b>,"<b>미가공 수원행궁동본점</b>을 수원 맛집으로 추천드려요! 행궁동 맛집 중에서도 관광지와 가까운 위치지만... 수원 맛집 미가공에 방문해 보니 전체적으로 음식, 분위기, 동선까지 잘 정리된 곳이라 데이트하러... ",콩떡 맛집/카페,20251231
https://blog.naver.com/zoo0086/224051220348,[수원] <b>미가공 수원행궁동본점</b>:평일에도 웨이팅 하는 행궁동맛... ,친절 [<b>수원</b>] <b>미가공</b>은 <b>행궁동</b> 음식문화마을 내에 있어요. 매향통닭에서 시장쪽 하천변따라 조금 걷다보면 꽃마차와 백조씽크 사이 '<b>미가공</b>'을 만날 수 있어요. 여기에 이런곳이? 싶었는데 젊은감성이... ,자판기가족의 숟가락가는대로,20251023
https://blog.naver.com/junseo10000/224236074584,수원 행궁동 ‘<b>미가공 수원행궁동본점</b>’ 퓨전 다이닝... ,"대신해 <b>수원 행궁동</b>으로 갑니다 채널 돌리지 말고 조금만- 기다려! (음방 MC 톤) 매일 11:30-21:00(L.O. 20:30)... 지나 <b>수원</b>천 옆. 어스름한 저녁, 노란빛 조명이 가게 안을 감싼 온기 가득한 '<b>미가공</b>' 오늘의 주인공이... ",늘보 곰님 현생기록,20260331
https://blog.naver.com/rvd_romi/224053308314,행궁동맛집 <b>미가공 수원행궁동본점</b> – 가을 행궁동데이트... ,"바로 행궁동맛집 <b>미가공 수원행궁동본점</b>이에요 <b>미가공 수원행궁동본점</b> 경기 수원시 팔달구 수원천로 305 미가공 매일 11:30 - 21:00 (20:30 라스트 오더) 무선 인터넷, 남/녀 화장실 구분, 포장, 예약, 단체 이용 가능... ",SUMMERIN,20251025
https://blog.naver.com/sw_hwaseong/224126646714,행궁동맛집 <b>미가공 수원행궁동본점</b>: 수원천 보며 든든하게 즐긴... ,미가공 경기 수원시 팔달구 수원천로 305 미가공 010-****-**** 영업시간 : 매일 11:30 - 21:00 20:30 라스트오더 #행궁동맛집 #행궁동밥집 #행궁동데이트 #미가공 #<b>미가공수원행궁동본점</b> #수원행궁맛집 #수원천맛집... ,수원화성이야기여행,20251229
https://blog.naver.com/dhqhfka274/223980657576,<b>수원 행궁동</b>맛집 혼밥가능한 <b>미가공</b> <b>행궁동본점</b>... ,안녕하세요^^ 오늘은 수원 통닭거리에 위치한 퓨전한식 맛집 &quot;<b>미가공 수원행궁동본점</b>&quot;을 포스팅... 총평 수원 행궁동 맛집 미가공 행궁동본점은 전체적으로 매우 만족스러운 식사였어요! 건강한 재료와... ,학이몽이 메리네♡,20250823
https://blog.naver.com/littlebunnyenglish/224043523678,수원 행궁동맛집::<b>미가공 수원행궁동본점</b>-퓨전한식의 반전!... ,<b>미가공 수원행궁동본점</b> 작고 아담한 <b>미가공 수원행궁동본점</b>은 수원천로 앞에 위치하고 있어요... 되는 미가공 행궁동본점이었어요! 수원천까지 구경도 할 수 있고 공영주차장도 가까워 다음에 또 오고싶은... ,하나맘의 여행기록,20251016
https://blog.naver.com/vanilla9090/224241940961,행궁동맛집 행궁동데이트 또간집 <b>미가공 수원행궁동본점</b>,<b>미가공 수원 행궁동 본점</b> 은 #행궁동웨이팅맛집 이라서 웨이팅 리스트가 있어요 우드톤으로 따수운 변함없는 무드의 미가공 점심시간이 훌쩍 지난 시간이지만 오늘도 역시 자리가 꽉 차있어서 #수원웨이팅맛집... ,썸머의 여름,20260405
https://blog.naver.com/yundutls/224203555861,행궁동맛집 10분 만에 완밥한... 밥집 '<b>미가공 수원행궁동본점</b>',행궁동맛집 미가공이 왜 행궁동 맛집인지 알려드릴게요ㅎㅎㅎ 행궁동맛집 <b>미가공 수원행궁동본점</b>... #행궁동맛집 #행궁동한식 #수원행궁동맛집 #미가공 #행궁동데이트 #행궁동밥집 #수원 #솔직후기 #공감 #댓글... ,빵아지의 소소한 하루 기록,20260304
https://blog.naver.com/ini_oni/224003142696,"<b>밀도</b> mealº - 빵지순례 필수코스 (내돈내산, <b>옥수점</b>, 식빵후기)",하지만 전 기다릴 자신이 없어서 상대적으로 여유로운 **옥수점**을 자주 방문합니다. 줄 안 서고 맛있는... #밀도 #<b>밀도옥수점</b> #밀도식빵 #인생식빵 #식빵맛집 #빵맛집 #서울빵집 #옥수동맛집 #성수동맛집... ,ini_oni 육아 블로그,20250910
https://blog.naver.com/o_monika/224092396253,빵지순례 옥수동 식빵 맛집 <b>밀도 옥수점</b> 리치 식빵 추천,몇일전 동네 언니들을 만나러 옛동네를 방문 하였고 오랜만에 <b>밀도</b>에 갔다. 해질 무렵 방문한 <b>밀도</b>의 빵 매대는 텅텅 비어 있었다 유명한 빵집은 아침 일찍 가야 하지만 우연히 들른 날이였기에 식빵만 하나... ,o_monika,20251130
https://blog.naver.com/digerate/224177270392,옥수동맛집 <b>밀도 옥수점</b>(260207),#옥수동맛집 #<b>밀도옥수점</b> #옥수동빵맛집 #옥수동식빵맛집 #밀도담백식빵 딸이 밀도 담백식빵을 좋아한다. 매우 추운 겨울날이었지만 나갔다. <b>밀도 옥수점</b>은 11시에 문을 열고 8시에 문을 닫는다. 11시에 맞춰 1분... ,한결같이 기록하는 한량,20260209
https://blog.naver.com/speeddog3/223558985641,옥수역 카페 베이커리 <b>밀도 옥수점</b> 가격 운영시간 주차 솔직 리뷰,"이름 : <b>밀도 옥수점</b> 도로명 주소 : 서울 성동구 독서당로 223 래미안 옥수 리버젠 상가 1층 영업시간 : 매일 11:00 ~ 20:00 옵션사항 : 포장, 남/녀 화장실 구분, 배달  상품 － 1. 담백식빵 : 7800원 － 2.... ",미식탐험가,20240824
https://blog.naver.com/wsh6083/224143309721,[서울/성동/옥수] <b>밀도 옥수점</b> 담백식빵,안녕하세요 WOW입니당 오늘은 [서울/성동/옥수] <b>밀도 옥수점</b> 담백식빵 소개해드리겠습니다 담백 4 리치 2 해피 ♥︎_♥︎ #친구환영 #블로그친구 #맞팔 #선팔 #소통 #파워블로그 #파워블로거 #맛집 #뷰티... ,WOW♥︎,20260112
https://blog.naver.com/cutesun18/221251521458,<b>밀도 옥수점</b>,"제가 요즘 젤 좋아하는 빵집, 밀도 #<b>밀도옥수점</b> 은 래미안리버젠 아파트 상가에 있어요. 상가주차장에 주차도 편하게 하심 됩니다. 빵나오는 시간 오전 11시 밀도 성수점은 사람이 정말 많아서 번잡하고... 동네에... ",쏼리의 행복한 블로그♪,20180412
https://blog.naver.com/amlee74/221176864195,옥수동 빵집 <b>밀도 옥수점</b>,<b>밀도 옥수점</b>도 성수 밀도와 같이 넓은 크기는 아니지만 사람이 별로 없어서 넉넉해보였다. 여긴 아무래도 거주지라서 그런지 핫플레이스하곤 거리가 먼것 같았다. 줄서서도 못산다는 식빵도 다 있고 그랬다.... ,동네탐정멜리의 탐정놀이,20180103
https://blog.naver.com/runjhmore/223004435324,"허니러스크, 식빵선물 @<b>밀도 옥수점</b>","(오 사장님 친절하시고 감사합니다. ) 종이 봉투 100원 (총 21,200원) <b>밀도 옥수점</b> 담백 식빵 물 대신 무지방 우유와 청정 유기농 밀가루를 블렌딩하여 담백하고 쫄깃한 밀도 대표 식빵 시나몬러스크 계피분말을... ",달콤건강일상:),20230203
https://blog.naver.com/sksksk7487/222906419339,옥수동빵집 ¶ 빵순이 서울빵지순례 필수코스 - <b>밀도 옥수점</b>,구매하러오시는듯해요 #밀도 #<b>밀도옥수점</b> #옥수역빵짐 #옥수동빵집 제일 기본 시그니처 #담백식빵 #밀도메뉴 #밀도종류 #<b>밀도옥수점</b> 식빵이 메인이에요 종류 다양합니다 q(≧▽≦q) 마롱식빵... ,블롱그❤️,20221022
https://blog.naver.com/posieeee/223054653329,[옥수동 빵집] 줄서는집 대기없이 가기 ‘<b>밀도 옥수점</b>’,ㅋㅋ 엄마가 식빵맛집인데 식빵을 안사왔다고 한소리 들었네요 ㅋㅋㅋㅋ (우리집 빵순이=엄마) 다음에는 식빵으로 사올게요! #밀도식빵 #식빵 #옥수동빵집 #<b>밀도옥수점</b>,먹고 놀고싶은 일상,20230324
https://blog.naver.com/silver_o0/222223041792,<b>밀도 옥수점</b> 식빵 결이 예술,아무튼 그렇게 맛있다고 추천받은 곳이 바로 밀도 서울에 여러 지점들이 있는데 저희는 동선에 맞는 옥수점으로 향했어요 Meal˚ 여서 이름이 밀도 더라고요 . 생각보다 규모가 아담했던 <b>밀도 옥수점</b> 다행이 제가... ,아이쓰의 달달한 이야기,20210131
https://blog.naver.com/ysys795123/224108782241,옥수역 헬스장 팰리스짐 프리미엄 한남<b>옥수점</b> 후기,한남<b>옥수점</b>이라는 이름 답게 정말 깔끔하고 고급스러운 느낌이 들었다. 기구도 다양해서 다양한... 트레드<b>밀도</b> 엄청 많고 천국의 계단도 많아서 자리가 부족해서 운동하지 못할 일은 없겠다 싶다. 역시 옥수동... ,SWING your bat,20251213
https://blog.naver.com/hanuri37/223723397214,옥수동스파  알파낙스로 겨울철피부관리 더트리니티스파 <b>옥수점</b>,"더트리니티스파 <b>옥수점</b> 안녕하세요, 하치입니다. 제가 타고난 피부가 좋지 않다보니 꾸준히 관리를... 피부 탄력이 떨어지고 손상도가 높아지는 겨울철피부관리로 딱 맞는 케어로, 피부의 <b>밀도</b>와 광채를... ",Hachi's fashion beauty blog,20250112
https://blog.naver.com/with210109/222681833248,[<b>밀도</b>/성수&amp;<b>옥수점</b>]식빵은 여기서! 식빵 찐맛집,식빵 좋아하시는 분들! 특히 두꺼운 식빵 좋아하시는분들!!!!! 진짜 밀도 강추드려요 후회 없는 맛입니다 #빵집맛집 #밀도 #밀도식빵 #밀도성수점 #<b>밀도옥수점</b> #두꺼운식빵 #식빵맛집 #플레인식빵 #리치식빵,요싱과 금호동토박이의 소소한 일상♥,20220324
https://blog.naver.com/bnpou/222209669733,<b>밀도 옥수점</b> 나혼자산다 장도연 빵집,"그때 눈여겨봤던 빵집인, 밀도! 찾아보니 체인점이 많아 주말에 짬 내서 다녀왔어요 (사실 작년에 다녀왔음) <b>밀도 옥수점</b> 노원에도 있었지만 없어진지 오래라고 한다 왜 있을 땐 몰랐을까... <b>밀도 옥수점</b>은 따로... ",혜롱혜롱,20210116
https://blog.naver.com/0070mon/222514298013,"옥수, 금호역 빵 맛집 &lt;<b>밀도 옥수점</b>&gt; 부드러운 식감의 빵이 주로... ","밀려있는 포스팅 #추석썰 언니들한테 뭐라도 좀 사드리고 싶은 맘에 들린 <b>밀도 옥수점</b>. 밀도는 식빵 종류의 빵이 유명한 빵집인데, 서울 안에 여러 곳의 지점을 두고 있다. 나는 <b>밀도 옥수점</b>에 디핀옥수... ",그레잇트(Grace-Eat),20210923
https://blog.naver.com/bamtory_talk/222933319876,[옥수 맛집] 담백식빵이 맛있는 식빵 맛집 &quot;<b>밀도 옥수점</b>&quot;,"밀도 영업시간 영업시간(매일): 11:00 - 20:00 <b>밀도 옥수점</b>에 방문한 시간은 오후 3시 즈음에 방문했다. 웨이팅 없이 들어갔다. 밀도는 옥수점, 성수점, 강남역점, 한티역점, 정자점 등 다양한 지역에 있다. 이전에... ",밤톨쓰리 톡톡,20221120
https://blog.naver.com/daegongpsi/222276726473,옥수동 식빵 맛있는 빵집 『<b>밀도 옥수점</b>』,"일단 집에서 가까운 성수점은 주차도 어렵고 해서, 옥수점으로 향했는데요. 주차장을 찾지 못해서... 조만간 맛있는 빵 한 번 더 사러 가야겠어요. #밀도 #<b>밀도옥수점</b> #빵맛집 #식빵맛집 #리치식빵",깐깐한 아부지의 재테크 실험실,20210315
https://blog.naver.com/tourori513/222529976108,"[서울] <b>밀도 옥수점</b> 큐브커스터드, 초코허니러스크... ",살 수 있기를... #밀도 #큐브커스터드 #초코허니러스크 #마롱미니식빵 #밀도큐브커스터드 #밀도초코허니러스크 #밀도마롱미니식빵 #<b>밀도옥수점</b> #옥수동밀도 #옥수동 #옥수동빵집,강제 휴직자의 소소한 일상,20211007
https://blog.naver.com/yoon0752/222312222145,"[옥수] 옥앤수, 제이드앤워터, 브런치맛집, <b>밀도 옥수점</b>",원래 메뉴가 이렇게 많았구나~~~ㅎㅎ &amp; 집에와서 출출할때 어제 압구정에서 사온 에그타르트랑 밀도에서산 빵이랑 커피한잔 #옥수동#옥수동브런치#브런치맛집#옥앤수#제이드앤워터#밀도#<b>밀도옥수점</b>#옥수동빵집,쩡이의 기억저장소,20210416
https://blog.naver.com/qde78/223905194213,역삼역 돈카츠 &amp; 소바 맛집 - <b>백소정 역삼역점</b>,"역삼역 맛집 <b>백소정 역삼역점</b> 간단 정리 주소 : 서울 강남구 테헤란로20길 18 1층, <b>백소정 역삼역점</b>... 역삼역소바맛집 #역삼역돈카츠맛집 #역삼돈카츠맛집 #역삼역백소정 #백소정역삼 #백소정메뉴 #백소정주차",이유를 찾아서,20250621
https://blog.naver.com/bs-blog/224100304352,강남에서 무난하게 점심으로 먹을만한 돈가스 [<b>백소정 역삼역점</b>... ,"그렇게 방문한 &lt;<b>백소정 역삼역점</b>&gt;이다. 외관은 굉장히 깔끔하고 깨끗해 보였다. 백소정이라는 돈가스 브랜드를 지나다니면서 꽤 본 것 같은데, 직접 가서 먹어본 것은 처음이었다. 기대!! 백 번을 와도 또... ",브랜드 전략가의 눈과 입,20251206
https://blog.naver.com/alfonso73/223662213288,역삼 점심 저녁 모두 맛있게... 돈까스 우동 맛집 <b>백소정 역삼역점</b>,"돈까스, 우동이 맛있는 <b>백소정 역삼역점</b>에 다녀왔다! 역삼 점심 저녁 모두 맛있게 먹을 수 있는 돈까스 우동 맛집 <b>백소정 역삼역점</b> 주소 : 서울 강남구 테헤란로20길 18 1층, <b>백소정 역삼역점</b> 영업시간 * 월 - 금... ",두부쟁이 라이프,20241115
https://blog.naver.com/jun6438/223948567251,(강남<b>역점</b>)/스탬커피(강남점)/<b>백소정</b>(<b>역삼</b>GS점)/설빙(선릉점... ,1.골드피쉬 딤섬퀴진(@압구정로데오역) 2.샤브지오 강남<b>역점</b>(@강남역) 3.스탬커피 강남점(@강남역) 4.<b>백소정 역삼</b>GS점(@<b>역삼</b>역) 5.설빙(선릉점/서울대치점) 6.어가(@청담역) 7.황태일로 삼성점(@삼성중앙역) 1.... ,지란지교를 꿈꾸며,20250727
https://blog.naver.com/ourlife__/224098797176,역삼역 점심 맛집 <b>백소정 역삼역점</b> 깔끔한 일식 한상 돈카츠... ,#백소정 #<b>백소정역삼역점</b> #역삼역맛집 #역삼일식 #돈가스맛집 #역삼돈카츠 #키마카레 #일식맛집 #역삼데이트 #역삼밥집 #소바맛집 #점심추천 #직장인맛집 ⸻ ♂️ 입장 전 분위기 건물 외관부터 약간 일본식 간판... ,MAN.eya_Universe,20251205
https://blog.naver.com/ljeun39/223603323564,"[서울:역삼] <b>백소정 역삼역점</b> | 돈까스 맛집, 역삼역 점심 추천",역삼에 오랜만에 오니 생겼더라고요!! 그래서 다녀와봤숩니다 ㅎ.ㅎ 후기 가보시죠  <b>백소정 역삼역점</b>  영업시간 월-토 11:00~21:00 브레이크타임 15:00~16:00 라스트오더 20:00 매주 일요일 휴무 너무 귀여운... ,현생회복 A to Z,20241001
https://blog.naver.com/disney_jjang/223927153818,[역삼역 맛집] <b>백소정역삼역점</b> 내돈내산 솔직후기,바로바로 역삼역 3번 출구 근처에 있는 <b>백소정 역삼역점</b> 다녀온 후기입니다! 위치 및 영업시간(주차)... 소바맛집 #백소정 #냉소바맛집 #돈카츠맛집 #직장인점심추천 #역삼역점심 #돈쭐맛짱뜨러왔습니다 본... ,드즈느로그❤️,20250709
https://blog.naver.com/qqwwaakk/223697055371,역삼역 점심 가성비 좋은 &quot;<b>백소정 역삼역점</b>&quot; 마제소바 온소바... ,강조한지라 #역삼역점심 간단히 먹으러 도착한 #<b>백소정 역삼역점</b> 물론 체인이라 기대 없이 들어갔는데 예약 좌석까지 꽉 차있고 매장은 FULL 대박 그리고 제가 큰 가방 가지고와서 보조 의자 부탁드렸더니 가방... ,나은씨의 지구여행,20241217
https://blog.naver.com/parksh08140/224255796319,[<b>역삼</b>역] <b>백소정</b> 내 돈 내산 혼밥 점심 후기 :: 주문 후 바로... ,"<b>백소정</b> 같은 경우, 몇 군데 지점을 다녀봤지만 평균적인 맛을 유지한다는 개인적인 생각이 있습니다. 그래서 이날도 <b>역삼 역점</b>을 방문했습니다. 실내와 메뉴판 넓은 실내를 자랑하고 있습니다. 저는... ","솔직당당, 먹고 놀고 즐기는 인생",20260417
https://blog.naver.com/swordman22/223958354299,<b>백소정 역삼역점</b>,"검색해 보니 이 근처에만 <b>역삼역점</b>, <b>역삼</b>GS점, 선릉점, 강남점, 신분당선점, 반포점, 교대점, 남부터미널점, 양재<b>역점</b>, 도곡매봉점 등 한 지도 안에 아홉 군데나 뜨는군요. 지난번에 갔던... ",변호사 임무영 법률사무소,20250804
https://blog.naver.com/jinlee6075/223435262352,[내돈내산] <b>백소정 역삼역점</b> 방문후기(마제소바 최고!),"전 백소정에 가면 주로 마제소바를 먹곤 하는데요! 마제소바 말고도 다양한 메뉴들이 많답니다 ㅎㅎ 돈까스, 우동, 냉소바, 카레 등등! 위치 <b>백소정 역삼역점</b>은 강남역과 역삼역 중간에 위치하고 있어요 ㅎㅎ... ",'-',20240503
https://blog.naver.com/hyeonsoongworld/223294781918,역삼: 직장인의 소울푸드 돈까스 맛집 <b>백소정 역삼역점</b>,(아님 말고 ㅎ) 점심시간에 방문해 본 역삼역 돈까스 맛집 리뷰 스따뚜~! 어디서 돈을 썼나요? 직장인... 맛집 <b>백소정 역삼역점</b> 짜잔 익숙한 백소정 외관입니다~ 직장인 점심 추천 돈까스 맛집 <b>백소정 역삼역점</b>... ,여기는 숭이세상,20231216
https://blog.naver.com/tauen2000/224149973858,"타코랩,<b>역삼</b>역 <b>백소정</b>,스타벅스 강남파이낸스센터점... ","<b>백소정 역삼역점</b> 제가 돈까스 생각날 때마다 가는 곳이고, 소스랑 깍두기는 셀프에요. 물은 차가운... 역삼역 인근에서 돈까스가 먹고싶을 때 대중성 있게 생각나는 곳이 사보텐과 백소정 두 곳인 것 같아요. 4.... ",연이의 굿커리어,20260117
https://blog.naver.com/naeeun14/223493994122,[직장인점심] <b>백소정 역삼역점</b>,"안녕하세요 내은이에용 오늘 점심은 바로바로 백소정이에요 ㅎㅎㅎㅎ 요즘 완전 핫하게 뜨고있는 마제소바 및 돈카츠 맛집!!! <b>백소정 역삼역점</b> 월~토 11:00-21:00 , 일요일 휴무 (브레이크타임 15:00-16:00)... ",내은,20240628
https://blog.naver.com/alfonso73/223693305056,강남에서 혼밥 하기 좋은 우동 돈까스 일식 맛집 <b>백소정 역삼역점</b>,"강남에서 혼밥 하기 좋은 우동 돈까스 일식 맛집 <b>백소정 역삼역점</b> 주소 : 서울 강남구 테헤란로 29길 18 1층, 백소정 역삼역 영업시간 * 월 - 금 : 11:00 - 21:00 ㄴ브레이크 타임 : 15:00 - 17:00 ㄴ라스트 오더 : 20:00 * 토... ",두부쟁이 라이프,20241214
https://blog.naver.com/wjd-gml078/223448946425,[강남/역삼] 현지근무 직장인 찐맛집 “<b>백소정 역삼역점</b>”,불가 #강남역 #역삼역 #강남맛집 #역삼맛집 #강남직장인맛집 #역삼직장인맛집 #강남돈가스맛집 #역삼돈가스맛집 #일식돈가스맛집 #돈가스맛집 #점심추천 #백소정 #<b>백소정역삼역점</b> #서로이웃 #서로이웃환영... ,조리하고까리한거합니다,20240516
https://blog.naver.com/minjilala_/223451253703,<b>백소정 역삼역점</b> - 차갑게 식어있었던 돈까스 역삼역 마제소바... ,"있는 백소정, 회사 근처 역삼역점에 점심시간에 다녀왔다. 나는 원래 돈까스를 좋아해서 역삼역 돈까스 맛집을 찾아다니고 있는데, 이자카야탄 갓포돈에 이어 3번째로 다녀온 돈까스 맛집, <b>백소정 역삼역점</b>.... ",24시간이 부족한 30대 직장인,20240519
https://blog.naver.com/bobaeboae/223562664828,[역삼역] <b>백소정 역삼역점</b>ㅣ체다치즈돈카츠,그런데 너 혹시 칼로리가 몇이니ㅠㅠ 부드럽고 맛있고 배부르고 정말 알찬 점심이었습니다 <b>백소정</b>을 <b>역삼</b>역 돈가스집 中 제 마음속 1위로 임명합니다. 땅땅 ⚖️,보배의 일상공간,20240827
https://blog.naver.com/bb_intheisland/223609311729,<b>백소정 역삼역점</b> 역삼점심메뉴추천 돈카츠맛집,꼬지에 끼워진 어묵 비주얼부터 완벽 안에 들어있는 동그란어묵도 완전 쫄깃했어요 다음 방문에도 같은 메뉴를 주문할만큼 만족도  #<b>역삼</b>역맛집 #<b>역삼역점</b>심맛집 #<b>역삼</b>점심메뉴추천 #<b>백소정</b> #<b>역삼</b>돈카츠 #<b>역삼</b>우동,BB in the Island,20241006
https://blog.naver.com/h_yeeun94/223359895610,<b>백소정 역삼역점</b> - 직장인 점심 먹기 좋은 돈까스 맛집,점심 식사로 찾은 #백소정역삼 팀원들이 한번 다녀와봤는데 제법 괜찮다고 해서 한번 껴서 다녀와봤다. <b>백소정 역삼역점</b> 월~토 11:00 ~ 21:00 브레이크 타임 15:00 ~ 16:00 라스트 오더 20:00 일요일 정기휴무 #백소정... ,Yenny_Blog,20240226
https://blog.naver.com/haha0121395/223913505810,수원 인계동 <b>백청우칼국수 본점</b>,"<b>백청우칼국수</b>는 주차요원이 3분 계셔 낯선 수원인데 안내를 잘 해주셔서 편리하게 주차를 했답니다. <b>본점</b> 스케일답게 1층은 포장 판매, 2층 식사, 3층은 <b>백청우</b>식품으로 한 건물이 다 <b>백청우</b>칼국집 건물이었어요.... ","명랑최, 어제 보다 더 나은 오늘",20250627
https://blog.naver.com/bong_22_/223497020698,[한식] 수원 인계동 해물칼국수 만두전골 맛집 <b>백청우칼국수 본점</b>,한번 빠지면 헤어나올 수 없다 왜냐면 존맛이기 때문 칼국수 좋아한다면 절대 싫어할 수 없는 백청우칼국수 인계동에서 칼국수맛집 찾는다면 <b>백청우칼국수 본점</b> 방문하시는거 적극 추천한다 -동네주민 찐 후기-,(*ᴗ͈ˬᴗ͈)ꕤ*.ﾟ,20240701
https://blog.naver.com/arodea/224078500041,수원 <b>백청우칼국수 본점</b> 해물칼국수 역시 맛집,"화서점, 금곡점에서 먹어봤는데 본점이 유독 맛있게 느껴졌다는 언니의 말에 오늘은 수원 <b>백청우칼국수 본점</b>으로 !! 1층 포장손님 2층 식사손님 3층 백청우식품 사무실 백청우칼국수의 만두도 많은 사랑을... ",먹고 노는 것에 계획적인,20251117
https://blog.naver.com/namjihye5/224095283305,<b>백청우칼국수 본점</b> │ 추운날씨를 뜨겁게 해주는 시원칼칼한... ,"백청우칼국수, <b>백청우칼국수 본점</b>, 백청우칼국수 수원, <b>백청우칼국수 본점</b> 인계동, <b>백청우칼국수 본점</b>... 인계동에 본점이 있는 백청우칼국수 인데요 이름은 칼국수집이지만 이곳은 만두도 맛있고... ",감성아이콘 호떡님의 데일리노트,20251202
https://blog.naver.com/godjulia259/223549841066,수원 인계동 가족식사 칼국수 맛집 <b>백청우칼국수 본점</b> 추천,#<b>백청우칼국수본점</b> #백청우칼국수 #칼국수맛집 #해산물칼국수 #해물만두전골 #수원맛집 #수원칼국수 #인계동맛집 #인계동칼국수 #인계동가족식사 #수원가족식사 #수원칼국수맛집 #인계동칼국수맛집... ,여행하는 김두브,20240822
https://blog.naver.com/mayo_land/224242720822,"수원 <b>백청우칼국수 본점</b>, 수원 성빈센트 근처 맛집, 수원... ",추천으로 <b>백청우칼국수 본점</b>에 다녀왔어요! 직장인 추천=찐맛집 그쵸? 위치는 인계초 옆에 위치해있고... 해물칼국수 2인으로 주문하였습니다! 다른 테이블은 만두 많이 드시더라구요 만두 맛집인가봐요~ 먼저... ,마요랜드,20260406
https://blog.naver.com/joeundayhej/223788882893,수원 점심 추천 해물 칼국수 현지인 맛집 <b>백청우칼국수 본점</b>,"수원 여행 중 아침 겸 점심 식사로 방문한 수원 현지인 칼국수 맛집 <b>백청우칼국수 본점</b>입니다. 푸짐한 양과 가성비 가격, 발렛파킹까지 해주는 수원에 소문난 칼국수 맛집 후기 고고씽  수원 인계동에 위치한... ",월아화,20250308
https://blog.naver.com/gunggeumiii/224039751252,"인계동 현지인 해물칼국수 맛집, <b>백청우칼국수 본점</b> 솔직 후기","ㅎㅎ 수원 현지인 맛집으로 유명한 해물칼국수 맛집, <b>백청우칼국수 본점</b>에 다녀온 솔직한 후기를... 됩니다~ 백청우칼국수 맛있게 먹는 팁! 입니다. 1. 육수가 끓으면 해물과 야채를 먼저 넣어주세요. 2. 한 번 더... ",궁그미's 솔직 리뷰 아지트,20251014
https://blog.naver.com/moonangee/224210497445,"보리밥부터 칼국수까지 완벽 코스, <b>백청우칼국수 본점</b> 솔직... ","즉석 떡볶이 느낌으로 <b>칼국수</b>를 바로 끓여 먹는 맛집!! 바로 소개해 드릴게요~!!! <b>백청우칼국수</b>는 가보정, 인계초등학교 라인에 위치해 있는데요. 원래 <b>본점</b>은 다른 데 1층에 있었는데 어느 날 보니깐 건물을... ",차무냉home,20260309
https://blog.naver.com/heyword/223427904953,"수원 맛집_친절하고 주차 편하고 맛있는, <b>백청우칼국수 본점</b>","1994년에 '<b>백청우</b>보쌈<b>칼국수</b>'로 오픈해 맛으로 소문이 나 유명해졌고, 이후 '<b>백청우칼국수</b>'로 이름을 바꾸고, 용인과 성남 등에 십여 개의 가맹점을 운영하고 있다. 현재 아들 백현기 대표가 물려받아 가족들이... ",언니의 아지트,20240428
https://blog.naver.com/privatemk/224120779495,"인계동 칼국수 맛집, <b>백청우 칼국수 본점</b> 내돈내산 솔직후기","집에서도 배달로 주로 시켜드시고, 집에서 가까운 백청우칼국수 권선점을 자주 다니셨다. 그러다 오늘은 인계동 칼국수 맛집, <b>백청우칼국수 본점</b>에 다녀왔다. 본점의 맛은 얼마나 다른지 느껴보려고(!) 인계동... ",엠케이의 사생활,20251224
https://blog.naver.com/kimsukku0000/224159422451,[수원] 추운날 생각나는 해물칼국수 맛집 <b>백청우칼국수 본점</b>,위치한 <b>백청우 칼국수 본점</b>이다. 복개천에 맛집이 꽤나 있다고 했는데 그 중 하나인 백청우 칼국수는 칼국수로 건물을 올렸다는 썰이 있을 정도로 유명한 집이다! 아주 오래전부터 있던 가게로 확장 이전을... ,방랑벽 도파민 중독자의 일기,20260125
https://blog.naver.com/qhfkehfdlblog/223907263573,[수원 맛집] 수원 칼국수 맛집은 여기! <b>백청우칼국수 본점</b>,맛있는 칼국수가 먹고싶어서 수원 칼국수 맛집이 어딜까 찾아보다가 맛있기로 소문이 자자한 <b>백청우 칼국수 본점</b>에 가보았다. <b>백청우 칼국수 본점</b> 주소: 경기 수원시 팔달구 장다리로 253 2층 백청우칼국수... ,보라돌이의 행복한 하루,20250622
https://blog.naver.com/27jinju/224078627795,[경기도 수원] 인계동 입소문난 칼국수 맛집 <b>백청우칼국수 본점</b>... ,"오더 백청우칼국수는 워낙 칼국수, 만두 맛집으로 입소문나 수원에만 여러 체인점이 있을만큼 유명한... 본점만의 맛'이 살아있는 <b>백청우칼국수 본점</b> 해물만두전골로 뜨끈뜨끈한 국물, 만두와 칼국수 두가지... ",오늘의 기록,20251117
https://blog.naver.com/pokari826/223947284996,[수원 맛집] &lt;<b>백청우 칼국수 본점</b>&gt; 내돈내산 든든한 솔직 리뷰,백청우 칼국수 추천합니다 #수원맛집 #수원칼국수 #백청우칼국수 #칼국수맛집 #<b>백청우칼국수본점</b> #전복해물칼국수 #전복해물만두전골 #수원해물칼국수 #수원전골맛집 #내돈내산맛집 #수원본점맛집 #국물맛집... ,Today is,20250726
https://blog.naver.com/hayuni94/224014530811,수원 <b>백청우칼국수 본점</b> 내돈내산 솔직후기!,"수원 <b>백청우칼국수 본점</b> 메뉴판 해물칼국수 11,000원, 해물만두전골 15,000원 두가지가 베스트 메뉴입니다. 백청우칼국수는 칼국수도 맛있지만 겉절이 김치가 진짜로 맛있습니다. 메뉴판을 보니 국내산... ",행복지킴이 니니 .ෆ,20250919
https://blog.naver.com/bellkimjw/224248154669,"국물 맛에 반함, 보리밥, 반찬 셀프바 ☆<b>백청우 칼국수 본점</b>",주소: 경기 수원시 팔달구 장다리로 253 2층 (인계 초등학교 후문 옆에 있어요) 영업시간: 09:40 - 20:30 휴무/ 브레이크타임 없음 [<b>백청우 칼국수 본점</b>] 칼국수. 만두 전문 <b>백청우 칼국수 본점</b>(수원) 11시 25분 도착!... ,행복한 일상 기록..♡,20260410
https://blog.naver.com/15svc15/224145649569,"수원 칼국수 만두, <b>백청우칼국수 본점</b> 솔직한 후기","보아요 <b>백청우칼국수 본점</b> @경기도 수원시 팔달구 인계동 267-1 2층 백청우칼국수 외관부터 깔끔한... 무엇보다 백청우 수원 칼국수 만두 해물이 진짜 많이 들어 있어서 확실히 만족했어요 새우, 굴, 쭈꾸미, 홍합... ",방방곡곡 봉이유랑단,20260114
https://blog.naver.com/gotssun/224076437572,"수원 인계동 해물칼국수 맛집, <b>백청우칼국수 본점</b>",수원으로 다시 이사를 오고 오랜만에 칼국수가 먹고싶어 방문했습니다. <b>백청우 칼국수 본점</b> 수원시... 인계동 칼국수 맛집 백청우 칼국수는 본점답게 매장 내부가 매우 넓었고요. 깔끔한 편이었어요! 음식... ,ღ어디갓썬ღ,20251115
https://blog.naver.com/30806784/224109239127,[수원 인계] <b>백청우칼국수 본점</b>,"특히나 수원 인계동에 위치한 <b>백청우 칼국수 본점</b>은 맛도 좋고, 내부도 깨끗하고 넓어 자주... 저희부부만의 백청우칼국수 이용방법 _ [해물칼국수1인+해물만두전골1인] 을 주문합니다. 그럼 만두도 먹을 수... ",나기나기,20251214
https://blog.naver.com/msmk4u/224081134962,"<b>버터힐</b> 버티고개역 소금빵맛집 소금빵, 식빵 나오는 날(경수진... ",겉바속촉인데 버터가 과하지 않아서 소금빵치고 담백한 느낌이 나는게 너무 좋았습니다. 제가 지금까지 먹어본 소금빵 중에 제일 맛있어서 가게 이름 '<b>버터힐</b>'이 너무 납득되었던 ㅋㅋㅋ 포카치아와 햄치즈... ,소박한박꼬마,20251119
https://blog.naver.com/yiary/224201676941,버티고개 <b>버터힐</b> 베이커리 소금빵맛집,소금빵맛집 추천 <b>버터힐</b> (BUTERHILL) 베이커리 글 / 사진 ©윤둥지둥 버티고개 <b>버터힐</b> 버티고개 <b>버터힐</b> 소금빵맛집 여러분 안녕하세요 윤둥지둥입니다 용산에는 맛있는 곳이 왜이렇게 많을까요.. 너무 신나는... ,윤둥지둥 라이프,20260303
https://blog.naver.com/14catorce/224087733786,동국대입구역 근처 베이커리 카페 <b>버터힐</b> 키친 소금빵... ,"<b>버터힐</b> 키친 소금빵 결 체크하기. 버터롤이라고 하는데, 아주 촉촉하고, 고소했고, 빵 겉의 소금이 주는 킥으로, 짭쪼름과 함께 고소함을 mix했다. 가격대비 괜찮았나? 내 입맛 기준으로 나쁘지 않았다.... ","나의 일기장, 누군가의 읽기장.",20251130
https://blog.naver.com/from199/223870695468,샌드위치 수프 맛집 그리고 리사르커피 약수 <b>버터힐</b> 소금빵,"친구는 딜버터 잠봉뵈르 샌드위치 시킨거 같고 ㅋㅋ 나는 치킨 치폴레 샌드위치 시킨거 같음 만원... 그리고, 약수 투어 한 김에 근처에 저번에 동대입구에서 가본 <b>버터힐</b> 소금빵집이 약수쪽에도 있어서... ",겸나투어# 일상도 여행이 되는 순간,20250519
https://blog.naver.com/next0390/223857477582,✅<b>버터힐</b> 빵집 – 장충동 소금빵 맛집에서 만난 바삭한 행복... ,"꼭 다시 가고 싶은 빵집, <b>버터힐</b> 키친. #<b>버터힐</b>키친베이커리 #소금빵맛집 #서울소금빵카페 #장충동카페 #DDP베이커리 #크림소금빵 #앙버터소금빵 #소금빵러스크 #베이커리카페추천 #중구빵집 # #빵순이",▶언제나맑음◀,20250507
https://blog.naver.com/ssunpreme/223600790123,[서울 신당동] 소금빵이 맛있는 버티고개역 카페 /<b>버터힐</b>,"신당동에서 소금빵 맛있는 카페로 알려진 <b>버터힐</b>. 일찍 가지 않으면 소금빵을 맛볼 수 없다.... 월화는 빵이 없졍ㅠㅠ 일요일은 밤식빵 먹는 날~ 플레인 소금빵, 초코, 앙버터,샌드위치, 식빵 등 골라먹는... ",보편적인 커밍썬,20240929
https://blog.naver.com/gjskrj/223486411733,동대입구 DDP 베이커리 카페 소금빵 맛집 <b>버터힐</b> 키친,"맛집 <b>버터힐</b> 키친 커피랑 라떼 종류의 음료도 판매하시구요 티 종류도 다양하게 있어요 동네 골목에... 앙버터소금빵, 초코소금빵 같은 메뉴는 금,토,일 만 나와요 개인적인 취향으로 브라운치즈 맛이 꽤 느껴져... ",아쿠아블로그:소소하고도 화려한이야기,20240621
https://blog.naver.com/fleuveblog/224014664483,"장충동 소금빵집 추천사(<b>버터힐</b> 키친, 트웰브 남산)",위는 그냥 한번 찍어본더같은데 쨌든 얘도 구워서 먹어봤는데 <b>버터힐</b>보다 더 버터리하고 맛은 <b>버터힐</b>과 비슷하게 맛있었어요. 장충동에 이런 맛집들이 생겨 좋네요. 여러분들도 장충동가시면 한번... ,새우로얄뉴로얄,20250919
https://blog.naver.com/gogoji2/223475682023,"‘<b>버터힐</b>’ 버티고개역 애견동반 가능한 카페, 멍푸치노도... ","<b>버터힐</b> 매일 10 : 00 21 : 00 라스트 오더 20 : 30 안녕 하세요, 빵지이 입니다. 오늘은 버티고개역에 위치한 카페 '<b>버터힐</b>'을 다녀온 후기 입니다. 여기는 소금빵이 맛있다고 유명해서 예전부터 궁금 했던 곳인데... ",Lucky Happy Enjoy!,20240611
https://blog.naver.com/lilac457/224140637859,[DDP 소금빵 맛집] <b>버터힐</b> 키친_내돈내산(재방문 카페),"가능 <b>버터힐</b> 소금빵은 프랑스 고메버터를 사용해서 담백하고, 고소한 맛이에요! 초코, 앙버터, 크림, 햄치즈 소금빵은 금요일, 토요일, 일요일에만 나옵니다. 소금빵 외에도 포차키아, 밤파이, 러스크 등... ",라일락의 청춘기록♥,20260109
https://blog.naver.com/open_hee_/223969269899,"투어 (올디스타코,섹터커피,헤베커피,서울곰탕,<b>버터힐</b>,케고)","특이하게 물김치(?) 같은 김치를 주시는데, 이게 별미인 것 같기도(?) 근데 넘 짠데 묘하게 국물이랑 잘 어울리고 #<b>버터힐</b> 서울곰탕 앞에 <b>버터힐</b> 매장(<b>버터힐</b>키친)이 하나 있었는데, 밖에서 봤을 때 메뉴가... ",기억의 창고,20250813
https://blog.naver.com/hyekongs/224149023027,"버티고개 소금빵 맛집 추천, <b>버터힐</b> 방문기 &amp; 내돈내산 후기","약수역과 버티고개에 소금빵 맛집으로 유명한 카페가 있어 소개시켜드릴려합니당 ‘<b>버터힐</b>’... 버터동굴 있는 소금빵을 오랜만에 먹었는데요, 겉은 바삭하고 속은 촉촉한 겉바속촉! 버터가 느끼하게 남는 게... ",Daily log,20260116
https://blog.naver.com/kyc0054/223801350776,[#1] 버티고개ㅣ다산성곽길의 숨은 힐링 카페 <b>버터힐</b>,<b>버터힐</b> &quot;다산성곽길의 끝에서 만난 소금빵 맛집 카페&quot; 주소 : 서울 중구 동호로17길 271 1층 운영시간 : 10... 카페 <b>버터힐</b>! 내부는 아담한 편이라 주말 같은 날에 오면 자리가 없을 것 같다는 느낌도 들었다. 찾았던... ,All A-round Player,20250318
https://blog.naver.com/gkdudtjr2/224099746027,버티고개역 디저트 카페 <b>버터힐</b> 포카치아 리뷰,"카페 <b>버터힐</b> 포카치아 리뷰 안녕하세요~ 요즘에 심심할 때 당근을 자주 보고 있는데요~ 최근에는 동대입구, 약수역 버티고개역 주변 카페들이 많이 뜨더라구요~ 그래서 그중에 하나~ <b>버터힐</b>에 다녀왔습니다... ",영혼을 끌어모은 독서,20251205
https://blog.naver.com/bab_rin/224074048524,[버티고개역] 약수역 근처 카페 <b>버터힐</b> Butterhill,"버티고개 카페 <b>버터힐</b> 버티고개 <b>버터힐</b> 카페 외관 약수동 성곽길 따라 걷다 만난 소금빵 맛집  6호선... 그 외에 앙버터, 초코, 크림, 모카번 등 여러 가지 맛이 있고, 에그타르트, 밤파이, 포카치아... ",밥린 한 그릇,20251112
https://blog.naver.com/savemyd4wn/223587674708,[버티고개역 카페] 소금빵이 맛있는 카페 '<b>버터힐</b>' 내돈내산... ,버티고개<b>버터힐</b> #버티고개카페<b>버터힐</b> #<b>버터힐</b>카페 #<b>버터힐</b>카페버티고개 #약수<b>버터힐</b>카페 #중구카페 #소금빵카페 #중구감성카페 #소금빵맛있는카페 #소금빵전문카페 #소금빵 #앙버터소금빵 #소금빵감성카페,ᴛʜᴇʀᴇ ʏᴏᴜ ᴅᴀʀᴇ,20240918
https://blog.naver.com/shim92-/224167732584,중구 장충단로 소금빵 맛집 <b>버터힐</b> 키친,"이렇게 포장해주시더라구요 <b>버터힐</b> 이라는 이름답게 고급진 버터향이 풍성하게 느껴지는 맛입니다. 안에 버터홀 완벽하구요, 바닥은 바삭바삭하고 겉표면도 바삭바삭한데 속은 촉촉한 완벽한 소금빵이었어요!... ",이베리코와 도토리,20260209
https://blog.naver.com/dasomammy/223881581229,버티고개역 디저트 카페 - <b>버터힐</b>,"그래서 남편은 참 좋아라 한 ㅎㅎ 소금빵은 플레인, 앙버터, 햄치즈 3종류 사서 맛봤는데 플레인은... 곁들여 커피를 즐기는 여유를 가져 보시는 것도 좋을듯요^^ #버티고개역카페 #<b>버터힐</b> #소금빵맛집 #내돈내산",다소마미의 오늘요리,20250529
https://blog.naver.com/letsgreatlife/224045284717,[동국대입구역 <b>버터힐</b> 키친] ☕ 소금빵 미친 폭신함 소금빵... ,☀️  해시태그 #<b>버터힐</b>키친 #소금빵맛집 #중구빵집 #서울베이커리 #빵덕후 #브런치카페 #빵스타그램 #커피한잔 #베이커리카페 #버터향폭발 #빵순이 #빵돌이 #감성카페 #서울맛집 #빵맛집추천,"먹상무의 맛집,투자,여행^^",20251018
https://blog.naver.com/hsansls/223925150877,장충동/DDP 소금빵이 맛있는 <b>버터힐</b> 키친,촉촉하고 고소해요. 동대문 근처 소금 빵 맛집 찾으신다면 <b>버터힐</b> 키친 추천~ 이상 sso한 일상이었습니다:) #<b>버터힐</b> #<b>버터힐</b>소금빵 #소금빵맛집 #앙버터소금빵 #동대문빵집 #소금빵포장,sso한 일상,20250707
https://blog.naver.com/rarapapa004/224187743777,"강남 <b>베트남이랑</b> :: 마치 베트남 현지에 와 있는 기분,, 양도... ",계획 중입니다 비행기 안 탄지 너무 오래 되어서 몸이 근질거려요 ㅎㅎ <b>베트남이랑</b>이 맛있는 이유! 베트남 현지 쌀가루를 사용하고 가공된 소스가 아닌 수제 소스를 사용하며 베트남 현지에서 가져오는 면..... ,햅삐해삐HaPPy,20260219
https://blog.naver.com/lhm381/224131228885,강남역 <b>베트남이랑</b> 현지 느낌 나는 쌀국수 맛집,<b>베트남이랑</b> 주소 서울 서초구 서초대로77길 15 대경빌딩 지하 1층 영업시간 11:00-23:00 남편이랑 오랜만에... 입구부터 베트남 현지 분위기 뿜뿜입니다. 베트남 현지에서 전수받아 만든 쌀국수라고 합니다. 내부로... ,맛집 뿌시기,20260102
https://blog.naver.com/jwamazon/223582869246,[먹거리] 서울 강남 / <b>베트남 이랑</b> / 베트남 요리 / 똠얌국수... ,서울 강남쪽에 놀러나갔다가 KFC가려했는데 그 옆에 있던 베트남음식점을 봤어요. 스트리트 푸드... <b>베트남이랑</b> 가게로 들어가는 계단부터가 화려합니다. 계단을 내려가서 문을 열면 정말 야시장느낌의... ,최고로 행복한사람으로...,20240913
https://blog.naver.com/with_moomoo/223996534140,강남 <b>베트남이랑</b> _ 강남 쌀국수 현지 맛집 [서울 강남구 맛집],"정말 베트남 노상 식당같았던 느낌..ㅎㅎㅎ 그 날의 후기를 적는다. 1. 업체정보 : <b>베트남이랑</b> - 주소 : 서울 서초구 서초대로77길 15, 대경빌딩 지하 1층 - 전화번호 : 070-8880-1105 - 영업시간 : 매일 11:00 - 23:00... ",MOOMOO의 DIARY,20250906
https://blog.naver.com/kobukii/223466972153,강남역 <b>베트남이랑</b> 곱창쌀국수 맛집 SNL 정이랑 님 식당,인테리어가 굉장히 눈에 띄는 이곳은 <b>베트남이랑</b>입니다. 정이랑 배우님의 식당으로 유명한데 이랑님은 볼 수 없어서 안타까운.. 베트남 현지 분들을 직원으로 초빙하여 진짜 베트남 한복판에 온듯한 착각이..... ,얌얌집사의 쩝쩝노트,20240603
https://blog.naver.com/dongsoonii/224073222048,"서울 강남역 베트남 음식 전문점, <b>베트남이랑</b>(강남역 점심 맛집)",메뉴도 있으니 해장으로도 추천드리는 <b>베트남이랑</b> 강남역점 ! 다들 쌀국수랑 나시고랭으로 꼭 드셔보십쇼 ~!! #강남역맛집추천 #강남역쌀국수 #강남역점심맛집 #강남역맛집 #강남베트남음식점 #<b>베트남이랑</b>,띵동 (˶• ֊ •˶),20251112
https://blog.naver.com/1c_o1/224072141383,강남역 <b>베트남이랑</b> 현지 느낌 제대로인 쌀국수와 분짜 후기,미분당이랑 고민하다가 선택한 곳 강남역 바로 앞에 있어 접근성도 좋았는데 들어서 마자 느껴지는... 그렇고 맛도 완전 합격 베트남에 간 기분도 들었다 강남에서 쌀국수를 먹고 싶다면 <b>베트남이랑</b> 강추!,유랑하는 소라게,20251111
https://blog.naver.com/eunniyi/224171957529,맛집 홍대 <b>베트남 이랑</b>  24시 맛집 <b>베트남 이랑</b> 홍대점 후기,[ <b>베트남 이랑</b> ] #<b>베트남이랑</b> #쌀국수 #쌀국수맛집 #홍대입구맛집 홍대 AK플라자 오픈런을 기다리며... 홍대 AK 플라자랑 가까워서 오픈런 전에 간단하게 먹어주기 좋은 위치에요 내부는 베트남 식당답게 현지... ,으니의 끄적일상 ੈ✩‧₊˚,20260204
https://blog.naver.com/mosa777/224215162620,"강남역맛집 <b>베트남이랑</b> 강남역맛집 <b>베트남이랑</b>, 현지의 맛을... ","결론적으로, <b>베트남이랑</b>은 베트남 요리를 사랑하는 사람들, 특히 현지의 맛을 경험하고 싶은 사람들에게 적합한 장소입니다. 또한 가성비 좋은 식사를 원하거나, 회식을 계획하는 사람들에게도 잘 어울리는... ",행복한 맛집 탐험,20260315
https://blog.naver.com/hotplace_bank/223842699388,강남역 <b>베트남이랑</b> 내돈내산 강남 맛집,"맛집 <b>베트남이랑</b> 내돈내산 후기였습니다. 오늘도 플링이랑 같이 강남역 속 작은 베트남, 제대로 여행하고 왔네요 :) 쌀국수 한 입, 나시고랭 한 입에 스트레스가 사르르 녹아내렸던 시간! 강남에서 이국적인... ",핫플은행,20250424
https://blog.naver.com/klm5623/223423843558,쌀국수 맛집 <b>베트남이랑</b> / 강남역 <b>베트남이랑</b> 곱창 쌀국수 추천!,강남역 <b>베트남이랑</b> 내부 사진 입니다! 제가 베트남은 다녀오지 못했지만 그냥 미디어로 보는 베트남의 분위기가 느껴졌어요! 다른 후기 찾아보면 베트남 시장 같은 느낌이라고 합니다!! 애매한 점심시간에... ,기면수의 이곳저곳,20240422
https://blog.naver.com/moonlight_idavely/224119189475,곱창 쌀국수가 맛있는 강남역 <b>베트남이랑</b>이 정이랑 님 남편분... ,"<b>베트남이랑</b> 주방 쪽 셀프 코너에는 고수, 고추느억맘, 양파절임, 베트남 차 등이 정갈하게 구비되어... <b>베트남이랑</b> 정이랑:):):) 추운 날씨, 마음까지 따뜻해지는 녹진한 곱창 쌀국수 한 그릇 어떠신가요?... ",일상기록자 ida,20251223
https://blog.naver.com/bbbangblog/224037358739,[<b>베트남이랑</b>] 강남역 <b>베트남이랑</b> — 진한 국물과 숯불향 가득한... ,시스템 <b>베트남이랑</b>은 ‘베트남 현지 스트릿 푸드를 한국에서 즐길 수 있도록’ 현지 셰프에게 직접 비법을 전수받아 운영되고 있는 베트남 음식 전문점이에요 매장에 들어서면 고소하고 향긋한 육수 냄새가... ,"맛있는 음식, 질 좋은 제품 기록",20251011
https://blog.naver.com/iiialll/223829511181,"강남역 <b>베트남이랑</b> 동파육덮밥, 쌀국수, 팟타이 현지의 맛 그대로","대경빌딩의 지하 1층에 위치한 <b>베트남이랑</b> 입구부터 진짜의 느낌이 물씬난다 근데 입장하면,, 더 베트남 같음 일부러 분위기를 조성한건지는 모르지만 매장에 들어서면 습한기운이 살짝 올라온다. 그리고... ",그냥 하는 블로그,20250411
https://blog.naver.com/sooyeon8037/224075477910,"강남 <b>베트남이랑</b> , 강남역 국물요리 추천 늦게까지 영업하는... ",위치한 <b>베트남이랑</b> 베트남 느낌 뿜뿜나는 내부 먼저 자리를 잡고 주문할때 테이블번호를 넣으면... 면이랑 먹었을때도 맞았고 중간중간 씹히는 숙주도 굿 확실히 쌀국수는 고기가 들어가야 제맛인거 같다 빨간... ,뚜이의 발자국,20251114
https://blog.naver.com/apple6842/223903380926,강남역 <b>베트남이랑</b> 방문후기 - 베트남음식점,"가능 <b>베트남이랑</b> 분위기 매장에 들어서면 베트남 거리 한복판에 온 듯한 느낌이 물씬 풍겨요. 벽면에는 야시장 느낌의 네온 간판과 베트남풍 포스터들이 감각적으로 배치되어 있고, 곳곳에 자리한 소품들과... ",jun mom blog,20250618
https://blog.naver.com/cielo_0403/224047134765,서울 강남 <b>베트남이랑</b> 현지 분위기 내돈내산 곱창 쌀국수 분짜... ,"서울 강남에서 방탈출을 하면서 중간에 무엇을 먹을까 고민하다가 <b>베트남이랑</b>을 추천받아 다녀와서... 같아요ㅠ #<b>베트남이랑</b> 서울시 서초구 서초대로77길 15 대경빌딩 지하 1층  2호선, 신분당선 강남역에서... ",사소빵의 하루일기,20251020
https://blog.naver.com/dongspop/224127647579,강남역 <b>베트남이랑</b> 직장인 쌀국수 점심 추천,위에 올라간 반숙 계란을 톡 터뜨려서 비벼 먹으니까 고기 양념이랑 밥이 자연스럽게 섞이면서 정말... 추천드립니다  #강남역맛집 #강남역베트남음식 #<b>베트남이랑</b> #강남쌀국수 #나시고랭맛집 #강남역점심... ,맛집/일상/경제,20251230
https://blog.naver.com/m00s00n/223792028866,[강남 <b>베트남이랑</b>] 강남역 나시고랭 반쎄오 팟타이 '<b>베트남이랑</b>... ,생에 첫 방탈출을 즐기고 들른 #강남역베트남음식 #<b>베트남이랑</b> 내돈내산 후기 입니다... 팟타이도 다른 곳에서 먹던 맛이랑 달라서 싱기...! 맛이 없는 건 아니지만 저희 입맛에 와 진짜 맛있다!!! 는... ,무순이 키우기,20250326
https://blog.naver.com/l_s2_/224094842601,[서울/서초구] <b>베트남이랑</b> 강남역 쌀국수 맛집 추천해요!,동상이몽 방송 보면서 알게 된 부부 정이랑 김형근 부부 편 보셨나요? 너무 스윗하신 남편분 ㅎㅎ 아이들과 베트남에 직접 가셔서 어렵게 알게 된 레시피로 운영하시는 매장입니다! <b>베트남이랑</b> 저장해 놓고... ,◡̈,20251201
https://blog.naver.com/gytjs0714/224246054166,역삼역 찐맛집 <b>보슬보슬 역삼본점</b> 강남역 혼밥맛집 키토 김밥... ,"역삼역 찐맛집, 강남역 혼밥맛집 키토 김밥 떡볶이 추천 <b>보슬보슬 역삼본점</b> <b>보슬보슬 역삼본점</b>... 맛있는 보슬보슬 역삼 인스타 릴스에서도 많이 보고 전부터 유명한 곳이라... 너무너무 방문하고 싶었었는데... ",✔️나의 소소한 hyoblog,20260409
https://blog.naver.com/tsi03133/224237686534,[서울/역삼동] 키토김밥으로... 근처맛집 '<b>보슬보슬 역삼본점</b>',역삼역 강남역 근처맛집이라고 소개하면 딱 좋은 <b>보슬보슬 역삼본점</b>. 강남역 근처맛집 외국인도 많이 찾아오는 이미 검증된 식당인 보슬보슬을 방문해서 다양한 메뉴와 맛있는 분식을 즐겨보자! 작성일자 - 2026.... ,Stories about something,20260402
https://blog.naver.com/dububbling/224262028844,강남역 점심맛집 키토김밥으로 유명한 [<b>보슬보슬 역삼본점</b>],"김밥을 정말 좋아하는 사람으로서 강남역 점심맛집 <b>보슬보슬 역삼본점</b>으로 키토김밥과 여러 가지... (무탄, 보슬보슬, 지강한 식당 운영 중이시다) 내부 인테리어 내부 인테리어는 정말 깔끔하고 테이블... ",보글보글 두부전골,20260423
https://blog.naver.com/duadlswk90/224259936398,역삼동 점심맛집 <b>보슬보슬 역삼본점</b> _ 역삼역 찐맛집... ,"있는데, 보슬보슬은 실제 메뉴 구성이 탄탄해서 더 기대가 됐어요 셀프 코너 구성도 꽤 마음에 들었어요... 식사였어요+_+ #<b>보슬보슬역삼본점</b> #역삼동점심맛집 #강남역점심맛집 #역삼역찐맛집 #강남역근처맛집... ",김찌네 솔직리뷰,20260421
https://blog.naver.com/to_be_better_me/224124276216,강남 역삼동 맛집 <b>보슬보슬 역삼본점</b> 키토김밥 떡볶이 역삼역... ,역삼역 혼밥 맛집 추천드릴게용 <b>보슬보슬 역삼본점</b> 서울 강남구 논현로85길 59 남곡빌딩 1층 매일 08:00 - 21:00 보슬보슬 위치/내부/셀프바 강남 역삼동 맛집 <b>보슬보슬 역삼본점</b>은 역삼역 3번 출구 445m거리에... ,빙글빙글 돌아가는 하루,20251227
https://blog.naver.com/9ansapres/223873444960,[강남 맛집] 역삼역 직장인맛집 ‘<b>보슬보슬 역삼본점</b>... ,내가 정말 좋아하는 강남 역삼역 키토김밥 &amp; 분식 맛집  <b>보슬보슬 역삼본점</b>  작년 보슬보슬 방문 인증샷 - 키토/묵참/묵은지말이 전 회사 근무할 때 종종 방문했던 역삼역 직장인맛집 보슬보슬에서 오랜만에... ,구일상,20250521
https://blog.naver.com/nonelily/224215997117,역삼 맛집 김밥 키토김밥맛집 <b>보슬보슬 역삼본점</b>,여전히 김밥 맛집 보슬보슬 잘 먹었습니다! 주말에 또또간집 <b>보슬보슬 역삼본점</b> 재방문 보슬DAY 돈까스 먹었어요 ~~~!~!~! 역삼 맛집 김밥 <b>보슬보슬 역삼본점</b> 주차안내 근처 오피스텔or빌딩or역삼1동사무소의... ,Our Joyful Young Days,20260314
https://blog.naver.com/hohaho1541/224207900397,[역삼역] <b>보슬보슬 역삼 본점</b> / 역삼동 점심맛집,오늘의 리뷰는 역삼동 맛집 [<b>보슬보슬 역삼 본점</b>] 입니다. (사진 출처: 네이버 플레이스) wow 흑백 요리사 2에 출연하셨다고 하네요! 통편집되었지만  보슬보슬 외에도 다른 식당도 하고 있어 맛집 셰프로 출연!... ,맛도리를 찾아서,20260307
https://blog.naver.com/berry990619/224267919859,강남 역삼동 맛집 키토김밥의 시초 <b>보슬보슬 역삼본점</b>에서... ,<b>보슬보슬 역삼 본점</b>은 역삼역 근처맛집 답게 여러번 방송에 출연도 했더라구요! 그리고 근처에 회사와... 인 역삼역 보슬보슬 본점을 다녀와봤는데 정말 든든하게 한끼를 먹을수 있어 너무 좋았어요! 집 바로... ,여니의 DAILY PICK,20260428
https://blog.naver.com/hoperecipe/224134555741,역삼역 근처맛집  강남역 주변 <b>보슬보슬 역삼본점</b> 키토김밥,역삼역찐맛집 #역삼역근처맛집 #강남역점심맛집 #서울강남역맛집 #강남역혼밥맛집 #강남역근처맛집 #강남역주변맛집 #역삼역저녁맛집 #강남역데이트맛집 #보슬보슬 #<b>보슬보슬역삼본점</b> #역삼보슬보슬,밀라의 맛있는 이야기,20260105
https://blog.naver.com/zoo____moon/224104772399,<b>보슬보슬 역삼본점</b> 키토김밥 역삼역 찐맛집 솔직 후기,같아요 <b>보슬보슬 역삼본점</b>은 내부는 군더더기 없이 깔끔하게 정리돼 있고 주방 쪽에서 계속 계란을 굽고 김밥을 말고 있어서 들어가자마자 고소한 계란 향이 확 느껴지는 타입이에요 보슬보슬 역산본점은... ,기록일지,20251210
https://blog.naver.com/gunna_/224236705564,역삼역 찐맛집 : 강남역 혼밥맛집 '<b>보슬보슬 역삼본점</b>' 키토김밥... ,"<b>보슬보슬 역삼본점</b> @역삼역, 강남역 안녕하세요 요즘 날씨가 따뜻해져서 식단 관리 하시는 분들... 키토 김밥 보슬보슬이라는 이름이 너무 잘 어울리는 보슬보슬 키토김밥 김밥이 거의 제 팔뚝.. 만했는데요!... ",규나로그,20260401
https://blog.naver.com/rit_adagio/223761376368,강남역 역삼역찐맛집 점심... 쌈밥 가성비맛집 <b>보슬보슬 역삼본점</b>,요즘 완전 핫한 보슬보슬에 다녀왔어요. 후기 폭발ㅋ 검색도 많이 되더라고요! 역삼역찐맛집... <b>보슬보슬 역삼본점</b>은 말 그대로 역삼역에서 도보 몇 분 거리라 접근성이 정말 좋아요. 주변 직장인들이 점심이나... ,Rit. Adagio [Garam],20250215
https://blog.naver.com/harriborri/224206488950,강남 역삼동 맛집 <b>보슬보슬 역삼본점</b> 푸짐한 키토김밥 맛집 후기,<b>보슬보슬 역삼본점</b> 강남 역삼동 맛집 <b>보슬보슬 역삼본점</b>. 눈에 띄는 푸짐한 속 재료로 사무실 많은 역삼동 점심 맛집으로 이미 유명한 곳이다. 생방송 투데이에도 2번이나 나온..! 2020년에는 다어어트 키토김밥... ,30대 직장인의 짬내서 놀고 먹는 기록,20260306
https://blog.naver.com/bamgangs/224259193978,"[역삼동 점심맛집] 저탄고지 키토김밥 맛집, <b>보슬보슬 역삼본점</b>",역삼역저녁맛집 #강남역데이트맛집 #보슬보슬 #<b>보슬보슬역삼본점</b> #역삼맛집 #강남맛집 #역삼점심 #역삼혼밥 #키토김밥맛집 #반반쌈밥 #보슬마늘떡볶이 #맛집블로그 #일상블로그 #서이추 #서이추환영 #답방 #협찬,BamDalgangs daily,20260420
https://blog.naver.com/tourmom121/224265074200,"<b>역삼</b>동 점심맛집 <b>보슬보슬</b> 김밥 <b>역삼 본점</b>, 혼밥하기 좋은 <b>역삼</b>... ",마감 #역삼역맛집 #역삼동맛집 #보슬보슬 #<b>보슬보슬역삼본점</b> #역삼키토김밥 #강남키토김밥 #역삼혼밥 #강남다이어트맛집 #역삼점심 #키토김밥맛집 #다이어트김밥 #강남역맛집 #테헤란로맛집 #묵참키토마요... ,유모차 끌고 세계여행,20260425
https://blog.naver.com/like8017/224269794475,"[<b>보슬보슬 역삼본점</b>] 역삼동 점심맛집, 역삼역 찐맛집","오늘은 역삼 직장인 맛집 <b>보슬보슬 역삼본점</b>에 다녀왔습니다! 역삼동 점심맛집, 강남 역삼동 맛집... 진짜 진심으로 보슬보슬은 더 더 잘되어야 합니다 사실 저희 집 근처에도 있었으면 좋겠어요.. 메뉴가 나오기... ",노는게제일조하,20260429
https://blog.naver.com/besthonest/224268584681,강남역 혼밥맛집 역삼동 점심맛집 <b>보슬보슬 역삼본점</b>,지난번 방문때에 워낙 맛있게 먹었던 터라 그 맛이 한 번씩 생각이 나더라구요 :) <b>보슬보슬 역삼본점</b>은 강남역과 역삼역 중간에 위치하여 대중교통 접근성이 무척이나 좋은 곳으로 별도의 브레이크 타임 없이... ,트루스의 참 리뷰,20260429
https://blog.naver.com/kqs00123/224053998491,역삼역 직장인맛집 키토3종떡볶이 <b>보슬보슬 역삼본점</b>,같은 역삼역 직장인맛집 보슬보슬 매장 모습 분위기 조금 늦은 저녁에 갔는데도 고객분들이 정말 많았어요. 건강과 맛을 한 번에 챙긴 맛집 <b>보슬보슬 역삼본점</b>의 인기를 느낄 수 있었습니다. 셀프 바에서는... ,스노우메리,20251026
https://blog.naver.com/myqnamyqna/224189871748,역삼동 점심맛집 비오는날에도 북적이는 <b>보슬보슬 역삼본점</b> 후기,"<b>보슬보슬 역삼본점</b> 역삼동 점심맛집,강남역 근처맛집 며칠전 비가 제법 세게 내리던 날이었어요. 우산을 써도 신발 끝이 조금씩 젖을 만큼 비가 많이 오던 날씨였는데 이런 날은 괜히 따끈한 분식이... ",★ My question & answer,20260307
https://blog.naver.com/alohayang/224270499610,"수원 장안문 맛집, 직접 빚는 <b>보영만두</b> 굳이 <b>북문본점</b> 가야... ",#수원장안문맛집 #<b>보영만두북문본점</b> #수원보영만두 #수원만두맛집 #장안문맛집 #행궁동맛집 #수원노포맛집 #보영만두본점 #수원수제만두 #수원군만두맛집 #수원아이와가볼만한곳,알로하 걸의 맛있는 세상,20260504
https://blog.naver.com/anjoo82/223614206237,수원맛집. 군만두와 쫄면이 맛있는 <b>보영만두 북문본점</b>,웨이팅이 있어도 회전이 빠르고 금방 먹을 수 있고 또 어디든 본점이 제일 맛있잖아요. 근처에 오셨다면 <b>보영만두 북문본점</b> 한번쯤은 가볼만한 곳인 거 같아요. 군만두를 좋아하신다면 만족하실 수 있을 곳... ,"EJ의 똑똑한 소비(여행과 일상, 숫자로 기록하다)",20241010
https://blog.naver.com/310_b/223506469848,수원 <b>보영만두 북문본점</b> 쫄면 군만두 맛집 조합이 최고!,수원 <b>보영만두 북문본점</b> 쫄면 군만두 맛집 조합이 최고! 급으로 수원다녀왔던날이었는데요 행궁동가서... 수원<b>보영만두 북문 본점</b>이더라구요! 수원에는 보영만두가 체인으로 많이 있다던데 본점은 안가보고... ,everyday log★,20240709
https://blog.naver.com/hyeunseo_33/224251919939,수원 행궁동 맛집 <b>보영만두 북문본점</b> 아기랑 후기 김치군만두... ,행궁동분식 #수원김치만두 #수원쫄면맛집 #행궁동먹거리 #수원북문맛집 #화성행궁맛집 #행궁동핫플 #수원노포맛집 #행궁동가성비맛집 #보영만두북문본전주차 #<b>보영만두북문본점</b>주말 #<b>보영만두북문본점</b>아기랑,Beatitudo,20260414
https://blog.naver.com/babyfilly/224275883447,수원 화성 행궁동 맛집 <b>보영만두 북문본점</b> 메뉴 추천,"행궁동 만두 맛집 <b>보영만두 북문 본점</b> ⏰매일 오전 10시~오전 1시 브레이크 타임 ❌ ️주차장 ❌ 031-255... 예정입니다,,,,, 만두 너무 맛있어,,,ꯁ.̮ꯁ 수원 행궁동 가성비 맛집 보영만두 본점  장점: ✔️ 늦은... ",고삐풀린 망아지의 마굿간❤️,20260506
https://blog.naver.com/mmaadotori/224220592282,수원 <b>북문</b> 맛집 <b>보영만두</b> <b>본점</b> 후기｜군<b>만두</b> 쫄면 조합은 역시... ,유명한 만두 맛집 한 곳 들리고 왔어요 :) 바로 <b>보영만두 북문본점</b> 수원에서는 워낙 유명한 곳이라 한 번쯤은 꼭 가보고 싶었던 곳이에요  수원 화성 북문 바로 근처에 있어서 행궁동 구경하다가 들리기 딱 좋은... ,#맛드러집 행복한 루피네집,20260318
https://blog.naver.com/yije_7/224087948648,수원 행궁동 맛집 화성 장안문 앞 <b>보영만두 북문본점</b> 웨이팅 후기,48년 전통의 수원3대맛집으로 불리는 만두집으로 저는 강남에서 종종 방문한 만두집인데요~! 수원이... <b>보영만두 북문본점</b> 위치 장안문 북문 신호등 건너편에 위치한 보영만두본점 입니다. 대로변 간판에는... ,여행러버 이제라이프,20251125
https://blog.naver.com/lsm9785/224056108001,수원 장안문 맛집 <b>보영만두 북문본점</b> 군만두 쫄면 후기,"여기는 만두, 쫄면이 유명하다고 해서 저는 딱 그것만 보고 들어가자마자 주문을 바로 했습니다 #보영만두본점메뉴 5. 내부 수원 장안문 맛집 <b>보영만두 북문본점</b> 내부는 동네에서 흔히 볼 수 있는 분식집 같은... ","집 비우는 집요정, 도비민서",20251028
https://blog.naver.com/asj0707nn/224198729771,수원 화성 행궁동 <b>보영만두 북문본점</b> 내돈내산 후기,유명한 <b>보영만두 북문 본점</b> 후기에요~! 한 5~6년 전인가 인계동인가 수원에 살던 동기언니 만나러... 고기군만두 보영만두 군만두도 10개 나왔어용 매운쫄면 이렇게 시켰고 2명이서 이렇게 드시면 남아요!!!!... ,지니의 기록,20260228
https://blog.naver.com/attiattique/223901280141,수원 가성비 맛집 <b>보영만두 북문본점</b> 쫄면 군만두 굿,&quot; 수원 가성비 맛집 <b>보영만두 북문본점</b> #수원분식맛집 #수원맛집 #수원장안문맛집 #보영쫄면 #<b>보영만두북문본점</b> #수원화성맛집 #수원가볼만한곳 #수원가성비맛집 #수원만두맛집 #보영만두주말웨이팅... ,아티아티크. Attiattique,20250616
https://blog.naver.com/heertz/224274549984,수원) 수원 만두 원조 논란? <b>보영만두 북문 본점</b> 주말 방문 후기,<b>보영만두 북문본점</b> -위치: 경기 수원시 장안구 팔달로 271 보영만두 -운영시간: 매일 10:00 ~ 01:00 (라스트... 보영만두 - 원래 만두집을 운영하시던 사장님이 가게를 이전하여 운영하시는 가게 보용만두 - 가게... ,heertz님의블로그,20260507
https://blog.naver.com/pearl12265/224166629228,맛집/<b>보영만두 북문본점</b>/평일 방문/주차/웨이팅/수원3대만두맛... ,"의하면 보영만두 여러 지점 중 북문본점! 을 가야한다고 해서, 행궁동에 있는 북문본점으로 찾아갔다. <b>보영만두 북문본점</b>은 매장 주차장이 없다. 매장 앞 골목은 불시 주차단속이 이뤄진다고 하니 맘 편히... ",JUST DO IT,20260131
https://blog.naver.com/openeye9408/224270268046,"행궁동맛집 | <b>보영만두 북문본점</b> 주말 방문후기, 내돈내산",여기는 북문본점입니다. 피크시간 피해서 왔는데도 대기.. 보영만두는 바로 들어가서 먹은 적이 없는 거 같아요. 그래도 나름 내부가 널찍해서 회전율 빨라요. 줄 서다 보니 점점 더 길어진 <b>보영만두 북문본점</b>..... ,동슐랭,20260501
https://blog.naver.com/dhddl231/223616064615,"수원화성 장안문 맛집, <b>보영만두 북문본점</b> 주말 웨이팅 후기","#수원 #수원맛집 #장안문맛집 #보영만두 <b>보영만두 북문본점</b> 수원 원조 군만두,쫄면 ✅주소: 경기 수원시 장안구 팔달로 271 보영만두 ✅영업시간: 10:00 ~ 1:00 ✅전화번호: 031-255-1085 ✅주차장: 없음, 주변... ",주말에 뭐하지?,20241012
https://blog.naver.com/sjn1203/223677383976,<b>보영만두 북문본점</b>: 수원 화성 장안문 앞 고기군만두 쫄면 맛집,"위치 <b>보영만두 북문본점</b> 주소는 &quot;경기도 수원시 장안구 팔달로 271 보영만두&quot;입니다. 북문인 장안문... <b>보영만두 북문본점</b> 메뉴 &amp; 가격 보영만두 메뉴는 만두류 고기 찐만두 7,000원 매운 찐만두 7,000원 김치... ","나미의 관심, 사고, 생활",20241129
https://blog.naver.com/lamelancolie/224237177846,수원 장안문 맛집 <b>보영만두 북문본점</b> 군만두 쫄면,"<b>보영만두 북문본점</b> 수원 장안구 장안문 맛집 <b>보영만두 북문본점</b> 군만두, 찐만두, 쫄면 맛집으로 유명한 보영만두는 체인점이 여러군데 있는데 보영만두 본점에 다녀왔어요 보영만두 본점은 수원 장안문 북문... ",우주먼지 유랑단,20260401
https://blog.naver.com/pej8020/224228136974,수원 소울푸드 분식 쫄면과 만두 조합 <b>보영만두 북문 본점</b>,소울푸드 보영만두는 수원 안에서도 여러 곳에 있는데 저는 북문 본점으로 왔어요 <b>보영만두 북문 본점</b>... 메뉴는 만두와 쫄면 메뉴판을 주시면 여기에 주문할 음식을 체크해서 드려요 저희는 안 매운 쫄면... ,노란구슬 저장소,20260324
https://blog.naver.com/pooh0512/223964557741,수원 <b>보영만두 북문본점</b> : 군만두와 쫄면 포장 말고 먹는걸 추천!,"그래서 수원의 명물 보영만두 본점 첫 포스팅! 수원 <b>보영만두 북문본점</b> 메뉴판입니다. 이집은 만두 잘하기로 유명한 집, 여기에 쫄면 맛있기로 유명한 집이죠. KT 위즈와 삼성 라이온즈 야구 경기가 있던 날.... ",시간의마법사,20250809
https://blog.naver.com/road222/223871115443,수원 행궁 맛집 | <b>보영만두 북문본점</b> 내돈내산 | 쫄면과 군만두... ,<b>보영만두 북문본점</b> 쫄면과 군만두가 킥  수원시 장안구 팔달로 271 ️ 10:00-01:00  주차 불가/가장 가까운 공영주차장은 화홍문공영주차장 북수원 보영만두가 본점이고 맛집이라고 구미사는 이마용님이... ,작은부피의즐거움,20250520
https://blog.naver.com/graceyang/224015224001,수원  행궁동 맛집 내돈내산 <b>보영만두 북문 본점</b> 줄서는 곳... ,"수원 행궁동 맛집 내돈내산 <b>보영만두 북문 본점</b> 줄서는 곳 쫄면이 갑 가을에 여행 가기 가장 좋은 동네... 저는 튀김만두보다는 일반 만두를 좋아하는데, 남편은 보영만두 튀김만두가 제일 맛있다고 하더라구요... ",여행에 진심인 블로그,20250922
https://blog.naver.com/jennyjelly_/223955311204,고깃집 강남 한우 맛집 데이트 맛집 내돈내산 <b>봉피양 강남점</b>,이번에 기념일을 맞아 다녀온 <b>봉피양 강남점</b>이 제 인생 한우 맛집이 되었어요!! (참고로 카맵엔 ‘봉피양제주 강남점’이라고 떠요) 강남역 고깃집으로 유명한 곳이니 고급스러운 강남역 데이트 맛집... ,여행하는 제니✈️,20250801
https://blog.naver.com/zzzzhoo/223638589195,"<b>봉피양 강남점</b>｜한우암소생갈비, 한우암소양념갈비... ","번거로우셨을 텐데도, 꼼꼼하게 진공 포장까지 해주셨어요 - <b>봉피양 강남점</b> 8. 맛보기 평양냉면 (10,000원) 봉피양은 또 평양 냉면이 유명하거든요 - 맛보기 냉면 10,000원. 역시나 가격이 높긴 하지만, 안먹으면... ",오늘부터 블로그를 쓰기로 했다.,20241029
https://blog.naver.com/uiui77_/223987693624,강남역 갈비탕 맛집 '<b>봉피양 강남점</b>' 직장인 점심 추천 (메뉴... ,이상 강남역 근처 간단하게 점심먹기 좋았던 <b>봉피양 강남점</b> 이였습니다 다음에는 저녁으로 가봐야겠어요! #강남역맛집 #강남역점심 #강남역갈비탕 #강남역봉피양 #강남역혼밥 #강남역설렁탕... ,최선의 오늘,20250829
https://blog.naver.com/jeongss101/223568956802,[<b>봉피양 강남점</b>] 다른 지점과는 다르게 봉피양 제주라는... ,"저는 이 곳에 방문했을때 <b>봉피양 강남점</b>이 다른 지점과 다르게 왜 봉피양 제주라는 타이틀을 사용하는건지 궁금했는데요. 당일 제주에서 올라오는 제주 생선을 이용한 도미 솥밥, 갈치 뚝배기 등 이 곳에서만... ",SJ's Delicious Travel,20240902
https://blog.naver.com/yulluu/223966724626,[강남역] 평양냉면 맛집 <b>봉피양 강남점</b> 후기(내돈내산),"저는 6월부터 평양냉면 투어를 다니고 있습니다 평냉 추천 Top5는 다음에 작성하도록 하고, 주말에 다녀온 강남 봉피양!! 솔직 리뷰 시작합니다. <b>봉피양 강남점</b> ⏰ 영업시간 11:30 - 22:00 / 20:50 라스트 오더 ( 재료... ",유루루 취미생활,20250811
https://blog.naver.com/lejlej0609/223909553263,"<b>봉피양 강남점</b>에서 한우양념갈비정식, 한우등심정식과 7년... ","고기도 냉면도 된장찌개(는 딱 적당히 맛있는 아는맛이었대요)도 모두 맛있는 곳이었어요! 회식비가 허락하는 한 봉피양 제주, <b>봉피양 강남점</b> 정말 강력 추천드려요!!",냠냠로그,20250624
https://blog.naver.com/jiyoonsabina/223976284541,<b>봉피양 강남점</b> 평양냉면 초보도 먹을 수 있는 맛집 (직장인... ,있는 <b>봉피양 강남점</b>  추천 이유 이제 시작할게요! 강남역 맛집 봉피양  주소: 서울시 서초구... 되는 <b>봉피양 강남점</b>이예요! 또다른 강남역 길건너 평양냉면 맛집 을밀대 강남점 ▼ https://blog.naver.com... ,"J유니의 맛집, 여행 추천 기록",20250827
https://blog.naver.com/zzam29/223766423371,[서울 강남구] 강남역 고기 맛집 <b>봉피양 강남점</b>,<b>봉피양 강남점</b> 내돈내산 들어가기 저의 최애 돼지갈비 맛집 봉피양! 항상 방이점을 방문했었는데 방이동까지 가기 너무 배가 고파서 봉피양 제주 강남점에 다녀왔어요... ,짬짬이,20250219
https://blog.naver.com/protocolz/224005361223,"강남 평양냉면 맛집, <b>봉피양 강남점</b>",강남 인생밥집 인생맛집 자세히 알아보기 ▶▶ #봉피양제주 #강남평양냉면 #강남꽃등심 #강남봉피양 #강남한우 #한우와평양냉면 #벽제갈비맛집 #강남봉피양제주 #<b>봉피양강남점</b> 위즈웰 오븐형... ,Senior Bus,20250912
https://blog.naver.com/jsbae13/223952359832,강남역 야끼니꾸 맛집 <b>봉피양</b> 제주 <b>강남점</b>,"봉피양 제주 강남점 서울 서초구 강남대로 359 208호, 209호, 210호 매일 11:30 ~ 22:00 라스트오더 20:50... 출처 : 네이버 플레이스 <b>봉피양 강남점</b> 오늘은 제대로 먹어보기 위해 다양하게 주문했어요. 강남역 야끼니꾸... ",섭섭이의 일상,20250730
https://blog.naver.com/gleamming/223954746927,"[강남] <b>봉피양 강남점</b> - 평양냉면, 떡갈비, 만두","하나인 <b>봉피양 강남점</b>. 예전부터 평냉 좋아하는 동생한테 여러 번 추천받았던 곳인데, 이번에 직접... 총평 <b>봉피양 강남점</b>은 냉면도 기본 이상은 충분히 해줬고 전체적으로 고급진 분위기 덕분에 가족 모임이나... ",기록과 리뷰 그리고 사실,20250815
https://blog.naver.com/w8nge/224059535432,강남평양냉면_강남역평냉맛집_강남고깃집_<b>봉피양강남점</b>... ,"있는 <b>봉피양 강남점</b>입니다. 영업시간 매일 11:30~22:00 (라스트 오더 20:50) 주차 건물 내 지하주차장 이용 인스타를 넘기다 보면 '서울 유명 평냉집 리스트'를 심심찮게 볼 수 있죠, 리스트에 봉피양도 늘 빠지지... ",imme,20251031
https://blog.naver.com/isop0315/223901883971,강남역 맛집 나들이... <b>봉피양 강남점</b>에서 OB 모임,강남역에서 만난 평양냉면 맛집 한우 숯불양념구이도 좋았어요 ◆ <b>봉피양 강남점</b> 서울 서초구... 평양냉면 전문점인 줄 알았는데 '봉피양 제주'라는 이름에서 느껴 지 듯 벽제갈비의 30여 년 역사와 장인의... ,이솝의 신나는하루,20250617
https://blog.naver.com/brillante_delicious/223940847508,강남역냉면 <b>봉피양 강남점</b> 강남 직장인 점심 평양냉면 비빔냉면,먹기 좋은 평양냉면 강남역 냉면 메뉴 찾으시는 분들께 요기도 알려드려요~ #강남역냉면 #강남역냉면맛집 #강남직장인점심 #강남평양냉면 #강남비빔냉면 #봉피양 #<b>봉피양강남점</b> #강남평냉 #강남역비냉,맛있는 정보를 나누는 블로그 딜리셔스브릴란떼,20250729
https://blog.naver.com/sunijh97/223465896381,"<b>봉피양 강남점</b>&gt; : 소고기, 돼지갈비 둘 다 너무 맛있는 봉피양",회식으로 간 <b>봉피양</b> 돼지갈비 먹고 싶어서 <b>봉피양</b>으로 갔는데 ㅋㅋ 완전 내 맘.. 다 들어주는 팀원들 최고.. 그래도 회식인데 소고기가 안 들어가면 섭하니까 슈퍼 등심으로 시작 직원분들이 알아서 다... ,TMI 저장소,20240601
https://blog.naver.com/shim92-/223518884636,강남역 혼밥 점심 맛집 : <b>봉피양 강남점</b> 한우 양곰탕 후기,"<b>봉피양 강남점</b> 서울 서초구 강남대로 359 208호, 209호, 210호 영업시간 : 11시 30분 ~ 22시 (라스트오더 20시... 봉피양은 고기도 유명하긴 한데, 여기 평양냉면도 참 유명하죠! 장인이 만든 냉면입니다. 콜라보도 많이... ",이베리코와 도토리,20240720
https://blog.naver.com/paratus_duni/223797328344,강남 맛집 <b>봉피양 강남점</b> (한우양념갈비 &amp; 평양냉면),99m <b>봉피양 강남점</b>은 &quot;봉피양 제주&quot;라는 타이틀을 사용하고 있었어요! 제주에서 올라온 신선한... 즐겨보세요! 파이브가이즈 강남점 웨이팅 0분 서울 신라스테이 서초 스탠다드 더블룸 후기,듀니의 여행관찰일지,20250320
https://blog.naver.com/chocobbana/224170726823,<b>봉피양 강남점</b> 구워주는 고깃집 한우 한돈 양념갈비 구이... ,냉면도 먹었는데 사진이 없네 ㅠㅠ 오랜만의 봉피양 즐거웠다 ★내돈내산 여행 투어 최저가 할인쿠폰 클릭 #초코빠나 #해피블로그 #내돈내산 #먹으러다니기 #솔직후기 #음식점 #맛집 #카페 #<b>봉피양</b> #<b>강남점</b>... ,초코빠나 해피 블로그,20260204
https://blog.naver.com/mosa777/224215186439,강남역맛집 <b>봉피양 강남점</b> 돼지갈비와 평양냉면의 조화,"<b>봉피양 강남점</b> <b>봉피양 강남점</b> 최근 강남역 주변에서 맛있는 한식을 찾는 사람들이 많다. 다양한 메뉴와 분위기를 제공하는 곳이 많은데, 그 중에서도 <b>봉피양 강남점</b>은 특별한 매력을 지니고 있다. 이곳은... ",행복한 맛집 탐험,20260315
https://blog.naver.com/ilovecoffeeandcat/223722665959,내돈내산 강남역 5번출구 <b>봉피양 강남점</b>에서 점심 먹고 아쉽던... ,"참 좋아했던 봉피양 ㆍ ㆍ <b>봉피양 강남점</b> 서울 서초구 강남대로 359 2층 강남역 5번출구 앞 '도씨에빛2, 2층' 주차 2시간 무료 매일 오전 11시30오픈~ 저녁10시까지 봉피양이 강남역 앞으로 옮겼어요! 예전에는... ",BOTA's life,20250111
https://blog.naver.com/littlebunnyenglish/224168755543,수원 광교아브뉴프랑 맛집::<b>봉혜자네주방 광교아브뉴프랑점</b>... ,그 외에도 봉혜자네주방에서는 유아 아이들을 위해 밥과 어린이 김도 무료로 제공하고 있어 아이들이... 만족스러웠던 광교아브뉴프랑맛집 <b>봉혜자네주방 광교아브뉴프랑점</b>이에요 #광교한식맛집... ,하나맘의 여행기록,20260202
https://blog.naver.com/polk1233/224236227142,광교 한식 <b>봉혜자네주방 광교아브뉴프랑점</b> 직화낙지,"<b>봉혜자네주방 광교아브뉴프랑점</b> ⏰️ 영업시간 : 매일 11:00~21:00, 라스트오더 20:30 ️ 주차 : 식사 후 광교... 좋은 봉혜자네주방에 다녀왔어요. 특히 광교아브뉴프랑점은 주차 공간도 넉넉해서 방문하기... ",IamD 블로그,20260331
https://blog.naver.com/lkestoringplace/224231999829,[수원 광교]광교중앙역 맛집 '<b>봉혜자네주방 광교아브뉴프랑점</b>... ,"종합하면, “광교 낙지볶음 맛집 <b>봉혜자네주방 광교아브뉴프랑점</b>”은 접근성 + 편의성까지 꽤 완성도 높은 곳이었어요 2. 매장 외부 광교 아브뉴프랑 특유의 깔끔하고 세련된 분위기 속에 위치해 있어서 처음... ",꽁꽁의 저장소,20260328
https://blog.naver.com/witty_withyun/224235422281,[<b>광교아브뉴</b>프랑 맛집] 부모님 모시고 매콤한 쭈꾸미볶음... ,저희 가족은 한식 좋아해서 광교아브뉴프랑맛집 열심히 찾아보고 후기 좋아서 방문해본 봉혜자네 후기 바로 스따-뚜. 미리보기 쨘! <b>봉혜자네주방 광교아브뉴프랑점</b> 경기 수원시 영통구 센트럴타운로 85 광교... ,ღ 꼬꼬마 ISTJ's 웨딩로그 ღ,20260331
https://blog.naver.com/adorable_sol_/224138171462,광교 맛집: <b>봉혜자네주방 광교아브뉴프랑점</b>(광교중앙역 한식... ,오늘은 광교아브뉴프랑에 위치한 낙지볶음 전문점 봉혜자네주방 방문 후기를 남겨보고자 합니다. <b>봉혜자네주방 광교아브뉴프랑점</b> ✔️ 매일 11시 ~ 21시 영업 ⏰ - 20시 30분 라스트 오더 - 브레이크 타임 없음... ,빛나는 나의 하루,20260107
https://blog.naver.com/miffy4012/224101690563,광교낙지맛집 <b>봉혜자네주방 광교아브뉴프랑점</b>,광교낙지맛집 아브뉴프랑점 봉혜자네주방 수원시 영통구 센트럴타운로 85 광교 롯데마트 지상 1층 광장... 직화 불향 가득한 낙지요리 광교낙지맛집을 찾고 계신다면 <b>봉혜자네주방 광교 아브뉴프랑점</b>을 꼭... ,더.프.홈(더 프라이빗 홈파티),20251208
https://blog.naver.com/lleyell721/224271613829,<b>봉혜자네주방 광교아브뉴프랑점</b> 남돈남먹 후기,꾹로그입니다~ 오랜만에 평일 점심에 직장 동료들과 시간이 맞아 약속을 잡고 광교에 있는 낙지&amp;쭈꾸미 맛집인 <b>봉혜자네주방 광교아브뉴프랑점</b>에 다녀왔어요. <b>봉혜자네주방 광교아브뉴프랑점</b> *주소: 수원시... ,일상 속 평범한 이야기,20260501
https://blog.naver.com/bestsunsoo/223853548472,"맛있게 매운 통낙지볶음, <b>봉혜자네주방 광교 아브뉴프랑점</b>",<b>봉혜자네주방 광교 아브뉴프랑점</b>에서 매콤한 낙지볶음과 수육으로 입맛이 돌아오면 좋겠습니다. #수원맛집#광교맛집#봉혜자네주방#광교아브뉴프랑맛집#수원낚지볶음맛집#광교낙지볶음맛집#내돈내산... ,여행을 사랑하고 글을 씁니다. 김선수(지유작가),20250502
https://blog.naver.com/qooqoo15/224166836065,<b>광교 아브뉴</b>프랑 맛집 아기랑 가기 좋은 <b>봉혜자네주방</b>... ,"0507-1314-4332 광교 아브뉴프랑 맛집 <b>봉혜자네주방 광교아브뉴프랑점</b>은 아브뉴프랑 1층 커피빈 맞은편, 아트박스 바로 옆에 있어 찾기 쉬워요 광교중앙역 3번 출구로 나오면 바로 찾으 실 수 있어서 대중교통을... ",라봉이와 함께하는 소소한 일상♡,20260131
https://blog.naver.com/hyenah02/224112310888,광교맛집 낙지 쭈꾸미 맛집 <b>봉혜자네 주방 광교아브뉴프랑점</b> 추천,<b>봉혜자네 주방 광교아브뉴프랑점</b> 경기도 수원시 영통구 센트럴타운로 85 광교 롯데마트 지상 1층 광장... 맛집추천 #광교아브뉴프랑맛집 #봉혜자네주방광교 #직화낙지볶음맛집 #광교보쌈맛집 #수원광교맛집... ,밤톨맘2026,20251216
https://blog.naver.com/jimin_dhahrsnsdl/223841292033,<b>봉혜자네주방 광교아브뉴프랑점</b> Ι 신규오픈한 한식 맛집,광교중앙역과 가까운 광교아브뉴프랑에서 새로 오픈한 한식 맛집인 봉혜자네주방 추천드려여! 저는... &lt; <b>봉혜자네주방 광교아브뉴프랑점</b> 매장 광교중앙역 3번출구 도보 5분거리 매장도 요로코롬... ,오목눈이 블로그,20250421
https://blog.naver.com/1004fjqmthsu/224173722940,"수원 광교 맛집 추천, <b>봉혜자네주방 광교아브뉴프랑점</b>",맛있다고 주변에 추천받아서 점심 먹으러 온 <b>봉혜자네주방 광교아브뉴프랑점</b> 점심시간에 아브뉴프랑에 사람 너무 많아서 미리 예약하고 왔다 아니나 다를까 웨이팅 있었음 4명이라 3인세트 주문하고 밥추가하고... ,"하고 싶은 말,",20260206
https://blog.naver.com/dustnr0829/224123690372,광교 한식 맛집 찾는다면? <b>봉혜자네주방 광교아브뉴프랑점</b>... ,추천드리는 <b>봉혜자네주방 광교아브뉴프랑점</b> 에 다녀왔답니다 ! 직화 요리를 좋아하시는 분들이라면 만족도 높을 곳이라 자신 있게 추천해요 봉혜자네주방 광교 아브뉴프랑 안에 위치 해있어서 접근성도 정말... ,ENTP 은서블리,20251226
https://blog.naver.com/kiwi_1__/224247061073,[광교맛집] <b>봉혜자네주방 광교아브뉴프랑점</b>~.~,있는데 <b>광교아브뉴</b>프랑에 있는 식당 중에서는 제일 찾기 쉽고 눈에 띄었어요 이대로만 찾아가면 가게가 보여요 ㅇ.&lt; 커피빈보다도 <b>봉혜자네주방</b> 식당이 더 잘 보이더라구요 가게 대표 메뉴처럼 보였던... ,kiwi_1__님의 블로그,20260409
https://blog.naver.com/tmfrld161/224124788158,광교아브뉴프랑맛집 <b>봉혜자네주방 광교아브뉴프랑점</b>,광교는 양식이나 카페 브런치 맛집은 많은데 정갈한 한식을 즐길 수 있는곳은 생각보다 많지 않더라고요 광교아브뉴프랑맛집 봉혜자네 주방 정보  <b>봉혜자네주방 광교아브뉴프랑점</b> 주소 : 경기 수원시 영통구... ,이것저것 리뷰블로그,20251227
https://blog.naver.com/dal_kom_/224122226812,[경기/<b>광교</b>] 아이와 함께 가기 좋은 한식 맛집 <b>봉혜자네주방</b>... ,광교 아브뉴프랑 한식 맛집 <b>봉혜자네주방 광교 아브뉴프랑점</b>은 광교 아브뉴프랑 1층에 위치해 있어요 크리스마스 분위기 나는 아브뉴프랑 아트박스 옆에 위치해 있어요 1층 광장에서 눈에 잘 보이는 곳에 있어서... ,달콤달콤한날:-),20251225
https://blog.naver.com/daynight30/223912008247,"'<b>봉혜자네주방 광교아브뉴프랑점</b>' 통낙지, 쭈꾸미 맛집 추천","오늘은 <b>광교 아브뉴</b>프랑에 새로 오픈한 낙지·주꾸미 맛집, <b>봉혜자네 주방</b>을 소개해 드리겠습니다. <b>광교 아브뉴</b>프랑 주차장이 넓고, 매장에서 주차 등록 시 무료 주차 가능합니다. 매일 오전 11시 ~ 오후 9시... ",새벽낮밤's 맛뷰로그,20250626
https://blog.naver.com/favrary/224087820621,"광교 회식 <b>봉혜자네주방 광교아브뉴프랑점</b>, 직화낙지볶음으로... ",<b>봉혜자네주방 광교아브뉴프랑점</b> 광교 회식 ｜ 광교 한식당  경기 수원 영통구 센트럴타운로 85 광교아브뉴프랑 1층 ⏰ 매일 11:00-21:00  브레이크타임 월-목 15:00-16:30 ️ 아브뉴프랑 광교 주차장 이용 지난 평일... ,세아카이브,20251125
https://blog.naver.com/miinnjuu/224195107962,수원 <b>광교 아브뉴</b>프랑 직화쭈꾸미볶음 맛집 ‘<b>봉혜자네주방</b>... ,안녕하세요~ 오늘의 내돈내산후기는 광교아브뉴프랑에 위치한 ‘봉혜자네주방 광교아프뉴프랑점’... 분들 수원에서 맛있는 곳을 못찾았다면 <b>봉혜자네 주방 광교아브뉴프랑점</b> 너무너무 추천드립니다!!,ᴍɪɴᴊᴜ ᴡᴏʀʟᴅ,20260225
https://blog.naver.com/zely89/224133800968,"광교 한식 맛집 추천, <b>봉혜자네주방 광교아브뉴프랑점</b> 솔직... ","봉혜자네주방 외부와 위치 광교 아브뉴프랑을 자주 가는 분이라면 한 번쯤 지나쳤을 법한 매장이에요. <b>봉혜자네주방 광교아브뉴프랑점</b>은 지상 1층에 위치해 있어서 접근성이 좋고, 외부에서부터 직관적으로... ",밍젤킹젤 HAPPY재테크 체험LIFE,20260104
https://blog.naver.com/solartic1004/224196223842,메뉴 주문 (미리 네이버 예약 추천) : <b>부엉이산장 강남점</b>,결혼 축하해!!! 부엉이산장을 영상에 담아봤습니다. 참고해 주세요~~!! <b>부엉이산장 강남점</b> 주소: 서울 강남구 테헤란로1길 28-11 1층 ☎️ 연락처: 0507-1312-9901 ⏰️ 영업시간: 매일 16:00 ~ 다음날 01:30 (라스트오더 00:30),솔라의 다락방,20260226
https://blog.naver.com/jennie_2/224274051042,"강남역술집 , 강남술집 , 신메뉴출시 <b>부엉이산장강남점</b>",한국에 돌아와서 너무 한식이 먹고싶어서 가게된~ <b>부엉이 산장 강남점</b> 서울페이 사용가능하다. 나는 부엉이산장은 처음왔다. 근데 진짜 산장 느낌의 인테리어가. 눈길을 사로잡았다. 단체석? 한식주점이라.... ,생에 감사해,20260504
https://blog.naver.com/smilly07/223610681962,강남역밥집 강남역점심 <b>부엉이산장 강남점</b>,바로 <b>부엉이산장 강남점</b>이다. 강남역에서 멀지 않고 위치도 좋아 그런지 밤이 되면 사람으로 북적이는 대표 술집이다. 그런 부엉이산장에서 점심 영업을 하더라. 이제는 강남 밥집으로 자리를 잡을 예정이다.... ,맛따라 멋따라 딴따라,20241007
https://blog.naver.com/ban__di/224240064924,강남역술집 안주 존맛 + 막걸리 | <b>부엉이산장강남점</b>,안주가 맛있어서 벌써 내돈내산으로 세 번 넘게 방문한 꾸준히 핫한 강남역술집 <b>부엉이산장강남점</b> 에... 곳 부엉이산장 막 입소문 타기 시작했을 때는 웨이팅 엄청 심해서 다른데서 1차 하면서 웨이팅걸어놓은거... ,●ㅅ●이렇게 살고 있어,20260403
https://blog.naver.com/gimmongsi/223911070628,비가오면 생각나는 감성술집 <b>부엉이산장 강남점</b>,위치 부엉이산장이 강남점도 있고 강남지오다노점도 있습니다. 저는 강남역 11번출구에서 가까운... 비오는날 막걸리에 전이 생각나신다면 <b>부엉이산장 강남점</b> 추천합니다. #<b>부엉이산장강남점</b> #강남술집... ,몽시의세상나들이,20250625
https://blog.naver.com/writingsman/223452737452,[논현&amp;강남/요리주점집] <b>부엉이산장 강남점</b>,강남역 쪽에서 맛난 안주들로 술자리 즐기고 싶다면 <b>부엉이산장 강남점</b> 추천 #추억팔이 #강남맛집 #강남역맛집 부엉이산장 #부엉이산장강남 #강남부엉이산장 #<b>부엉이산장강남점</b> #논현맛집 #논현역맛집... ,글쟁이 회사원의 일상다반사,20240520
https://blog.naver.com/minsanity-/223732797066,막걸리가 땡기는 날 산장에서 푸파! <b>부엉이산장 강남점</b>... ,대학교 동문들과 모임이 있어서 부엉이산정 강남점에 만나기로 했습니다. 강남점과 지오다노점 2군데... #<b>부엉이산장강남점</b> #부엉이산장 #강남술집 #분위기좋은술집 #한식술집 #강남맛집 #술집추천 #치즈감자채전... ,갓생 서약서,20250121
https://blog.naver.com/dorami7/223719335852,안주가 맛있는 강남역술집 <b>부엉이산장강남점</b> 수상한그녀 세트... ,세미 룸처럼 분리된 공간도 있어서 모임하기도 좋은 강남술집 <b>부엉이산장 강남점</b> 가게 중간에 있는 파티션에는 부엉이산장에서 판매중인 전통주들이 진열되어 있었다. <b>부엉이산장 강남점</b> 메뉴와 음식... ,DAILYLOG,20250108
https://blog.naver.com/rlamsl0610/223841862520,"<b>부엉이산장 강남점</b>, 강남역 술집 가성비 안주 맛집","바닐라 아이스크림에 아래에는 바삭한 쌀과자 같은 게 깔려있고 위에 약과도 얹어 나왔어요 헤비한 음식 먹다 보면 아이스크림 땡기는데 부엉이 산장에서는 다 먹을 수 있었어요  <b>부엉이산장 강남점</b>, 강남역... ",♥YoloHee Daily♥,20250421
https://blog.naver.com/happy_2023-/223997456976,안주가 미쳤는데 분위기도 좋은 ‘<b>부엉이산장 강남점</b>’ 방문 후기,"서울 강남 ‘<b>부엉이산장 강남점</b>’ 위치 / 서울특별시 강남구 테헤란로 1길 28-11 영업시간 / 11:30~01:20... ㅎㅎㅎ 초계국수로 마무리까지 잘했습니당 술마시러 갔다가 식사하고 와버린 부엉이산장,.ㅋㅋㅋㅋㅋ 아... ",happy_2023,20250906
https://blog.naver.com/yhd2613/223711609337,강남역술집 <b>부엉이산장 강남점</b>! 산장의 아늑함과 전통감성이... ,<b>부엉이산장 강남점</b>은 가게 내부도 엄청 넓고 테이블 간 간격도 멀어서 쾌적하게 즐길 수 있다. 강남술집 중에서 아주 넓은 편! 부엉이산장 메뉴! 런치세트 정보 포함~ 인테리어에서 산장의 아늑함을 느꼈다면... ,도르,20250101
https://blog.naver.com/sena-_-/224026258645,"강남역 술집, 곱도리탕 맛집 낮술하기 좋은 <b>부엉이산장 강남점</b>",ㅎㅎ 안주 맛집 완전 추천~ㅎㅎ #강남맛집 #강남역맛집 #강남낮술 #강남역술집 #강남낮술 #강남역술집 #강남술집 #부엉이산장 #<b>부엉이산장강남점</b> #강남역술집추천 #강남역낮술 #강남낮술 #강남역반주... ,세나의 소소한 일상,20250929
https://blog.naver.com/sorryklmao/223691488353,강남 술집 강남 한식주점 안주 맛집 <b>부엉이산장 강남점</b> 메뉴... ,추천 <b>부엉이산장 강남점</b> © 글 사진 느루 안녕하세요 느루입니다. 프사오 성수에서 부엉이산장에서 회식을 했는데요! 사람수도 많다보니 이것저것 많이 시켰는데 안주들 모두 맛있고 술도 맛있어서... ,느루의 뚜벅이 여행로그,20241212
https://blog.naver.com/dlstk98/224276308748,강남술집 [<b>부엉이산장강남점</b>] 매운 안주 좋아하면 꼭 먹어야 할... ,안녕하세요♪(´▽｀) 강남술집 찾다가 가끔 술 마시러 가는 부엉이산장에 이번에 신메뉴가 출시했다고 합니다! 무슨 메뉴인지 궁금하시죠~? 강남술집 <b>부엉이산장강남점</b> ✅주차불가 ✅단체이용가능... ,인이의 먹부림,20260506
https://blog.naver.com/cherrychae_/224067581433,강남역술집 <b>부엉이산장강남점</b> 신메뉴 바지락볶음 고구마김치전... ,강남역술집 부엉이산장 신메뉴 바지락볶음 고구마김치전 복막사 솔직후기 국물이 유명한것으로... 매장 자체가 굉장히 넓어서 단체회식으로 갈만한 술집을 찾는다면 <b>부엉이산장 강남점</b> 추천! 가격 및... ,체리채의 소소한 취미생활 :),20251107
https://blog.naver.com/xlo_ah/223747077078,분위기 좋은 강남역 술집 추천 <b>부엉이산장 강남점</b>,"강남역 술집 <b>부엉이산장 강남점</b>의 곱도리탕은 부엉이산장의 특제소스가 들어가 매콤하며 닭도리탕에 곱창이 한 가득 들어간 메뉴에요. 닭은 순살로 먹기 편하고, 곱창도 크게 많이 들어있어요. 함께 방문한... ",또또의 일기장,20250204
https://blog.naver.com/togethersbhy/223866134728,[<b>부엉이산장 강남점</b>] 분위기 좋은 강남역 데이트 술집찾고 있다면,맛도 좋은 핫플레이스 <b>부엉이산장 강남점</b> 추천드립니다  #강남맛집 #강남역맛집 #강남역술집 #강남술집 #강남역핫플 #강남술집 #부엉이산장닭발 #강남역닭발 #강남역핫한술집 #강남술집추천 #<b>부엉이산장강남점</b>,함께하는 하루,20250515
https://blog.naver.com/hhhhhv_z/224048628381,안주가 맛있는 분위기 좋은 술집 <b>부엉이산장 강남점</b>,#<b>부엉이산장</b> 서울 강남구 테헤란로1길 28-11 1층 영업시간 오전 11:30~01:30 00:30 라스트오더 연락처 0507-1312... 유명한 <b>부엉이</b>포차 <b>강남점</b>이 야외테이블을 깔아준다고 해서 방문해봤어요 제가 사는 지역인 평택에도... ,ෆHHHHHV_Z‘s DIARYෆ,20251021
https://blog.naver.com/sinyeaz/224099043528,"강남 술집 , 비주얼 끝판왕 육사시미&amp;육회 조합 <b>부엉이산장강남점</b>",강남 부엉이산장 서울 강남구 테헤란로 1길 28-11 1층 ⏰ 매일 11:30-01:30 (00:30 라스트 오더) : 0507-1312-9901 강남역 11번 출구 도보 3분 7시:30분 쯤 방문했는데 이미 만석 ..! 두둥 <b>부엉이산장강남점</b> 네이버로... ,띠네의 낭만적인 맛집일기,20251205
https://blog.naver.com/withtyche_/224066631103,"강남역술집 <b>부엉이산장강남점</b>, 신메뉴와 청모!","1층 <b>부엉이산장강남점</b> 바로 강남 한복판이라 접근성도 너무 좋아요. 강남에 부엉이산장이 두곳이나... 저는 이번에 강남점으로 방문했는데, 분위기가 정말 좋더라구요☺️ 요즘 술집들 보면 애매하게 ‘힙’한... ",with tyche,20251106
https://blog.naver.com/h_sory/224203042321,강남 수제버거 맛집 <b>브루클린더버거조인트 역삼점</b> 후기,#브루클린더버거조인트 #<b>브루클린더버거조인트역삼점</b> #역삼맛집 #역삼역맛집 #강남맛집 #강남수제버거맛집 #강남버거맛집 #수제버거맛집 #프리미엄버거 #미국감성맛집 #햄버거맛집 #역삼점심 #강남점심맛집... ,솔솔한 일상로그,20260303
https://blog.naver.com/rim2day/223976809755,[강남 역삼 점심 추천] <b>브루클린더버거조인트 역삼점</b> 수제버거... ,"수제버거 맛집으로 추천드려봅니다. 평일은 늦은 저녁까지 이용 가능하고, 주말은 조금 더 이른 마감이니 참고하시길 바라요! <b>브루클린더버거조인트 역삼점</b> 서울 강남구 테헤란로8길 13 1층 월 ~ 금 11:00... ",림2블로그,20250820
https://blog.naver.com/juinjungsin/223636342731,미국식 수제버거를 느껴보자! <b>브루클린더버거조인트 역삼점</b>,대기라 역삼점에 평일 점심으로 방문합니다 셋트 메뉴보다 단품과 트리오를 추천합니다 왜냐?! 비주얼... 브루클린웍스 #<b>브루클린더버거조인트역삼점</b> #브루클린더버거조인트잠실 #햄버거맛집,실행과 꾸준함이 답이다,20241028
https://blog.naver.com/thanatos2k/224224102079,<b>브루클린더버거조인트 역삼점</b> 후기 : 램버거 의외로 괜찮다!?... ,<b>브루클린더버거조인트 역삼점</b>(네이버플레이스) “<b>브루클린더버거조인트 역삼점</b>에서 기본메뉴가... 램버거추천입니다 브루클린버거더조인트 역삼점의 다른 메뉴 후기는 아래에서 더 보실 수 있습니다.,술기로운 쳐묵생활,20260321
https://blog.naver.com/137pjy/224256028547,강남 최고 수제<b>버거</b> 맛집 더<b>브루클린</b><b>버거조인트 역삼점</b>,다양한 곳에서 더<b>브루클린</b><b>버거조인트</b>가 보이면 방문하다보니 <b>역삼점</b> 외에도 분당정자점 판교점... 저희 아빠도 <b>버거</b>를 엄청 좋아하시는데 제가 <b>브루클린 더 버거 조인트</b>가 젤 맛있더라~ 이야기 하니까 너도... ,젼Log✈️,20260417
https://blog.naver.com/widelywisely/223644218089,"하, 진짜 맛은 있음!!! <b>브루클린 더 버거 조인트 역삼점</b>",요즘 <b>버거</b>는 절대 패스트 푸드가 아니라서 <b>버거</b> 조리 시간에 꽤 오래 걸리기 때문에 회전율이 높지도 않다. <b>브루클린 더 버거조인트</b> 메뉴판 좋은 점은 패티 무게를 정할 수 있다는 점. 난 패티가 두꺼운게 싫기... ,"Widely, Wisely.",20241102
https://blog.naver.com/smileeho/224060457669,[역삼강남역] 수제버거 맛집 <b>브루클린더버거조인트 역삼점</b>... ,"<b>브루클린더버거조인트 역삼점</b>은 #강남역, #역삼역 사이에 위치하였는데 강남역에서 오시는게 더 가까워... 브루클린버거.. 기대되네요. <b>브루클린더버거조인트 역삼점</b> 메뉴 자리에 앉으면 메뉴판이 있는데, 모든... ",smileeho,20251031
https://blog.naver.com/kayue/224266999741,"<b>브루클린 더 버거 조인트 역삼점</b> 후기, 육즙 터지는 수제버거에... ","짜게 먹는 사람은 더 뿌리면 되고, 담백하게 먹고 싶으면 그대로 먹어도 되니까 훨씬 편했다. 그리고... #브루클린더버거조인트 #브루클린역삼점 #<b>브루클린더버거조인트역삼점</b> #역삼수제버거 #강남수제버거... ",신야의 놀이터,20260427
https://blog.naver.com/s486mylove/223640927944,강남 수제버거 맛집 <b>브루클린더버거조인트 역삼점</b> 내돈내산... ,수제버거 브루클린더버거조인트 솔직후기 남겨볼께요! <b>브루클린더버거조인트 역삼점</b> 위치 서울시... 다음 방문은 회식으로 방문하겠습니다!!ㅋㅋ 이상으로 브루클린더버조인트 역삼점 솔직후기 마칠께요^^,지바리네블로그,20241031
https://blog.naver.com/hyeonsoongworld/223814507144,"강남: 미국식 수제버거 맛집, <b>브루클린더버거 조인트 역삼점</b>","수제버거 맛집, <b>브루클린더버거 조인트 역삼점</b> 아메리칸 치즈, 베이컨, 양상추, 양파, 토마토, 피클, 홈메이드 소스가 들어간 브루클린 웍스의 단면이당 색깔이 다양해서 그런지 단면이 제일 알록달록 예뻤음... ",여기는 숭이세상,20250330
https://blog.naver.com/satrt2598/223939729346,강남 맛집 <b>브루클린더버거조인트 역삼점</b> 간단솔직후기,수제버거 먹으러 <b>브루클린더버거조인트 역삼점</b> 다녀왔습니다!❤️ 서울에 올라온 만큼 유명한데서... 초록색 인테리어로 편안한 느낌이 드는곳이었음 버거는 칼로자르는것보다 손으로 먹는게 더 맛있다니... ,기억하고 싶은 순간들,20250719
https://blog.naver.com/858000/224061397906,<b>브루클린더버거조인트 역삼점</b> 강남역 수제버거 맛집,오늘은 제가 자주 가는 버거집 소개할게요 <b>브루클린더버거조인트 역삼점</b>입니다! 요즘 이런 느낌... 한번 더 찍었어요 역삼점이지만 강남역에서 더 가깝다는점 참고하세요! 개인적으로 처음 가시면 2~6시... ,쿼카의 행복한 일상,20251101
https://blog.naver.com/hanna99/224203002356,[강남] <b>브루클린 더버거 조인트 역삼점</b>,"'브루클린 더버거 조인트'의 시그니처 메뉴는 '브루클린 웍스'인데, 저는 140g 세트에 1/2 프렌치... #<b>브루클린더버거조인트역삼점</b> #룡룡버거하우스 #브루클린웍스 #디럭스스택세트 #찬란한너의계절에 #채종협",데레크,20260303
https://blog.naver.com/sungbumv/223831622839,역삼역 버거 맛집 '<b>브루클린더버거조인트 역삼점</b>' 솔직 후기,JOINT <b>브루클린더버거 조인트 역삼점</b>입니다. 의외로 서울 내 지점이 많았었어요. 깔끔한 외관과... 계시다면 '역삼역 더 버거조인트 역삼점'에서 치즈버거들의 향연을 한번 느껴보시는 것을 추천드립니다 : ),일상 생활 모음.zip,20250413
https://blog.naver.com/302kitty/223619053416,"맛집] 미국 스타일 버거 맛집, <b>브루클린 더 버거 조인트 역삼점</b>",<b>브루클린 더 버거 조인트 역삼점</b> 강남 맛집 강남역에 브루클린버거가 생겼다는 얘기를 듣고 달려갔습니다. 위치는 강남역과 역삼역 사이인데 강남역에 좀 더 가까워요. 근데 지점명은 역삼점이네요ㅎㅎ... ,키득키득,20241014
https://blog.naver.com/thesweeeet/223837607063,<b>브루클린더버거조인트 역삼점</b> 수제버거 맛집,브루클린더버거조인트'에 오랜만에 방문했다.  역삼 수제버거 맛집  <b>브루클린더버거조인트 역삼점</b>... ** 브루클린 더 버거 조인트 메뉴 ** 더 치즈 버거 / 브루클린 웍스 / 치즈 스커트 프라이즈 / 어니언링... ,So Sweet | 달콤한 인생,20250417
https://blog.naver.com/thanatos2k/223931071090,[<b>브루클린더버거조인트 역삼점</b>] 강남역 근처 수제버거 맛집,<b>브루클린더버거조인트 역삼점</b>(네이버 플레이스) 강남역 근처 수제버거 맛집 <b>브루클린더버거조인트 역삼점</b> 역삼점은 생긴지 얼마되지 않았는데 브루클린버거의 인지도 때문인지 오픈초부터 평일점심은 늘... ,술기로운 쳐묵생활,20250712
https://blog.naver.com/jsk0520/224130810220,"스시산원반주헌, 쓰리오브컵스, <b>브루클린더버거조인트 역삼점</b>",본 <b>브루클린더버거조인트 역삼점</b> jmt 고기육즙 미쳤고 진쨔 맛있던데요?! 갑분집밥 연말 손님 맞이하면서 우리집 요리사가 솜씨 발휘해 봄 pollo con creama pulpo a la gallega 리코타치즈샐러드 문어 도랐음 문어... ,스크라이프,20260101
https://blog.naver.com/hhhjin4/223760957853,<b>브루클린더버거조인트 역삼점</b> : 역삼 수제버거 맛집 내돈내산,"질긴 부분없이 맛있는데 향도 좋고, 도톰함! 다음에 부자되면 또 가야지. #역삼점심 #역삼수제버거 #역삼버거맛집 #브루클린더버거조인트 #<b>브루클린더버거조인트역삼점</b> #치즈스커트 #브루클린웍스",해진 블로그 -`♡´-,20250214
https://blog.naver.com/zealot16/223664545569,[<b>브루클린더버거조인트 역삼점</b>] 강남 햄버거 수제 버거 맛집... ,"오더 #<b>브루클린더버거조인트역삼점</b> #강남맛집 #강남수제버거맛집 #역삼맛집 #역삼수제버거맛집... 4명이서 왔기에 고민하다가 브루클린 웍스 2개와 버르게리타 모두 140그램, 그리고 램버거를 주문했습니다.... ",햄톨이의 여행,20241118
https://blog.naver.com/joosta_/224263955100,[강남/역삼] <b>블리스라운드 역삼점</b>에서 즐기는 베이커리카페... ,그래서 이번에는 역삼 쪽을 지나가다가 <b>블리스라운드 역삼점</b>을 알게 됐어요.  오래 사랑받아온... 있다면 <b>블리스라운드 역삼점</b>처럼 디저트와 여유를 함께 즐길 수 있는 공간에서 잠깐의 휴식을 가져보셔도 좋을... ,주스타의 일상 기록,20260424
https://blog.naver.com/travelspoon33/224261772206,[서울] <b>블리스라운드 역삼점</b>_역삼 카페,#블리스라운드 #<b>블리스라운드역삼점</b> #역삼역카페 #역삼역베이커리 #역삼카페추천 #강남베이커리카페 #역삼디저트맛집 #역삼샐러드 #역삼다이어트 #역삼분위기카페 #테이블스 #강남카페투어 #빵지순례... ,여행한스푼,20260422
https://blog.naver.com/tkdzmaaldald/224240872322,역삼역 베이커리카페 <b>블리스라운드 역삼점</b> 쇼콜라바게트... ,<b>블리스라운드 역삼점</b> 역삼역 베이커리카페 쇼콜라바게트 깜빠뉴 추천후기  위치: 서울 강남구 역삼동... 베이커리카페 블리스라운드에 다녀왔어요 외관에서부터 분위기 있는 대형 베이커리카페라는게... ,횸의 일상기록,20260404
https://blog.naver.com/totosieun/224182843962,역삼 베이커리카페 추천｜<b>블리스라운드 역삼점</b> 샌드위치... ,"음료 종류도 굉장히 많았어요 대형베이커리 빵 카페 답게 <b>블리스라운드 역삼점</b>에서는 사랑하는 사람에게 선물할 만한 상품도 판매중이랍니다. 특히, 블리스라운드 만의 로고가 새겨진 고급스러운 패키지가... ",totosieun❤️,20260213
https://blog.naver.com/hana_dul_/224198923010,강남 베이커리 카페 <b>블리스라운드 역삼점</b> | 디저트 선물... ,역삼역 근처에 위치한 <b>블리스라운드 역삼점</b>에 다녀왔다 =33 역삼역 4번 출구에서 가장 가까움 위치... 두바이 열풍은 어디까지일지 블리스라운드에는 두바이쫀득쿠키와 두바이소금빵이 있었다 엄청난... ,Hama66,20260228
https://blog.naver.com/ujur0905/224203281221,카페 찾으세요? 작업하기 좋은 <b>블리스라운드 역삼점</b> 후기,"ㅎ 제가 최근에 바로 역삼역 근처에서 그런 카페를 찾았는데요, 바로 <b>블리스라운드 역삼점</b>입니다. 여긴... 그런데 블리스라운드는 일단 천고가 높고 공간이 널찍해서 숨통이 확 트이는 기분이었어요 테이블 수도... ",Yujeongful Story,20260304
https://blog.naver.com/good_queen/224248169762,[역삼역 카페] 강남구 베이커리 대형 카페 <b>블리스라운드 역삼점</b>,ㅎㅎ #블리스라운드 #블리스라운드역삼 #블리스라운드쿠키 #블리스라운드샌드위치 #블리스라운드강남 #<b>블리스라운드역삼점</b> #블리스라운드가격 #역삼역맛집 #역삼카페 #역삼역카페 #역삼블리스라운드... ,이것저것 내맘대루,20260410
https://blog.naver.com/wlduddl4782/224257769254,역삼역 근처 베이커리 카페 <b>블리스라운드 역삼점</b> 버터떡 솔직... ,"매일 08:00~21:00 항목 내용 매장명 <b>블리스라운드 역삼점</b> * 블리스라운드 &quot;역삼 본점&quot;도 있지만, 저는 4번 출구 인근 <b>블리스라운드</b> &quot;<b>역삼점</b>&quot;에 갔습니다. 위치 강남구 테헤란로 25길 7 특징 베이커리 + 카페 복합... ",핫플찾는 먹순이,20260419
https://blog.naver.com/abcsk0319/224158456834,[서울 역삼역 카페] <b>블리스라운드 역삼점</b> - 역삼 두쫀쿠... ,"역삼카페:) 역삼점을 시작으로 잠실 롯데캐슬플라자점, 타임빌라스 수원점까지! 매장을 확장하며... 메뉴예요 #블리스라운드 #<b>블리스라운드역삼점</b> #역삼역카페 #역삼역대형카페 #역삼두쫀쿠... ",건빵이네,20260124
https://blog.naver.com/noino0819/224187833443,"소금빵이 가득한 베이커리카페, <b>블리스라운드 역삼점</b> 후기","블리스라운드 역삼 진짜 빵 많구 넘 예쁨! 안녕하세요! 오늘은 역삼역 인근에서 오랫동안 사랑받아온 베이커리카페이자 디저트 성지, <b>블리스라운드 역삼점</b>에 다녀온 후기를 들려드릴게요. 최근에 역삼역 4번... ",NOINO의 일상리뷰,20260219
https://blog.naver.com/shhfmn7/224218338330,역삼역 빵집 <b>블리스라운드 역삼점</b> 대형베이커리 카페 미팅... ,"⭕역삼 대형 베이커리 카페⭕ 블리스라운드 &quot;미팅장소 단체 모임 직장인 점심 추천&quot;  글,사진 by Henna 헤나 이곳은 강남 역삼역 빵집 빵 나오는 시간에 맞춰가야 하는 빵 맛집 <b>블리스라운드 역삼점</b>이다. 역삼역... ",지구별여행자,20260316
https://blog.naver.com/naivehea/224178035542,<b>블리스라운드 역삼점</b> 베이커리카페 역삼맛집 소금빵 치아바타... ,찾는다면 <b>블리스라운드 역삼점</b> 추천하고 싶어요. 다음엔 친구랑 와서 여러 개 나눠 먹어볼 생각이에요. #블리스라운드 #역삼카페 #역삼맛집 #베이커리카페 #소금빵맛집 #치아바타맛집 #강남카페 #강남디저트,취미부자의 일상 맛집 blog,20260210
https://blog.naver.com/didtndus99/224242855406,소금빵 치아바타 맛집 역삼 카페 <b>블리스라운드 역삼점</b>,"소금빵, 치아바타맛집으로 유명한 역삼 베이커리 카페 <b>블리스라운드 역삼점</b> 블리스라운드 블리스라운드역삼 블리스라운드 라는 베이커리카페를 알게된 후 빵을 먹어보고 너무 맛있어서 재방문했습니다... ",Lucete,20260406
https://blog.naver.com/the_dailycrumbs/224276821054,카페 기록 - <b>블리스라운드 역삼점</b>,오늘 가본 곳은 <b>블리스라운드 역삼점</b> 역삼역 4번 출구에서 거의 5분컷? 가깝도 대로변에 있어서 바로 보여서 찾기도 좋다. 테라스 좌석도 이용가능해서 좌석은 많은 편! 구움과자들 어떻게 파는지 궁금했는데... ,조금단조금짠.,20260506
https://blog.naver.com/raooo2/224259727566,<b>블리스라운드 역삼점</b> 서울 강남 베이커리 추천,이름 : <b>블리스라운드 역삼점</b> 도로명 주소 : 테헤란로25길 7 창성재단빌딩 1층 영업시간 : 매일 08:00 ~ 21... 2015년 오픈 하여 오랜 시간 사랑 받고있는 프리미엄 베이커리 카페 블리스라운드는 2015년 역삼점을... ,맛집 길잡이,20260421
https://blog.naver.com/pink1969/224211379327,"강남베이커리카페_<b>블리스라운드 역삼점</b>, 파리크라상 강남역점",#blissround #<b>블리스라운드역삼점</b> #pariscriossant #파리크라상강남역점 2월에 갑자기 가게 된 역삼역에서 잠시 쉬었다 간 베이커리 카페 <b>블리스라운드 역삼점</b>입니다. <b>블리스라운드 역삼점</b> 입구 마침 최근에 오픈을 한... ,Hannah's blog,20260310
https://blog.naver.com/dpsk9102/224256817328,늦은시간 들르기 좋은 베이커리 카페 : <b>블리스라운드 역삼점</b>,근데 블리스라운드는 찐이였음 <b>블리스라운드 역삼점</b> 방문하시는 모든분들은 꼭 버터떡을 함께 구매하시길 바라요 .. 생딸기로 만든 케이크도 있구요 ~ 맛도 좋은데 비주얼도 좋아서 더 먹고싶네요 당연히... ,na_blog,20260418
https://blog.naver.com/zero_hyeni/224260100971,느끼는 테라스의 여유 베이커리 카페 '<b>블리스라운드 역삼점</b>',"방문한 블리스라운드 (같은 역삼동에 역삼 본점이 있고 여기는 역삼점인데 역이랑 조금 더 가까워요.)... <b>블리스라운드 역삼점</b> 당근라페 샌드위치 \9,500,닭가슴살 샌드위치 \8,500 속 재료가 듬뿍이라 한 끼 식사... ",HyeniPick,20260421
https://blog.naver.com/world-traveler_/224170127243,역삼역 베이커리카페 추천｜<b>블리스라운드 역삼점</b>... ,역삼역 베이커리카페 추천｜<b>블리스라운드 역삼점</b> 두바이쫀득쿠키·명란소금빵 후기 역삼맛집... 2015년부터 이어진 프리미엄 베이커리카페 블리스라운드는 2015년 역삼점을 시작으로 잠실롯데캐슬플라자점... ,랜선_세계여행,20260203
https://blog.naver.com/yyyyr-/224189131527,[강남]역삼 베이커리 맛집 대형 카페 추천 <b>블리스라운드 역삼점</b>,"빵 종류도 다양하고 공간도 넉넉해서 브런치,간식,수다 타임 모두 만족스러우실거에요 #강남카페 #역삼카페 #역삼베이커리 #강남베이커리맛집 #블리스라운드 #<b>블리스라운드역삼점</b> #역삼맛집 #강남맛집... ",Daylog네닝,20260220
https://blog.naver.com/breadtextre/224191913283,"샌드위치 ,치아바타 맛집 <b>비밀베이커리 광교아브뉴프랑점</b> 후기","광교 아브뉴프랑 갈 때마다 늘 궁금했던 곳, 바로 <b>비밀베이커리 광교아브뉴프랑점</b> 후기 여기 유명하다는 얘기는 정말 많이 들었는데, 막상 타이밍이 안 맞아서 못 가보다가 이번에 드디어 다녀왔어요. 꺄악... ",아드런마의 일상기록,20260222
https://blog.naver.com/heertz/224266781333,좋았던 광교 샌드위치 맛집 [<b>비밀베이커리 광교아브뉴프랑점</b>],"제가 이른 시간에 방문했음에도 인기가 많은 비밀베이커리아브뉴프랑점이라 그런지, 곳곳이... 실제로 <b>비밀 베이커리 광교아브뉴프랑점</b>은 수원 월드컵 경기장에서 멀지 않아요! 안에 내용물이 빈틈없이 가득... ",heertz님의블로그,20260427
https://blog.naver.com/littlebunnyenglish/224270331310,<b>비밀베이커리 광교아브뉴프랑점</b>,<b>비밀베이커리 광교아브뉴프랑점</b> <b>비밀베이커리 광교아브뉴프랑점</b>은 cb22호에 위치하고 있어요 아브뉴프... 언제나 방문할 때마다 기분 좋은 광교빵집 비밀베이커리에서 식사 후기였습니당 #광교빵집... ,하나맘의 여행기록,20260430
https://blog.naver.com/road222/224175385389,광교 샌드위치 맛집 | <b>비밀베이커리 광교아브뉴프랑점</b>... ,광교 샌드위치 맛집 <b>비밀베이커리 광교아브뉴프랑점</b>  수원시 영통구 센트럴타운로 85 광교아브뉴프랑... 밸런스 대박 좋고 할라피뇨가 킥이다 ️ 특히 비밀베이커리의 치아바타는 기공과 쫠깃함이 장난 아닌데... ,작은부피의즐거움,20260207
https://blog.naver.com/zzuzzubaya/224186552591,<b>광교</b> 샌드위치 맛집 소스 비결이 알고 싶은 <b>비밀베이커리</b>... ,광교 샌드위치 맛집 <b>비밀베이커리 광교아브뉴프랑점</b> 주소: 경기 수원시 영통구 센트럴타운로 85 cb22호 비밀베이커리(수누리감자탕 라인) 신분당선 광교중앙역 3번 출구에서 41m |영업정보| 매일: 08:00 - 21:00... ,행복한라이프,20260217
https://blog.naver.com/ksalt7/224066929704,광교 아브뉴프랑 맛집 <b>비밀베이커리 광교아브뉴프랑점</b>,"기분이었어요~ 광교 아브뉴프랑 베이커리 비밀 카페 앞으로 종종 애용하게 될 듯 합니다!! <b>비밀베이커리 광교아브뉴프랑점</b> 경기 수원시 영통구 센트럴타운로 85 (광교C1 호반베르디움, Summit Place광교)... ",타피루즈의 맛있는 여행과 일상,20251106
https://blog.naver.com/lovelys0727/224267010063,광교 빵집 추천 [<b>비밀베이커리 광교아브뉴프랑점</b>] 샌드위... ,"그렇다면, 제가 하나 추천해드리죠 광교 빵집 [<b>비밀베이커리 광교아브뉴프랑점</b>] !!! 광교 아브뉴프랑에... 추천해요 #비밀베이커리 #비밀베이커리광교 #광교카페 #광교빵집 #광교샌드위치맛집 #광교치아바타맛집",@by_yellie| 옐리옐리옐리셩 옐리리라라's Vlog,20260427
https://blog.naver.com/hyeriness_/224260320732,[수원] 광교 샌드위치 맛집 : <b>비밀베이커리</b> _ <b>광교아브뉴프랑점</b>,위치: 경기 수원시 영통구 센트럴타운로 85 cb22호 <b>비밀베이커리</b>(수누리감자탕 라인)  0507-1420-7004  운영시간 매일 08:00 - 21:00  주차 가능(무료)  <b>아브뉴</b>프랑 <b>광교</b>점 지하주차장 이용 (최대 4시간)  남/녀 화장실... ,April showers bring forth May flowers,20260421
https://blog.naver.com/gyoon814/224181880425,광교 가성비 샌드위치 빵집 <b>비밀베이커리 광교아브뉴프랑점</b>... ,광교분들 가볍게 식사하러 가시면 좋을 거 같아요 ㅎ.ㅎ 이상으로 <b>비밀베이커리 광교아브뉴프랑점</b> 솔직한 내돈내산 후기였습니다 :) #비밀베이커리 #<b>비밀베이커리광교아브뉴프랑점</b> #광교아브뉴프랑맛집... ,먼지에 물주기,20260212
https://blog.naver.com/mjmutti/224249940044,"<b>광교</b> 중앙역 잠봉뵈르, 루꼴라... <b>비밀 베이커리</b> <b>아브뉴프랑점</b>... ",영업시간 매일 08:00 - 21:00 (아침 일찍 문을 열어 굿모닝 브런치로 딱!) 주차 팁 <b>아브뉴</b>프랑 주차장 이용 가능 (D25구역 추천) 총평 <b>광교</b>에서 제대로 된 하드 계열 빵과 샌드위치를 찾으신다면 <b>비밀 베이커리</b>는... ,안젤리카의 리빙하우스,20260412
https://blog.naver.com/ryunhui3729/224025079298,[광교 빵 맛집 추천] <b>비밀베이커리 광교아브뉴프랑점</b> BE.... ,"식탁보 깔고 빵 먹으려고 입고온거지 응응 오늘도 빵순이는 행복했다 ,,ԾㅂԾ,, #영통빵맛집 #광교빵맛집 #광교맛집 #비밀베이커리 #<b>비밀베이커리광교아브뉴프랑점</b> #광교센트럴타운맛집 #빵맛집 #베이커리맛집... ",ryunhui,20250928
https://blog.naver.com/boks-life/224048747058,<b>광교</b> <b>베이커리</b>맛집 건강한 샌드위치 건강한 빵 BE MEAL BAKERY... ,"10월 한달 아메리키노 할인 이벤트까지 <b>비밀베이커리 광교아브뉴</b>프랑 생생후기 들려드릴게요. 영업시간 월~일 08:00 - 21:00 전화번호 0507-1420-7004 편의 단체 이용 가능, 포장, 배달, 예약, 무선 인터넷 <b>아브뉴</b>프랑에... ",bok's life,20251021
https://blog.naver.com/hi_jiyoning/224173847625,광교 치아바타 맛집 <b>비밀베이커리 광교아브뉴프랑점</b>,빵순이인만큼 광교에서 치아바타나 샌드위치 맛집은 <b>비밀베이커리 광교아브뉴프랑점</b>이 짱이지 않나 싶어요 원래 비밀베이커리는 2014년 이화여대 골목에서 건강한 한끼로 시작 된 빵집인데요 제가 느끼는... ,"안녕, 지요닝",20260206
https://blog.naver.com/suun6/224173301136,<b>광교</b> 신상 카페 <b>비밀베이커리</b> <b>아브뉴프랑점</b>,조만간 브런치 먹으로 한번 방문해야겠다 싶음!!<b>아브뉴</b>프랑서 가성비 좋은 카페라 아주 맘에 듦 ㅋ #<b>광교</b>카페 #<b>광교아브뉴</b>프랑카페 #<b>비밀베이커리</b> #<b>비밀베이커리</b>주차시간 #<b>비밀베이커리광교아브뉴</b>푸랑점,un6님의 블로그,20260205
https://blog.naver.com/littlebunnyenglish/224175323486,광교 샌드위치 맛집 추천 :: <b>비밀베이커리 광교아브뉴프랑점</b>... ,"시작한 비밀베이커리는 좋은 재료를 정직하게 사용하여 \간식이 아닌, 든든한 한끼를 채울 수 있는... 다음에 광교아브뉴프랑에 방문한다면 꼬옥 다시 방뭉하고 싶은 <b>비밀 베이커리 광교아브뉴프랑점</b>이었어... ",하나맘의 여행기록,20260207
https://blog.naver.com/jigu831/224161438970,<b>비밀베이커리 광교아브뉴프랑점</b> 잠봉뵈르 샌드위치 후기,내부도 편안한 느낌이라 다음에 생각나면 또 갈 것 같습니다ㅎㅎ <b>비밀베이커리 광교아브뉴프랑점</b> 추천드릴게요! #비밀베이커리 #<b>비밀베이커리광교아브뉴프랑점</b> #광교카페 #광교잠봉뵈르 #잠봉뵈르샌드위치,기록행,20260127
https://blog.naver.com/jiwon140416/224173113454,광교 베이커리 카페 <b>비밀베이커리 광교아브뉴프랑점</b>,"MEAL BAKERY 광교 아브뉴프랑에 있어요 말차라떼, 파니니~~ 비밀베이커리는 셰프들이 모여서 만든 브랜드에요~ <b>비밀베이커리 광교아브뉴프랑점</b>은 다양한 빵과 샌드위치를 즐길 수 있는 베이커리... ",志洹님의 블로그,20260205
https://blog.naver.com/ynsu0514/224055016826,샌드위치 맛집 I 이원일 셰프의 <b>비밀 베이커리 광교 아브뉴프랑점</b>,오늘은 <b>비밀베이커리 광교 아브뉴프랑점</b> 포스팅을 해보겠습니다 ···( ღ'ᴗ'ღ )  경기도 수원시... 샌드위치 너무 맛있어서 나중에 치아바타도 먹어보러 와야지 싶었다는 ···ㅎㅎ 광교 비밀베이커리에서... ,융로그,20251027
https://blog.naver.com/yooniverse_41/224118513347,[수원 광교 카페] <b>비밀베이커리 광교아브뉴프랑점</b>/오픈이벤트... ,"<b>비밀베이커리 광교아브뉴프랑점</b> ⏰ 영업시간: 08:00-21:00 ️ 주차: 광교아브뉴프랑 지하 주차장 이용... 수비드치킨샐러드 8,500원 비밀샌드위치 6,500원 올리브치아바타 (비건) 3,500원 루꼴라샌드위치 7,300원... ",✨Yooniverse✨,20251222
https://blog.naver.com/rmh5013/224193300820,<b>광교</b> 샌드위치 맛집 <b>비밀베이커리 광교아브뉴</b>프랑 빵집 위치 주차,"라면 비밀베이커리 광교아브뉴프랑 들러보세요. 아메리카노가 단돈 1500원! <b>비밀베이커리 광교아브뉴프랑점</b>은 오픈 기념 이벤트도 진행하고 있었어요. 아메리카노 가격이 단돈 1,500원 이벤트 때문인지 매장에... ",블루맘의 일상,20260223
https://blog.naver.com/minstar818/224173200637,강남역 데이트하기 좋은 와인바 <b>비욘더 강남</b> 라이브 공연과 함께,"일요일 저녁, 친구와 함께 강남역 근처에 있는 <b>비욘더 강남</b>에 다녀왔다. 이곳의 가장 큰 특징은 식사를 하면서 바로 눈앞에서 라이브 공연을 즐길 수 있다는 점이다. 실력 있는 아티스트들의 라이브 공연과... ",기억보다 기록,20260205
https://blog.naver.com/be_ok-/223784841408,강남역 실내 데이트 맛집 <b>비욘더강남</b> 와인바 라이브공연 서울... ,먹고 싶은 음식과 음료를 주문하면 무료로 즐길 수 있는 라이브공연을 볼 수 있는 서울 강남역 <b>비욘더강남</b>으로 떠나볼까요? 강남역 실내 데이트 맛집 <b>비욘더강남</b> Beyonder Gangnam 영업시간 (일요일 휴무) 점심(월... ,"오늘도, 지구 여행",20250305
https://blog.naver.com/bae_cchuu/224127739299,[강남 맛집] 분위기 좋은 와인바 '<b>비욘더 강남</b>' 내돈내산... ,와인바 '<b>비욘더 강남</b>'은 강남역 4번 출구에서 도보 5분 거리에 위치해 있어요! 지하에 위치해있지만 입구 쪽에 메뉴판이 깔끔하게 세워져 있어서 처음 방문해다 찾기 어렵지 않았어요! 주차도 무료주차가... ,배츄의 하루(◕‿◕✿),20251230
https://blog.naver.com/soccer_girl/223981007576,"[강남] 강남역파스타 데이트, 라이브 공연 있는 <b>비욘더강남</b>",있다 비욘더에서 공연하는 아티스들의 포스터! 다 예쁘고 멋져&lt;3 안으로 들어가니 오늘 공연 라인업이... 예약 필수 메모✍️ 강남역파스타 맛집 <b>비욘더강남</b>은 내부 분위기마저 취향저격 층고 높은 실내 안에... ,: 인생에서 오늘은 하루 뿐(Seize the day)!,20250823
https://blog.naver.com/gajidang25/224050432412,강남역 <b>비욘더 강남</b>에서 이색적인 데이트한 후기,<b>비욘더강남</b> 강남역 데이트 1.위치 강남역에서 도보로 5분정도 걸리는 위치에 있어 걸어가는데 큰... 오빠랑 나는 식사를 하면서 공연을 관람하러 간거라 비욘더 시그니처 오일파스타와 살치살 스테이크와... ,결혼과 신혼집 준비 | 가지堂,20251022
https://blog.naver.com/beautyforfuture/224144576762,강남역 소개팅 스테이크 와인... 라이브 공연 봤던 <b>비욘더 강남</b>,네이버 예약 하고 강남역 스테이크 맛집 꼭 오시면 좋을 것 같아요. <b>비욘더 강남</b> 메뉴 비욘더 시그니쳐 오일 파스타 파프리카를 <b>비욘더 강남</b>만의 방식으로 조리해 특별한 맛이 나는 시그니처 오일 파스타 21... ,beautyforfuture (뷰포피),20260113
https://blog.naver.com/han_boo/224234654855,강남역소개팅 데이트코스 `<b>비욘더 강남</b>` 라이브 공연 다이닝바,"공연 보면서 파스타에 와인까지, 강남역 라이브 공연 뮤직 다이닝바 '<b>비욘더 강남</b>'  강남역소개팅, 데이트코스 1순위로 소문난 곳이라길래 직접 확인하러 가봤음! 이번 포스팅에서는 '<b>비욘더강남</b>' 위치... ",조슐랭가이드,20260330
https://blog.naver.com/kitty1won/224259049494,요리와 공연을 즐길 수 있는 이색적인 강남역와인바 '<b>비욘더 강남</b>',이색적인 강남역와인바 '<b>비욘더 강남</b>' / <b>비욘더 강남</b> /  위치 서울특별시 강남구 역삼로7길 5 지하층  가까운 지하철역 강남역 4번 출구에서 도보 6분 ⏰ 영업시간 평일 11:00 - 24:00 (브레이크 타임 14:00 - 17:00... ,OUR LOVE IS GREAT,20260420
https://blog.naver.com/kickic1/224016590151,강남역 기념일 레스토랑 추천 <b>비욘더 강남</b> 에서 공연과 즐기는... ,강남역 기념일 레스토랑 <b>비욘더 강남</b> 외관 강남역 기념일맛집 <b>비욘더 강남</b>의 외관은 평범한 편이에요. 매장 밖에는 공연시간을 알리는 게시판도 있어요. 여기서부터 평범한 레스토랑이 아니라는 힌트가... ,조댕의 잡다구리한 박스,20250921
https://blog.naver.com/ss0ny0/224246737705,강남역 소개팅 맛집 와인바 with 라이브 공연 :: <b>비욘더 강남</b>,"메뉴 &quot;비욘더 XO 그린홍합 파스타&quot;랑 음료 제로콜라, 에이드까지 야무지게 시켰음! 다 먹고 나서... 보면서 얘기하면 되니깐 아이스브레이킹하기 딱 좋은 레스토랑, 와인바! 강남역 소개팅 장소로 <b>비욘더 강남</b> 추천","SSONYOLOG,",20260409
https://blog.naver.com/happyummy/224162775682,강남 와인바 술집 · 라이브공연 <b>비욘더 강남</b>,"글, 사진 ⓒhappyummy <b>비욘더 강남</b> - 강남 분위기 좋은 라이브 공연 와인바 - 11:00 ~ 24:00 - 브레이크 타임 14... ✅ <b>비욘더 강남</b> 메뉴 메뉴 종류가 그리 많지는 않았어요. 비욘더 시그니처 떡볶이 요새는 양식들... ",ㅎr고 싶은거 ㄷr할ㄹH,20260129
https://blog.naver.com/leesiya49/224193343846,[강남역 맛집] 오감을 사로잡는 라이브 공연 <b>비욘더 강남</b> 솔직... ,"메뉴 리뷰 비욘더 시그니처 오일 파스타 (22,000원) 비주얼부터 압도적인 시그니처 메뉴입니다. 신선한... #<b>비욘더강남</b> #강남라이브바 #강남역맛집 #역삼동맛집 #강남이색데이트 #강남라이브공연 #뮤직다이닝바... ",이씨야 공간탐구,20260224
https://blog.naver.com/ohio246/224090243856,[강남] <b>비욘더 강남</b> :: 강남역 이색데이트 라이브공연과... ,"상태여서 비욘더 시그니처 오일파스타와 몽키숄더 하이볼 주문! 비욘더 시그니처 오일 파스타 (21,000)... 강남 #<b>비욘더강남</b> #강남역파스타 #강남역술집 #강남역소개팅 #강남소개팅 #강남역와인바... ",백지에서 깜지까지,20251128
https://blog.naver.com/cherrychae_/224158096068,강남소개팅 라이브공연을 볼 수 있는 맛집 <b>비욘더강남</b>,"강남소개팅 라이브공연을 볼 수 있는 맛집 <b>비욘더강남</b> 강남소개팅 장소를 찾는다면 라이브 공연을... 파니니&gt;&gt; 비욘더 시그니처 오일 파스타 \22,000 크림 소고기 만조 파스타 \23,000 구운토마토파스타 with... ",체리채의 소소한 취미생활 :),20260124
https://blog.naver.com/daily_life_diary/224214440595,[강남역술집] 라이브 공연 볼 수 있는 와인바 <b>비욘더강남</b>,강남역와인바 <b>비욘더강남</b> 강남역술집 <b>비욘더강남</b>에서 저녁먹으면서 공연 보고 왔어요! 강남역 4번출구에서 도보 7분거리에 위치해있는데요~ 아티스트 공연이 있는 라이브 와인바랍니다~ 분위기가 좋아서... ,함께 떠나는 여행,20260312
https://blog.naver.com/wwon08/224183898649,<b>강남</b> 맛집 | 분위기 좋은 라이브바 <b>강남</b>파스타 맛집 '<b>비욘더</b>',강남소개팅 맛집으로 좋은 느좋 감성 라이브바 <b>비욘더 강남</b> ◾위치: 서울 강남구 역삼로7길 5 지하층... 바로 라이브 공연을 함께 해주는 강남술집 비욘더 체험단으로 간 거긴 한데 진짜 너무 좋았어서 담에... ,지휴네 휴지,20260214
https://blog.naver.com/ekdns5033/224173506638,강남역 와인바｜라이브 공연이 있는 안주 맛집 <b>비욘더 강남</b>,"첫번째로 나온 메뉴는 비욘더 시그니처 오일 파스타입니다. 시그니처 메뉴라길래 기대했었는데...기대... 음식도 잘하고 노래도 잘하는 능력자분들만 계시는 강남역 와인바 <b>비욘더 강남</b>ㅎㅎ 힙합, 발라드, 팝송... ",지극히 주관적인 블로그,20260206
https://blog.naver.com/akdnsxlds/224237190673,강남역 소개팅 <b>비욘더강남</b> 분위기 공연시간 주차 메뉴,"곳을 다녀봤지만, 공연과 식사를 함께 즐길 수 있는 이런 공간은 드물다고 본다 #강남역소개팅식당 #강남역소개팅 #<b>비욘더강남</b>공연시간 #<b>비욘더강남</b>메뉴 #강남비욘더주차 #<b>비욘더강남</b> #강남소개팅장소추천",세린의 돈되는 재테크 노트,20260401
https://blog.naver.com/rosastudylove/224100697023,강남역와인바 감미로운 공연과... 있는 '<b>비욘더 강남</b>' 주차정보... ,ㅎㅎㅎ #강남역파스타 #강남역술집 #강남역소개팅 #강남소개팅 #강남역와인바 <b>비욘더 강남</b> 월-금 11:00 - 24:00 14:00 - 17:00 브레이크타임 23:30 라스트오더 토-일 17:00 - 24:00 23:30 라스트오더 TEL. 0507-1488-8866 무선... ,인삐의 뀨뀨삐삐 블로꾸우~,20251207
https://blog.naver.com/u_ulla/224046631399,"[<b>강남</b>] <b>비욘더</b> : 점심엔 맛있는 런치, 저녁엔 분위기있는... ","저 설탕 토마토 크림 브륄레 이게 제일 내 취향저격인 디저트 같아서 먹어보고싶긴 했는데 이것도 시켜버릴껄ㅋㅋㅋ 비욘더 시그니처 오일 파스타 21,000원 파프리카를 <b>비욘더 강남</b>만의 방식으로 조리한... ",…  Jin'slog*,20251019
https://blog.naver.com/havanero/224057082127,성수 서울숲 맛집 <b>샌드위치 히어로</b> 포장 피크닉 후기,서울숲에 샌드위치 맛집 정착을 못하고 있었는데 앞으로 <b>샌드위치 히어로</b>에 갈 것 같다! 이 후기는 해당 음식점을 방문한 특정 시점에 느낀 개인의 주관적 느낌을 작성하였으며 일반적 평가는 아님.,토마스의 블로그,20251028
https://blog.naver.com/evh9721/223853859205,강남 혼밥 역삼역 샌드위치 <b>샌드위치히어로</b> 3가지 메뉴 후기,"오늘은 강남 역삼역 혼밥 장소로 딱 좋은 신상 역삼 샌드위치 맛집 <b>샌드위치히어로</b> 방문 후기! 주문... 켈리클럽그릴드치킨히어로세트 (16,900원) 치폴레그릴드치킨 18cm (10,500원) + 소스추가(무료) 우리는 세트를... ","예비신부 알짜노트 : 웨딩,뷰티,맛집 기록",20250503
https://blog.naver.com/904dam/223863024122,[강남/역삼] 역삼 맛집 및 다이어터 점심 추천 '<b>샌드위치히어로</b>',"&lt;3 치킨 히어로 세트 (16,000원) 레귤러 사이즈로 2개로 주문했다. 레귤러는 약 약18cm, 자이언트는 약... 푸짐하고 든든한 샌드위치 드시고 싶은 분께 강남 역삼 <b>샌드위치히어로</b> 추천드린다! 총평 *이런 분들께... ",Milo’s tide,20250512
https://blog.naver.com/linalove23/223869067088,역삼역 맛집 <b>샌드위치 히어로</b> 미국식 샌드위치 역삼혼밥 추천,"'안녕하세요?누입니다.'가 되어버렸던(ㅋㅋㅋ) 역삼역 샌드위치계의 최강자인 <b>샌드위치 히어로</b> 에 대해 포스팅해 보려고 합니당! 서두에서부터 제 주접을 보신 이웃님들이라면 이미 눈치채셨겠지만, 이 주접이... ",Lemon tree's blog,20250517
https://blog.naver.com/lcy7247/224146314341,[성수 / <b>샌드위치히어로</b>] 서울숲샌드위치맛집 내돈내산... ,"성수 샌드위치맛집 서울숲브런치카페 <b>샌드위치히어로</b> 메뉴와 가격. (* 15cm 기준) &lt;히어로 샌드위치&gt; 햄&amp;치즈(10,000원) 참치(10,300원) 비엘티(10,700원) 캘리클럽(11,400원) 클래식 이탈리안(10,900원) 살라미(10,900원)... ",루리챙,20260204
https://blog.naver.com/gratuliere/224056061458,성수 샌드위치 맛집 <b>샌드위치히어로</b> 서울숲 점심 맛집,먹은 샌드위치 <b>샌드위치히어로</b> 성수는 오픈한지 얼마안된 것 같은데 벌써 배달 주문과 11시반 오픈시간에 매장에도 사람들이 꽤 있었다 텍사스 바베큐 그릴드 치킨 샌드위치 Sweet Baby Ray's BBQ 소스 + 수비드... ,맛있는 거 예쁜 거 ♡,20251028
https://blog.naver.com/hoby_lee/223867270948,[맛집리뷰] 역삼역맛집 ‘<b>샌드위치 히어로</b>’ 방문 후기 | 메뉴... ,"메뉴판 샌드위치, 수프, 음료를 함께 구성한 히어로 세트도 있어 가성비도 좋답니다. <b>샌드위치 히어로</b>가 특별한 이유는 바로 정통 델리 스타일을 고집한다는 점인데요 - 미국에서 직접 수입한 통 햄 사용 - 주문... ",내향인의 여행기록,20250516
https://blog.naver.com/auaubu/224273413203,성수 샌드위치 맛집 발견  <b>샌드위치히어로</b> 성수점 솔직 후기... ,"있다면, <b>샌드위치히어로</b> 성수점 강력 추천해요!  특히 비엘티 샌드위치는 꼭 드셔보셔야 해요. 가성비도 좋고, 피클&amp;할라피뇨 셀프바 덕분에 취향껏 커스텀도 가능하니까요  혹시 <b>샌드위치히어로</b> 성수점... ",포동이의 하루,20260507
https://blog.naver.com/yujalike/224064638725,서울숲 맛집 <b>샌드위치히어로</b> 성수점 미국 정통의 맛,"샌드위치는 잘려서 나오는데, 재료가 꽉 차 있어서 그런지 단면도 예쁘다 빵은 바삭하고 쫄깃쫄깃~ 바게트의 고소함과 반미의 바삭함을 느낄 수 있는 <b>샌드위치히어로</b>에서 직접 개발한 히어로 빵이라고 한다... ",잘 먹고 잘 노는 시간들,20251104
https://blog.naver.com/standup0220/223850377452,역삼 샌드위치 <b>샌드위치히어로</b>,"<b>샌드위치히어로</b> 샌드위치는 기본이 18cm이고, 8천 원을 추가하면 자이언트 사이즈인 36cm로 즐길 수 있다... 모두 히어로 세트로 주문 ✔️ 치킨 히어로 세트 - 텍사스 바비큐 그릴드 치킨 (수프+음료) ✔️ 히어로... ",꼰머의 가족 이야기,20250429
https://blog.naver.com/etoile528/223851510622,[서울 강남]미국 감성의 역삼 샌드위치 맛집 <b>샌드위치 히어로</b>,"<b>샌드위치 히어로</b>  위치 : 강남대로 94길 89 (역삼역 4번출구 도보 5분) ⏰ 영업시간 : 월~금 07:30 - 21:00 토... #역삼역샌드위치맛집 에서는 키오스크로 주문을 하면 되는데 수비드그릴드치킨, 히어로 샌드위치 요렇게... ",슌이의 행복하고 신나는 하루,20250501
https://blog.naver.com/eh_zip/223890975471,<b>샌드위치히어로</b> 역삼역 미국 정통 샌드위치 맛집,<b>샌드위치히어로</b> 서울특별시 강남구 강남대로94길 89 <b>샌드위치히어로</b> #강남샌드위치맛집 #역삼샌드위치맛집 #샌드위치맛집 대중교통 이용 시 역삼역 4번출구에서 나와서 첫번째 골목으로 우회전해서... ,스헤르님의 블로그,20250607
https://blog.naver.com/done_22/223866275675,강남/역삼_<b>샌드위치 히어로</b>,<b>샌드위치 히어로</b>는 빵 크기부터 다른 곳과 다르다! 레귤러 약 18cm / 자이언트 약 36cm 배고플 때... ㅋㅋㅋ 샌드위치 소스 때문에 배달이나 포장할 때 샌 적이 종종 있었는데 히어로는 절대 그럴 위험이 없뜸... ,won,20250515
https://blog.naver.com/iiyeoii/224046165016,[<b>샌드위치히어로</b>] 한개만... 든든한 오픈 3일차 ! 성수 샌드위치,메뉴 <b>샌드위치히어로</b>의 샌드위치는 치킨의 유무에 따라 크게 두종류 나뉠수 있겠다 치폴레•시저•텍사스바베큐•실란트로크레마 치킨 ₩10500 바질페스토치킨 ₩10900 캘리클럽치킨 ₩11400 ➡️ 양상추... ,IYEOI,20251019
https://blog.naver.com/meokzi/224070195258,서울숲 성수 샌드위치 맛집 <b>샌드위치히어로</b> 성수점,"성수 샌드위치 맛집, <b>샌드위치히어로</b> 성수점  서울 성동구 서울숲 2길 44-1 2층  0507-1303-0281 ⏰ 매일 10:00... 챙긴 히어로만의 빵이에요 한 쪽에는 미국에서 직수입하는 다양한 통 햄 / 치즈가 쌓여있어요... ",zinoo's meokzi,20251109
https://blog.naver.com/eunkaren/224071139438,"&lt;서울숲 맛집&gt; <b>샌드위치히어로</b> 성수점 (성수 샌드위치, 서울숲... ",성수 샌드위치 / 서울숲 샌드위치 <b>샌드위치히어로</b> 성수점  서울시 성동구 서울숲2길 44-1 2층  0507-1303-0281  매일 오전 10시 ~ 저녁 8시 운영  주차 불가 인근 성동구민 종합체육센터 주차장 추천 주말 아침에 찾은... ,달의뒤편,20251110
https://blog.naver.com/ajdajdsid/224061811370,성수 서울숲 샌드위치 맛집 데이트 추천 <b>샌드위치히어로</b> 성수점,수제 샌드위치 전문점 출신의 사장님의 노하우가 담긴 샌드위치 4. 바삭하고 쫄깃한 히어로 빵... 성수 샌드위치 맛집 <b>샌드위치히어로</b> 성수점은 미국 교포출신 사장님이 직접 개발한 빵과 미국에서 직수입한... ,지금 일상=,20251102
https://blog.naver.com/ji2eun9516/224094626054,서울숲  맛집ㅣ 신상맛집 <b>샌드위치히어로</b> 성수점 방문후기 :),"<b>샌드위치히어로</b> 성수점 주소 : 서울 성동구 서울숲2길 44-1 2층 영업시간 : 매일 10:00~20:00(라스트오더 19... 정말 오랜만에 방문했는데, 일정이 있어서 방문한거라 간단하게 먹을 샌드위치 집을 찾다가 새로운... ",JIEUN’s EDIT,20251201
https://blog.naver.com/dbwlssla87/224050018243,미국 정통 <b>샌드위치히어로</b> 성수점 오픈,영업시간 11:00 - 20:30 라스트오더 20:15 전화번호 0507-1303-0281 #성수샌드위치 #성수샌드위치맛집 #서울숲맛집 #서울숲가볼만한곳 #서울숲샌드위치 #<b>샌드위치히어로</b>,개인적인 공간,20251022
https://blog.naver.com/mj_616/223867100271,역삼 혼밥 샌드위치 맛집 <b>샌드위치히어로</b> 방문 후기,서울 강남구 <b>샌드위치히어로</b> 안녕하세요  오늘은 강남 역삼 혼밥 샌드위치 맛집 '<b>샌드위치히어로</b>' 방문... 바게트의 고소함 + 반미의 파삭함을 느낄 수 있도록 직접 개발한 히어로 빵이라고 하더라구요 저는 딱... ,그냥저냥 일기장,20250516
https://blog.naver.com/cheaelin/224276454949,[서울|역삼] <b>샐러디 역삼역점</b>,"가성비 ⭐⭐⭐⭐ 건강함 ⭐⭐⭐⭐⭐ <b>역삼</b> 직장인이라면 한 번쯤은 와봤을 그 곳,, 가볍게 한 끼 해결하고 싶을 때 꼭 생각나는 집이에요  #<b>샐러디</b> #<b>역삼</b>맛집 #<b>역삼</b>역맛집 #강남샐러드 #다이어트맛집",먹성좋은 채니일기 ꒰⸝⸝•｡•⸝⸝꒱,20260506
https://blog.naver.com/mythago29/223735688780,"[역삼동, 역삼역] <b>샐러디 역삼역점</b> 2025.01",매달 달달 초이스가 있으니까 종종 먹어야겠어요. 쿠폰 아니어도 샐러디는 추천합니다. #샐러디 #샐러디메뉴 #<b>샐러디역삼역점</b> #샐러디역삼 #역삼역샐러드 #역삼역혼밥 #강남역혼밥,관심,20250123
https://blog.naver.com/daisy-323/224001092791,<b>샐러디 역삼역점</b>(칠리베이컨 포케볼),그럼.... 맛점들 하세요 ^ ^ #<b>샐러디역삼</b>점 #<b>역삼</b>점심 #<b>역삼</b>혼밥 #<b>역삼</b>역샐러드 #<b>역삼</b>역포케 #<b>역삼</b>점<b>샐러디</b> #칠리베이컨포케 #<b>샐러디</b>메뉴추천 #<b>샐러디</b>소스 #크리미칠리소스칼로리 #<b>샐러디</b>메뉴 #<b>샐러디</b>웜볼,호호맘의 일상로그,20250909
https://blog.naver.com/mmvft/223594526746,서울 강남 역삼역 샐러드 맛집 | <b>샐러디 역삼역점</b>,얼마 전에도 <b>샐러디</b> 포스팅 했는데 또 <b>샐러디</b> ㅋㅋ 하지만 저는 샐러드 가게는 <b>샐러디</b>가 아직... ෆ <b>역삼역점</b>은 처음오는데 여기두 무척 깔끔! 여기 주말에 가면 이렇게 한산하고 좋은데 평일엔 직장인들이... ,나는 건강한 사람이야 ʕ•ᴥ•ʔ,20240924
https://blog.naver.com/sso_k-/223993916422,️[역삼 점심] <b>샐러디 역삼역점</b> (Feat. SKT 4천원 할인),"점심 시간 <b>역삼</b> <b>샐러디</b>로 설렁 설렁 걸어감♀️ T day 포스터의 존재감✨ 매장은 꽤 넓었다. 좌측 1인 2인 미니 테이블이 3개 정도 있고, 가운데 긴 테이블이 하나 놓여져 있어 혼밥하기 좋다. 혼밥하는 분들이... ",소소취향,20250903
https://blog.naver.com/lejlej0609/223848050937,"<b>샐러디 역삼</b>역, 강남<b>역점</b>에서 그라브락스 샐러드, 포케볼 현장... ","이 날은 오빠가 <b>역삼</b>역에 볼 일이 있어서 왔다가 <b>샐러디</b> 강남<b>역점</b>에서 같이 저녁을 먹었는데요, <b>샐러디</b>를 가자고 하니까 오빠도 관리를 시작할거라며 너무 좋아하더라구요ㅋㅋㅋㅋ 아래 사진은 <b>샐러디</b> 공식... ",냠냠로그,20250427
https://blog.naver.com/ch_privacy/223922650594,"<b>샐러디 역삼역점</b> 포케 포장후기 (칼로리, 메뉴)",*<b>샐러디 역삼역점</b>* 역삼역 근처에서 샐러드나 포케집 찾으실 때 가기좋은 샐러디 후기 입니다.... #역삼역점심 #역삼점심 #역삼샐러디 #샐러디포장 #샐러디칼로리 #샐러디포케칼로리 #역삼포케 #역삼샐러디포장... ,건빵이네 부자되기 프로젝트,20250705
https://blog.naver.com/marsisseo/223699503002,[역삼] <b>샐러디 역삼역점</b> 로스트닭다리살 샐러드 후기 건강한... ,"휴무 샐러디는 역삼점과 역삼역점이 있는데, 제가 주문한 곳은 역삼역 4번 출구에서 가까운 <b>샐러디 역삼역점</b> 입니다 :) <b>샐러디 역삼역점</b> 메뉴 매장에서 먹는다면 스튜나 착즙주스도 같이 먹으면 좋을 것... ","먹으면, 힘이 나는 맛집들",20241219
https://blog.naver.com/reviewreviewmi/223988417378,<b>샐러디 역삼역점</b>,<b>샐러디 역삼역점</b> 리뷰입니다 우삼겹메밀면 누들볼 9300원 그냥 그랬어요… 샐러디는 돌곶이역점이 최고… 다른 지점들은 만족도가 덜하네요! #샐러디 #샐러디메뉴 #샐러디메밀면 #샐러디우삼겹메밀면,리뷰를 위한 리뷰,20250830
https://blog.naver.com/foxyland96/223586652031,"<b>샐러디</b> 바질카프레제 파스타 샐러드 가격 칼로리, <b>역삼</b>역 샐러드","<b>샐러디</b> 바질카프레제 파스타 샐러드는 차갑게 먹는 냉파스타라서 그런지 향기가 더욱 풍부하고 잘 느껴지는 메뉴였습니다. 이번에 갔던 <b>역삼역점</b>은 면을 아주 적절하게 익혀 주셔서 너무 끊기지도, 푹... ",징니의 신혼&데일리 라이프,20240919
https://blog.naver.com/travelhola/222700740530,역삼샐러드 추천 <b>샐러디 역삼역점</b> 역삼점,배민에서 &quot;<b>샐러디 역삼역점</b>&quot;에 주문한다는게 &quot;샐러디 역삼점&quot;에 주문을 넣어버렸다. 역삼역점에 픽업하러 갔는데 직원 왈 &quot;역삼점에 주문하신거 아닌가요? &quot; 깔깔 원래는 픽업해서 집에서 먹을 계획이였는데... ,언제나 여행중,20220414
https://blog.naver.com/hiwool/223229022990,"<b>샐러디</b> 메뉴 추천 + <b>샐러디 역삼</b>점, <b>역삼역점</b> 간단 후기","<b>역삼역점</b>보다 조금 작고 기다란 느낌의 매장 ㅎㅎ 이날은 연어<b>샐러디</b>를 먹었어요. 회사 동료분은 요 멕시칸 랩만 드시더라고요. <b>샐러디</b>에서 이 메뉴를 제일 좋아하시는데, 이게 참 맛있다고 해요. 회사 분의... ",소소하지만 특별한 것들,20231005
https://blog.naver.com/cutecharming_/223930301811,[<b>역삼</b>/강남] 퇴근 후 가볍게 포케볼이랑 누들볼 뇸 <b>샐러디</b> 7월... ,"퇴근하고 건강식으로 택한 샐러디 포케볼이랑 누들볼! 헤헤 <b>샐러디 역삼역점</b> 영업시간 및 전화번호 카카오맵 ⏰ 평일 08:00-21:00 주말 10:30-20:00  02-2039-5897 샐러디, 마침 이벤트를 하고 있더라구요!... ",귿모닝 에브리띵,20250711
https://blog.naver.com/bright__xo/223200570920,[강남/식당] 강남역 혼밥하는 직장인 <b>샐러디 역삼역점</b>,"<b>샐러디 역삼역점</b> 메뉴 가격 회사에서 가까운 샐러디가 역삼역점이랑 강남역점이 있던데, 강남역점은 평점이 너무 나쁘길래 거리가 비슷비슷한 역삼역점으로 갔다. 주문은 키오스크로 한다! 사진이 왜이렇게... ",지금부터 블로그,20230902
https://blog.naver.com/b160112/223734681522,[<b>역삼</b>역 샐러드 / <b>역삼</b> 샐러드 : <b>샐러디</b> (SALADY)] 주기적으로... ,#샐러디 #<b>샐러디역삼역점</b> #샐러디샌드 #샐러디샌드위치 #샐러드에그마요샌드 #역삼샐러드 #역삼역샐러드 #샐러드역삼 #샐러드역삼역 #샐러드맛집 #역삼맛집 #역삼역맛집 #내돈내산후기,Serendipity✨,20250122
https://blog.naver.com/z69596/223163690543,"역삼 혼밥, 간단한 한끼 <b>샐러디 역삼역점</b>",좋음 <b>샐러디 역삼역 점</b>은 역삼역 4번 출구 인근에 있다 샐러디 역삼점은 길건너 있으니 혹시 픽업 주문... 사실 내가 헷갈려서 한번 역삼점으로 잘못 주문한 적있음..ㅋㅋㅋ 코앞에 있는 역삼역점 놔두고 5분... ,쥬리의 일상공유,20230723
https://blog.naver.com/cjg00142/224211385865,[카페] <b>샐러디</b> 선정릉<b>역점</b> (에그마요 &amp; 시저치킨 랩),"<b>샐러디</b> 선정릉<b>역점</b> 월 - 금 08:00 ~ 21:00 토 - 일 09:00 ~ 19:00 (라스트 오더 : 오후8시30분 &amp; 6시30분) 서울시... 제가 갔을 때는 일요일 오후 4시 ~ 5시 경 이었는데, 확실히 <b>역삼</b>, 선릉, 선정릉 이 주변은 회사 주변이라... ",빌려쓰는 달밈일기,20260310
https://blog.naver.com/nanhye_/224221461372,<b>역삼</b> 맛집 직장인 점심 혼밥메뉴 추천 <b>샐러디 역삼</b>점,"<b>역삼</b> 맛집 직장인 점심 혼밥메뉴 추천 <b>샐러디 역삼</b>점 혼밥, 샐러드 하면 생각나는 <b>샐러디</b> 점심에 오랜만에 혼밥 기회가 생겨서 찾아갔다. <b>역삼역점</b>, <b>역삼</b>점 중에 내가 찾아간 곳은 <b>역삼</b>점! ✔️ 주소 서울... ",맘대로해란,20260320
https://blog.naver.com/qnfchqkq/223679350363,<b>역삼</b>역 혼밥 모음 (멘야유메미루 / 종로김밥 / 백소정 / <b>샐러디</b>... ,존맛이다 밥은 무료로 셀프다 강남역쪽에도 있음 &lt;요약&gt; - 맛있음 - 밥 무료 - 가격대 : 천차만별 <b>샐러디</b> &amp; 타코벨 <b>역삼</b>역 3번출구 기준 도보 5분 (4번출구쪽에 <b>역삼역점</b>도 있음) 라이트하게 먹고싶을 때 자주가던... ,김맥주의 블로그,20241202
https://blog.naver.com/pado_0/223571194217,<b>샐러디 역삼</b>점 / 다이어트 식단 / <b>샐러디</b> 신제품 리뷰... ,샐러디 역삼점은 역삼역 3번 출구에서 도보로 5분 정도 거리에 자리 잡고 있는데요. 4번 출구에 있는 <b>샐러디 역삼역점</b>과 헷갈리지 않도록 주의해야 해요 빌딩 1층에 있기 때문에 찾기 어려운 편은 아니나... ,은빛파도,20240903
https://blog.naver.com/twinkleme616/223432436681,광교맛집 <b>생활맥주 광교호수공원점</b>/호수공원뷰에서 냠냠,"걷다가 생활맥주 광교호수공원을 발견하시면 바로 들어오셔서 분위기좋은 시간 보내시길 바랄게요 ㅎㅎ <b>생활맥주 광교호수공원점</b> 경기도 수원시 영통구 센트럴파크로6, 146-3,4 매일 오후 4시 ~ 오전 1시... ",ʚ유니하다ɞ,20240502
https://blog.naver.com/sanghun93/224269901640,"광교호수공원술집 <b>생활맥주 광교호수공원점</b>, 호수 야경 보며... ",광교호수공원 쪽 갔다가 오랜만에 바람도 괜찮고 밖에서 한잔하는 사람들도 많길래 <b>생활맥주 광교호수공원점</b>에 들어가게 됐다. 사실 생활맥주는 유명한 프랜차이즈 업체라 이름은 익숙한데 매장마다 느낌이... ,훈's 모놀로그,20260430
https://blog.naver.com/littlebunnyenglish/224123749386,수원 광교호수공원 맥주 술집 추천::<b>생활맥주 광교호수공원점</b>,비가 추적추적내리는 지난주 야근 후 치맥을 먹고 싶어 집근처 광교호수공원 바로 앞에 위치한 치킨 맥주 집에 방문한 후기를 작성해봐요! <b>생활맥주 광교호수공원점</b> 힐스테이트광교 상가동에 위치한 생활맥주... ,하나맘의 여행기록,20251226
https://blog.naver.com/wowwowlsls1/223848642864,광교 호수공원맥주 뷰가 예쁜 <b>생활맥주 광교호수공원점</b>,<b>광교호수</b>공원 바로 앞에 있는 <b>생활맥주</b> 매장은 뷰가 진짜 미쳤어요 통창으로 되어 있어서 앉아서 치킨 먹으면서도 <b>호수</b>가 딱 보이는데 그게 너무 여유롭고 힐링되는 분위기였거든요 <b>맥주</b> 한 잔 하기도 좋고... ,정성해씨의 모든정보,20250428
https://blog.naver.com/itsmesso/224257504378,"[광교호수공원맥주] 바삭한... 조합, <b>생활맥주 광교호수공원점</b>... ",없는 선택이 될 거라고 생각합니다 모두 즐겁고 행복한 하루 보내세요 #광교호수공원맥주 #<b>생활맥주광교호수공원점</b> #광교치맥 #광교수제맥주 #광교맛집 #광교치킨맛집 #수원생활맥주 #앵그리버드치킨 #생활떡볶이,쓰쏘,20260419
https://blog.naver.com/hs11127/223605865644,광교호수공원 술집 생맥주가... 호수뷰 <b>생활맥주 광교호수공원점</b>,광교호수공원 술집 생활맥주는 힐스테이트광교 상가에 위치해있어요 주차하고 제일 가까운 출입구는 게이트 3번이고 게이트 3번에서 나와서 우측으로 조금만 걸어오면 <b>생활맥주 광교호수공원 점</b>을 만나보실... ,맛집 다니며 육아하는 꿀˙ᵕ˙,20241003
https://blog.naver.com/gn02073/224044799453,수원 광교 술집 <b>생활맥주 광교호수공원점</b> 메뉴판 주차,"오늘은 수원 광교호수공원에 위치한 생활맥주에 다녀왔습니다. 맛있는 치킨에 맥주까지 완벽했던 곳 내돈내산 리뷰 시작해 볼게요. 영업 정보, 위치 안내 수원 광교 술집 <b>생활맥주 광교호수공원점</b> 메뉴판 주차... ",Ming로그 : 세상탐방일지,20251017
https://blog.naver.com/saebom214/223720586377,[광교호수공원술집] <b>생활맥주 광교호수공원점</b> 치킨 맛집,나오면 <b>생활맥주</b>를 쉽게 찾을 수 있다. 주차공간도 넓어서 편하게 이용했다. 여름에는 야외에 테이블 쫙 깔려있어서 치맥하기 너무 좋겠다. 화려한 불빛을 내뿜는 <b>광교호수</b>공원주변 아파트들 <b>광교호수</b>공원... ,언제나 봄처럼,20250109
https://blog.naver.com/dal_kom_/224043486905,안주최고! 광교호수공원술집 <b>생활맥주 광교호수공원점</b>,<b>생활맥주 광교호수공원점</b>은 힐스테이트광교 상가에 위치해있어요! 광교호수공원안에 있다고 해도 될... 바로 생활맥주입니다! 주차장도 가깝고 광교호수공원도 가까워서 편리해요! 테라스 자리 너무 좋죠... ,달콤달콤한날:-),20251016
https://blog.naver.com/dalji_log/224228887253,광교호수공원 치킨 맥주 : <b>생활맥주 광교호수공원점</b>  : 호수 뷰... ,왔네요 #광교호수공원술집 #광교호수공원맥주 #광교호수공원치맥 #생활맥주 #광교생활맥주 #<b>생활맥주광교호수공원점</b> #광교단체 #광교가성비맥주집 #광교호수공원맛집 #광교모임장소 #광교치맥 광교... ,❤️달지어리❤️,20260327
https://blog.naver.com/minsuru_/223490135652,너무 좋은 광교 호수공원 치킨 맛집 :: <b>생활맥주 광교호수공원점</b>,<b>생활맥주 광교호수공원점</b> 주차 <b>생활맥주 광교호수공원점</b> 주차는 광교 힐스테이트 건물 상가주차장을 이용하시면 됩니다. 주차 후 gate3 출구로 나오면 생활맥주가 바로 오른쪽에 위치해 있습니다. 상가... ,민수르의 부동산 투자 공부,20240624
https://blog.naver.com/whgdms2008/224275538163,수원 <b>광교호수공원점</b> <b>생활맥주</b> 지금 날씨에 가기좋은 야장 맛집... ,완벽했던 <b>생활맥주 광교호수공원점</b> ! 광교 호수공원에서 굉장히 오랜만에 맛있는거 먹는데 전 너무... 여러분들도 꼭 한번 가보시는거 추천드려요~ #생활맥주 #수원광교호수공원 #수원맛집 #수원치킨 #치킨... ,Holeen,20260505
https://blog.naver.com/chanmi7942/223965260742,수원광교 호수공원 맛집 <b>생활맥주 광교호수공원점</b>... ,수원광교니까요 저희는 지역적인 수원생활맥주로!! 팝콘도 고급팝콘 주시네요ㅎㅎ 이거 제작년부터... 먹었어요~ #광교호수공원술집 #광교치킨 #광교호수공원맥주 #광교호수공원맛집 #<b>생활맥주광교호수공원점</b>... ,JANE'S happy day!,20250810
https://blog.naver.com/mysms_99/224228057458,광교호수공원맥주 / 광교치킨 / <b>생활맥주 광교호수공원점</b>,금요일을 기다리며 마음의 안정을 찾고자 광교 치맥 맛집 ‘<b>생활맥주 광교호수공원점</b>’을 방문했다.... 힐스테이트 광교 상가 전용 주차장에 주차한 뒤 3게이트로 나오면 생활맥주가 바로 보인다. 호수 뷰가 잘... ,0coldbunny,20260324
https://blog.naver.com/alseh416/224142887603,[광교호수공원 술집] <b>생활맥주 광교호수공원점</b> 치맥 후기와... ,전 맥주가 그렇게 땡기더라구요  그래서 다녀온 곳이 <b>생활맥주 광교호수공원점</b>‼️ 호수 근처라 뷰도... 정리해보자면 광교호수공원 산책 후 가기 좋은 술집!!! 치킨이 진짜 맛있는 생활맥주 맥주 종류 다양... ,"Hello, my twenties(੭•̀ᴗ•̀)੭",20260111
https://blog.naver.com/jjomah/223510827763,수원 광교 | 치맥하기 좋은 광교술집 '<b>생활맥주 광교호수공원점</b>',"<b>생활맥주 광교호수공원점</b> 경기 수원시 영통구 센트럴파크로 6 힐스테이트광교 301동 146-3, 4 ⏰ 매일... 광교호수공원을 산책하다가 시원-한 맥주가 땡길 때 광교술집 '생활맥주'에서 다양한 지역별 수제... ",쫌아의 맥시멀라이프,20240713
https://blog.naver.com/mycookis/224132834611,광교호수공원술집... 하는 치맥 <b>생활맥주 광교호수공원점</b>,오직 생활맥주에서만 마실 수 있는 특별한 수제맥주를 판매하는 광교호수공원술집 <b>생활맥주 광교호수공원점</b> 취향따라 골라마실 수 있어 좋고 가격대도 쏘쏘~! 맥주마다 설명도 잘 써있어 입맛에 맞게... ,채니의 일상log,20260103
https://blog.naver.com/zely89/224240350775,광교호수공원술집 추천 <b>생활맥주 광교호수공원점</b> 치킨과... ,"라스트오더 ☎️0507-1448-1187 생활맥주 주차가능 무료 8. 총평 및 재방문 의사 정리해보면 <b>생활맥주 광교호수공원점</b>은 광교호수공원술집 찾을 때 실패 확률이 낮은 곳이에요. 수제맥주 좋아하시는 분들, 치맥... ",밍젤킹젤 HAPPY재테크 체험LIFE,20260404
https://blog.naver.com/da01996/223771586522,광교호수공원맛집 <b>생활맥주 광교호수공원점</b> 광교 치킨&amp;맥주 조합,같더라고요 #광교호수공원술집 '<b>생활맥주 광교호수공원점</b>'의 메뉴판입니다 오직 생활맥주에서만 마실 수 있는 특별한 수제 맥주와 다양한 종류의 안주들을 함께 판매하고 있습니다 저희는 앵그리버드... ,욤이의 노트,20250224
https://blog.naver.com/tomato_3_/223759603335,광교호수공원 맛집 <b>생활맥주 광교호수공원점</b> 광교치킨... ,3번 게이트로 나오니 눈앞에 광교호수공원이 보이네요 언제 와도 광교호수공원 야경은 참 예뻐요 ! 외관 및 인테리어 <b>생활맥주 광교호수공원점</b> 외관이에요 생활맥주의 상징이조? 진지한 궁서체로 적힌... ,De-aeseohsta,20250213
https://blog.naver.com/1mwinter/224177580465,[강남밥집] <b>샤브지오 강남역점</b> | 마라좋아와 마라싫어의... ,"<b>샤브지오 강남역점</b> 내돈내산 후기 정말 오랜만에 강남역에 나갈 일이 있어서 다녀왔는데요 점심을... 저는 런치 한우 샤브샤브 먹었어요  1인 19,800원 ✔️ 탕 2가지 선택 가능 → 저는 멸치 + 마라로 선택!... ",겨울이의 여름 찾아다니기,20260209
https://blog.naver.com/a11ihave/224157279038,<b>샤브지오 강남역점</b> | 강남모임으로 딱 좋은 강남역샤브샤브... ,추천드립니당ㅋ 강남역맛집 샤브지오는 거의 샤브샤브계의 하이디라오 아닐까요 ^^ 소스도... #<b>샤브지오강남역점</b> #강남역맛집 #강남맛집 #강남샤브샤브 #강남무한리필 #강남맛집추천 #강남역샤브샤브... ,a11 i have,20260123
https://blog.naver.com/dobubu-/224263680178,강남역샤브샤브 무한리필 뷔페 <b>샤브지오 강남역점</b> 후기,강남역샤브샤브 <b>샤브지오 강남역점</b> 오랜만에 강남에서 저희부부가 사랑하는 샤브샤브를 먹고 왔어요.... 뷔페 요리가 많으면 맛이 떨어지기도 하는데 샤브지오는 요리 맛이 다 우수했어요. 직접 만들어먹는... ,도부부의 일상,20260424
https://blog.naver.com/tnfla4441/224193510634,강남역맛집 <b>샤브지오 강남역점</b> 넓은 매장 주차가능 무한리필,된 <b>샤브지오 강남역점</b> 후기입니다. 강남역샤브샤브를 찾다가 알게 된 곳인데 샤브샤브와 다양한 요리를 함께 즐길 수 있고 식사 구성도 너무 좋았고 최대 3시간 30 무료 주차까지 강남회식이나 강남모임 장소로... ,수림의 기록숲,20260224
https://blog.naver.com/hhhh-_-v/224268000586,강남역 가성비 좋은 샤브샤브 맛집 <b>샤브지오 강남역점</b>,오늘은 강남역 9번출구 바로 앞에 위치한 샤브샤브를 무한리필로 먹을 수 있고 각종 요리 뷔페와... 있어요 <b>샤브지오 강남역점</b> 메뉴 샤브지오 메뉴 및 가격 참고하세요! 저희는 한우샤브 2인과 육수 짝꿍... ,김감쟈의 돼지탐험,20260428
https://blog.naver.com/byj06105/224151461904,[강남맛집/강남역 샤브샤브] <b>샤브지오 강남역점</b>,"오늘은 강남 샤브샤브 맛집 <b>샤브지오 강남역점</b>을 다녀왔슨~ 샤브샤브는 물론 편백찜, 모듬조개까지 한... 겨울 샤브지오에서 몸 녹이셔요 <b>샤브지오 강남역점</b>은 강남역 9번 출구 쪽에 위치해 있어 접근성이 증맬루... ",At my own pace,20260119
https://blog.naver.com/areumzz-/224172074471,[서울/강남] 샤브샤브 맛집 l <b>샤브지오 강남역점</b>,소식이더라구요 ➰ 샤브지오 매장내부 샤브지오 매장내부 매장에 들어서자마자 느껴지는건... 〰️ #강남역샤브샤브 #<b>샤브지오강남역점</b> #강남역데이트 #강남역맛집 #강남샤브샤브 #강남역셀프바 #강남역뷔페... ,♡˗ˏˋ 오늘의 맛집 탐방 기록 ˎˊ˗,20260205
https://blog.naver.com/se0___/224170001253,"강남역 샤브샤브 맛집 <b>샤브지오 강남역점</b>, 셀프바 왕만족",엘베는 샤브지오올라가는거랑 병원?가는게 따로 있어서 안내보고 타길 <b>샤브지오 강남역점</b>은... 맛집이었다 #강남역샤브샤브 #<b>샤브지오강남역점</b> #강남역데이트 #강남역맛집 #강남샤브샤브 #강남역셀프바... ,기억 새록 세록,20260203
https://blog.naver.com/ij9207/224213247107,강남역 팔방미인 프리미엄 샤브샤브 맛집 &quot;<b>샤브지오 강남역점</b>&quot;,<b>샤브지오 강남역점</b> 서울특별시 서초구 서초대로77길 3 아라타워 2층 매일 10:30 ~ 23:00 Last Order 21:30 단체... 강추드려요~~~&gt;_&lt; #샤브지오 #강남역샤브샤브 #강역맛집 #강남회식 #강남모임 #강남편백찜 #강남월남쌈... ,쏘니의 일상리뷰s,20260312
https://blog.naver.com/ddosini/224195457000,[강남역맛집] <b>샤브지오 강남역점</b>,"만들었다 샤브지오는 죽도 무제한이구요 맛탕, 떡볶이, 김말이, 탕수육, 간장치킨, 미트볼, 파스타... 강남역맛집, <b>샤브지오 강남역점</b>에서 푸짐하게 먹어보자 끗! #강남역맛집 #강남역샤브샤브 #강남회식... ",어제도 쉬고 오늘도 ddosini,20260225
https://blog.naver.com/arabogo/224271655753,강남역샤브샤브 <b>샤브지오 강남역점</b> 강남역맛집 강추,꼭 가보세요~! 절대 후회하지 않을 거예요. #샤브지오 #<b>샤브지오강남역점</b> #강남역맛집 #강남역샤브샤브 #강남회식 #강남모임 #강남편백찜 본 포스팅은 업체로부터 서비스를 제공받아 솔직하게 작성된 후기입니다.,세상 모든 것이 궁금해 알아가 보는 ARABOGO!,20260501
https://blog.naver.com/wlsl9_9/224259313905,강남역샤브샤브 맛집 | <b>샤브지오 강남역점</b> 한우1++ 샤브와... ,올라오자마자 보이는 <b>샤브지오 강남역점</b>! 샤브지오 식사 시 무료주차가 무려 3시간 30분! 강남인데도... 50대모임장소 #강남모임장소맛집 #강남국물맛집 #강남존맛 #강남역점심뷔페 #강남역점심맛집,밍숭맨술,20260420
https://blog.naver.com/bright_kwon/223855710587,"강남 샤브샤브 맛집 / <b>샤브지오 강남역점</b>, 샤브샤브 무한리필... ",곳이에요 :) <b>샤브지오 강남역점</b> 강남 샤브샤브 가족모임 강남역 맛집 무한리필 중에서 가장 자주 찾는... 샤브지오 강남의 해믈 프리미엄은 최소 하루 전 전화예약 필수라서 전날부터 두근두근 이 날의 맛을... ,★ 이상하고 멋진 나라의 앨리스 :),20250505
https://blog.naver.com/othellatelier/224262929544,강남역샤브샤브 <b>샤브지오 강남역점</b> 방문 후기,강남모임 장소를 찾는 분들에게도 이곳은 정말 추천하고 싶어요. 지하철역과 가까워서 접근성이... 강남역샤브샤브 전문점답게 <b>샤브지오 강남역점</b>의 서비스도 인상적이었어요. 직원분들이 친절하게... ,othellatelier님의 블로그,20260423
https://blog.naver.com/tentalents/224149318305,강남역 샤브샤브 중식까지 있어 좋았던 <b>샤브지오 강남역점</b>,<b>샤브지오</b> #<b>샤브</b><b>샤브</b>무한리필 #<b>강남역</b>데이트 #가족외식 #<b>강남</b>맛집 #편백찜 #한우<b>샤브</b><b>샤브</b> #<b>강남역</b>회식 #<b>샤브</b><b>샤브</b>뷔페 #<b>강남역점</b>심 #<b>강남역</b>저녁 #<b>샤브</b><b>샤브</b>추천 #무한리필맛집,애니의 라이프운동장,20260116
https://blog.naver.com/so77789/224205993942,강남역 샤브샤브 추천 | <b>샤브지오 강남역점</b>,강남역 9번 출구 밖으로 나가지 않아도 지하상가에서 건물로 올라갈 수 있습니다! &gt; 와.. 샤브지오... ㅎㅎ #강남회식장소 #강남데이트#강남맛집#강남친목장소 로 강남역 샤브샤브 <b>샤브지오강남역점</b>... ,해보고 싶은게 많은 애용이,20260305
https://blog.naver.com/a55756090/224258941556,강남역맛집 다채로운 중식이있는 <b>샤브지오 강남역점</b>,바로바로 <b>샤브지오 강남역점</b>!!!!! 주차힘든 강남 바닥에서 건물 지하주차장까지 보유하고있고 무료주차를 3시간이나 넣어줘요! 얼마나 좋은 혜택인가요 아주 편하게 밥 먹을 수 있으니 ㅎㅎ 강남역맛집 샤브지오... ,정상으로 가는 우리,20260420
https://blog.naver.com/wltnals0/224219855800,강남역맛집 무한리필 샤브샤브... 다이어트 <b>샤브지오 강남역점</b>,"강남에서 샤브 무한리필 찾는 것도 왜이렇게 어려운지 ,, 오늘 방문한 곳은 <b>샤브지오 강남역점</b>! 강남역... 그렇게 에스컬레이터를 타고 올라가면 요렇게 샤브지오가 나온다!! 네이버 예약도 가능하고... ",숨니의 daily 다이어리,20260317
https://blog.naver.com/pretty7445_/224267848244,[서울/<b>강남</b>] 중식 뷔페와 무한리필 <b>샤브</b><b>샤브</b> 훠궈 맛집... ,"최근에만 강남역에 있는 불이아, 옥소반 등등의 샤브샤브 맛집을 많이 다녔는데 #<b>샤브지오강남역점</b> 은... 샤브샤브 뿐만 아니라 뷔페까지 있는 곳인데 가격이 정말 미쳤다!! 샤브지오는 캐치테이블로 웨이팅 및... ",Emily in moments,20260428
https://blog.naver.com/amychoi9966/224272807563,[강남역 맛집] 샤브샤브 맛집 ‘<b>샤브지오 강남역점</b>’ 샤브샤브... ,이렇게 샤브샤브 소스를 내 맘대로 조합할 수가 있어요! 전 맵찔이라서 지오 달콤매콤 땅콩소스로... 가능한 ‘<b>샤브지오 강남역점</b>’ 꼭 방문해보세요!!! #강남역맛집 #강남역샤브샤브 #강남회식 #강남모임... ,쑤로그,20260502
https://blog.naver.com/sun_star17/224099272474,강남역 대형카페 티라미수가 맛 좋은 <b>셀렉티드닉스</b>,"티라미수가 맛 좋은 <b>셀렉티드닉스</b> 강남역 대형카페 카공하기 좋은 강남역 근처 카페를 발견해서... <b>셀렉티드닉스</b> 주소: 서울특별시 강남구 테헤란로4길 37 전화번호: 월~금 08:00~24:00 토,일 11:00~23:30 영업시간... ",내가 보는 아카이브,20251205
https://blog.naver.com/notelayer/224230995197,강남역 대형 카페 <b>셀렉티드닉스</b>,"<b>셀렉티드닉스</b> 평일 08:00~24:00 주말 11:00~23:30 서울 강남구 테헤란로4길 37 1, 2, 3, 8층 0507-1393-5905 강남역 대형 카페 <b>셀렉티드닉스</b>는 강남역 4번 출구에서 가까웠어요! 역에서 가까운데 대형 카페이고 다양한... ",기록장,20260327
https://blog.naver.com/muk_jerry/224277606982,강남역 대형카페 <b>셀렉티드닉스</b>: 티라미수 맛집 테라스 루프탑... ,<b>셀렉티드닉스</b>에 다녀왔습니다~ 강남역 근처에서 보기 드물게 루프탑에 테라스 좌석까지 있는 곳인데다가 티라미수 맛집으로 엄청 유명하다고 해서 강남역 근처 방문한 김에 저도 들러보았어요 <b>셀렉티드닉스</b>... ,제리's 모음 zip. · ₊ ˚✿,20260507
https://blog.naver.com/hyein811/224222844473,강남역 대형카페 <b>셀렉티드닉스</b>,"대형카페 <b>셀렉티드닉스</b>에 오랜만에 재방문을 해보았어요. 그럼 후기, 지금부터 시작할게요~~! 저는... 이제 봄이니까 날 좋을 때 강남역 대형카페 <b>셀렉티드닉스</b>에 가시는 분들이라면 루프탑도 좋고, 2,3층도... ",내블로그,20260320
https://blog.naver.com/mistletoe_c/224159220445,강남 대형카페 루프탑카페 <b>셀렉티드닉스</b> Selected nick's,"강남역 한복판에 있는 대형카페 <b>셀렉티드닉스</b>에 친구와 함께 다녀왔다. 강남역 신분당선 방향 3번... <b>셀렉티드닉스</b>로 들어가는 입구. 지하 1층부터 3층, 그리고 맨 위층과 루프탑으로 이루워진 건물 하나의... ",A Room of One's Own,20260125
https://blog.naver.com/sm011sm/224235153024,강남역 대형카페 <b>셀렉티드닉스</b>,휘낭시에도 아메리카노랑 너무 잘 어울리는 디저트 디저트 좋아 뷰가 다소 아쉽긴 하지만 루프탑은 아니더라도 창가자리 좋아 강남카페 만족스러운 <b>셀렉티드닉스</b> 역시 닉스가 최고 모던한 인테리어가 너무... ,힌둥이의 여행 일기장,20260331
https://blog.naver.com/jelome7778/224121661804,"주차가능 대형카페 추천, 디저트가 맛있는 <b>셀렉티드닉스</b>","강남역예쁜카페, 주차가능 대형카페 추천, 디저트가 맛있는 <b>셀렉티드닉스</b> 강남역에 주차도 가능한... 강남역예쁜카페 <b>셀렉티드닉스</b> 위치 주차 강남역 예쁜 카페 <b>셀렉티드닉스</b>를 네비에 찍고 찾아가... ",경자언니블로그,20251224
https://blog.naver.com/farm_bbanana/224268567742,강남역대형카페 티라미수가 맛있는 <b>셀렉티드닉스</b>,루프탑이 있는 강남역대형카페 셀렉티드니스 서울 강남구 테헤란로4길 37 1층 강남역 4출이랑 가까워요! <b>셀렉티드닉스</b>는 여러 층을 쓰는 강남역대형카페 인데 1층에서 주문하고 위로 올라가는 방식이에요 가격이... ,맛있는 것만 먹고 싶어,20260428
https://blog.naver.com/yen2_96/224275742826,강남역 대형카페 | 피스타치오 티라미수 맛집 <b>셀렉티드닉스</b>... ,[<b>셀렉티드닉스</b>]  주소 서울 강남구 테헤란로4길 37 1층  영업시간 월-금 08:00 - 24:00 토-일 11:00 - 23:30... 셀릭티드닉스 마들렌 배꼽 톡 티어나온거 어쩔거여 휘낭시에도 완전 오동통 종류도 많고 비주얼도 좋아서... ,yenny daily record,20260505
https://blog.naver.com/loesmik/224266105306,<b>셀렉티드닉스</b>ㅣ소개팅하기 좋은 주차 가능한 강남역 대형카페,대형카페 <b>셀렉티드닉스</b>! 이번에 강남역 근처 방문한 김에 생각나서 한번 더 들러봤는데요. 여전히... 대형카페 <b>셀렉티드닉스</b>의 저녁 풍경도 정말 예뻐서 다시 한 번 소개시켜드리고자 합니다! 소개팅하기 좋은... ,반가워,20260427
https://blog.naver.com/shkkkk95/224264964666,강남역대형카페 <b>셀렉티드닉스</b> 당근 티라미수 후기,"이건 못참지 바로 뛰어간다 강남역대형카페 <b>셀렉티드닉스</b> <b>셀렉티드닉스</b> 영업시간: 월~금 8:00~24:00 / 토~일 11:00~23:30 강남역 1번, 2번 혹은 3번, 4번출구에서 도보로 3~4분이면 도착하는 강남역대형카페... ",닝의 우당탕탕 생활일지,20260507
https://blog.naver.com/vivid_01/224163914041,강남역 대형카페 추천 다양한 티라미수가 있는 <b>셀렉티드닉스</b>,강남역 5분거리에 위치한 <b>셀렉티드닉스</b>! 티라미수 맛집인데 강남역에서 보기 드문 루프탑뷰도 있음... 강남역 대형카페 <b>셀렉티드닉스</b>는 5개층으로 이루어진 대형카페 티라미수 전문점 지하1층부터... ,whatever,20260129
https://blog.naver.com/gnldnjs2215/224189329839,강남역 카페 뷰좋은 대형카페 <b>셀렉티드닉스</b>,"강남역 카페 뷰좋은 대형카페 <b>셀렉티드닉스</b> 지난 주말엔 친한 언니들과 만나 강남역 카페에서 시간을... <b>셀렉티드닉스</b> 주소: 서울 강남구 테헤란로4길 37 1층 영업시간: 월-금 08:00-24:00, 토-일 11:00-23:30 번호: 0507... ",먹어롸,20260220
https://blog.naver.com/darkjouker/224240973753,강남역카페 <b>셀렉티드닉스</b>｜루프탑 있는 티라미수 맛집,"<b>셀렉티드닉스</b> 강남역 루프탑 About <b>셀렉티드닉스</b> 루프탑이 인상적인 대형 강남역카페 주소 서울... 카페이름에 셀렉티드'Selected'가 들어간 만큼, 자기들만의 안목으로 고른 디저트와 브랜드들을 컬라보 하고... ",Life as an Artist,20260404
https://blog.naver.com/minconge_daily/224232405994,대형카페 도심 속 루프탑 주차 가능 티라미수 맛집 <b>셀렉티드닉스</b>,"강남역 대형카페 도심 속 루프탑 주차 가능 티라미수 맛집 <b>셀렉티드닉스</b> <b>셀렉티드닉스</b> 서울 강남구 테헤란로4길 37 월~금 8:00~24:00 토~일 11:00~23:30 지하철 2호선 ,신분당선 강남역 도보 5분 지인과 저녁 약속이... ",행복한 시골쥐 일상,20260330
https://blog.naver.com/marry6825/224272295876,강남역 대형카페 늦게까지 하는 티라미수 맛집 <b>셀렉티드닉스</b>,오늘은 간만에 만난 전룸메 민지와 함께 수다를 떨러 찾은 대형카페는 바로 강남역 <b>셀렉티드닉스</b>입니... 일단 뷰랑 분위기가 넘 좋아서 하루종일 앉아있고파요 <b>셀렉티드닉스</b> 티라미수도 굉장히 맛있어요!... ,히히찌니,20260502
https://blog.naver.com/globaleu/224147636980,강남역 대형카페 <b>셀렉티드닉스</b> 티라미수,가봅시다~ <b>셀렉티드닉스</b> 주소: 서울 강남구 테헤란로4길 37 1층 전화번호: 0507-1393-5905 강남역에 대형카페가 있다!없다! 회사건물숲에 우뚝하게 자리하고 있는 <b>셀렉티드닉스</b> 가는길 가는길부터 귀여운... ,Travelling,20260115
https://blog.naver.com/hyein811/224050924156,강남역 근처카페 <b>셀렉티드닉스</b>,"강강남 한복판에서 여유와 감성을 동시에 즐길 수 있는 곳, 강남역 근처카페 <b>셀렉티드닉스</b>를 찾았어요.... 강남역 근처카페 <b>셀렉티드닉스</b>는 이름처럼 ‘선택받은 공간’이라는 말이 어울릴 정도로 크고 세련된... ",내블로그,20251023
https://blog.naver.com/gandamv/224271406353,"강남역 대형 카페, 루프탑 카페 <b>셀렉티드닉스</b> 다녀왔어요.",카페 <b>셀렉티드닉스</b> 다녀왔어요. 하늘 참 예쁘다♡♡♡ 'Sweet Tiramisu' never ends A special dessert' 'Sweet Tiramisu' never ends A special dessert' 강남역에서 하늘을 볼수 있는 루프탑 카페로 유명한 <b>셀렉티드 닉스</b>는 강남역... ,"올어바웃""MINE""",20260501
https://blog.naver.com/hailic/224187124309,강남역대형카페 <b>셀렉티드닉스</b>에서 티라미수로 디저트타임... ,"강남대형카페 <b>셀렉티드닉스</b>에서 휴식시간을 가졌다. 사실 다른게 아니라 인형뽑기를 하다보면 의외로... 강남대형카페 <b>셀렉티드닉스</b> 위치 : 강남역 3,4번출구 도보 5분내외 영업시간 : 평일 - 오전 8시~자정 12시... ",In to the New World,20260218
https://blog.naver.com/sandy_notes/223636209218,수원 행궁동 <b>셰프스위트</b> 행리단길 맛집,"바 테이블 자체도 주방을 둘러싸고 있는 구조라, 바 테이블에 앉는 경우 셰프님들께서 음식을 만드시는 모습을 그대로 구경할 수 있었다. <b>셰프스위트</b>의 또 다른 특이점은 웰컴 드링크와 핑거푸드가 제공된다는... ",샌디의 생각 노트,20241028
https://blog.naver.com/whitejua/223887029022,[수원] 행궁동 파스타 맛집 <b>셰프스위트</b> CHEF's WIT,"+ 카카오맵에 &quot;<b>셰프스위트</b>&quot;라고 적혀있어 셰프가 스윗하신갑다 &quot;Chef Sweet&quot;인줄 알았는데, &quot;셰프의 재치&quot;라는 뜻의 &quot;Chef's Wit&quot;였던..! 영업시간은 11:00~22:00 문을 열고 들어서니 일식풍의 주방이 보였습니다.... ",행복한 일은 매일 있어 :),20250603
https://blog.naver.com/kkorom12/223867657664,행궁동데이트식당 <b>셰프스위트</b>,#수원나들이 #행궁동데이트 #쉐프스위트 #<b>셰프스위트</b> #행궁동점심 #행궁동맛집 #수원점심 #행궁동파스타 #행궁동리조또 #행궁동이탈리안 prologue 수원은 지금 봄이 한창 주말 나들이 어디 생각하고 계신가요?... ,여왕님은 언제나 신혼여행 중 ♡,20250516
https://blog.naver.com/bz70/223918225773,수원 행궁동 파스타 맛집 <b>셰프스위트</b>! 예약 필수 데이트 추천,수원 행궁동 파스타 맛집 <b>셰프스위트</b>! 예약 필수 데이트 추천 수원 행궁동은 맛집도 많고 데이트 코스로도 아주 좋은 곳인데요! 행궁동 맛집으로 입소문 난 <b>셰프스위트</b>를 다녀온 솔직한 후기입니다. 참고로... ,블루스맨,20250701
https://blog.naver.com/gookjjam/224227825150,[경기 수원] <b>셰프스위트</b>&amp;츠요이｜수원행궁맛집! 일식&amp;이탈리안... ,"가게 정보 <b>셰프스위트</b> &amp; 츠요이 주소: 경기 수원시 팔달구 정조로801번길 27 영업시간 11:00 ~ 22:00... 맛집은 '<b>셰프스위트</b>' 이탈리안 레스토랑인데, 특이하게도 '츠요이' 라는 일식집과 같이 딱 붙어있다. 그냥... ",출장 맛집리뷰 홍대리,20260330
https://blog.naver.com/yeonu020526/223873550873,행궁동 맛집 <b>셰프스위트</b> 후기,안녕하세요 오늘 포스팅은 행궁동에 위치한 행궁동 맛집 <b>셰프스위트</b> 후기입니다 월-일 11:00 - 22:00 15:30... 맛이 익숙한 맛인데 엄청 맛있었어요 메뉴 소개 출처: <b>셰프스위트</b> 네이버 종류는 크게 크림파스타... ,우연의일치✨,20250522
https://blog.naver.com/psa9307/223818248159,"행궁동맛집, 분위기 좋은 수원파스타 맛집 &quot;<b>셰프스위트</b>&quot;",행궁동맛집 <b>셰프스위트</b>입니다. 예전에도 친구들이랑 방문한적이 있는 곳인데 분위기도 좋고 맛도 좋아서 무척이나 만족했던 곳이에요! <b>셰프스위트</b> 주소 : 경기도 수원시 팔달구 정조로801번길 27 전화번호 : 0507... ,일상속의 작은행복,20250401
https://blog.naver.com/more_than_like/223869567891,"[수원] 행궁동 데이트, <b>셰프스위트</b>",<b>셰프스위트</b> 행궁동맛집 행궁동데이트 수원맛집 수원파스타 수원스테이크  경기 수원시 팔달구... 식당 <b>셰프스위트</b> CHEF'S WIT ✔️<b>셰프스위트</b> 일식전문점이었던 츠요이가 양식전문점인... ,more_than_like,20250518
https://blog.naver.com/sdm1106/224019115900,행궁동데이트는 <b>셰프스위트</b> 파스타 뇨끼 맛집이네요.,행궁동데이트 장소로 유명한 <b>셰프 스위트</b>에 다녀왔습니다. 행궁동을 조금 거느다보면 알게 되는게 은근히 데이트 할 공간이 많다는 것인데요. 그중에서도 <b>셰프 스위트</b>는 행궁동데이트 명소로 자리잡고 있는... ,지극히 개인적인 블로그,20250923
https://blog.naver.com/creamsweet11/223816589471,수원 행궁동 맛집 이탈리안 레스토랑 <b>셰프스위트</b>,"수원 행궁동 맛집 이탈리안 레스토랑 :: <b>셰프스위트</b> 안녕하세요 쩡입니다.!_! 별거 안했다하지만, 은근... 엄.............. - 이하 생략 - #수원맛집 #수원화성맛집 #행리단길맛집 #수원행리단길맛집 #<b>셰프스위트</b>",쩡월드(ZZUNG WOLRD),20250418
https://blog.naver.com/ean1004/223533031589,[수원 행궁] 행궁동맛집+<b>셰프스위트</b>,<b>셰프스위트</b>에 다녀왔어용 <b>셰프스위트</b> 입구에요! 푸릇푸릇합니다 통창이 멋지더라구요 넓은 매장! 양식당 분위기인데 오픈주방이에요!! 분위기 있는 인테리어 화장실은 반층 올라가야해요 ㅎ 대기공간도 넘넘... ,아이랑 발도장 찍으며 놀고먹고즐기기,20240801
https://blog.naver.com/mdc0318/223876920744,수원 행궁동맛집 양식과 일식의 조화 <b>셰프스위트</b>,이 포스팅은 음식을 제공받아 먹어보고 솔직하게 작성한 후기입니다 <b>셰프스위트</b> 경기 수원시 팔달구... 가게 메뉴 이곳 행궁동맛집 세프스위트는 맛있는 메뉴들이 정말 많았는데 신기했던건 파스타와... ,MD 커플의 팔도 유람기,20250525
https://blog.naver.com/haranghee/223574791099,수원 행궁동 맛집 <b>셰프스위트</b>,<b>셰프스위트</b> 메뉴는 정말 이름 딱 그대로예요. 버섯피자랑 요 토마토 파스타랑 궁합이 아주 찰떡! 셰프수위트는 주기적으로 먹어줘야해요 ^^ 참고로 수원 공방거리에서 온누리 상품권 페이백 행사를 해요!... ,LOVELY 핑크핑크해 ♥︎,20240906
https://blog.naver.com/lll_oo/223704653844,수원파스타 <b>셰프스위트</b> 행궁동데이트 추천,수원파스타 <b>셰프스위트</b> 안녕하세요~~~~ 오늘은 양식전문점과 일식전문점이 함께하는 느낌이 드는 <b>셰프스위트</b> 소개할게요 ! 눈이 흩날리는 날 찾은 수원파스타 잘하는 <b>셰프스위트</b> ! 오랜만에 맛있는 파스타 먹고... ,달달한 노락질,20241225
https://blog.naver.com/suwongokr/223882130524,[수원시 착한가격업소] <b>셰프스위트</b>│팔달구 · 남창동 맛집,"● 업소명 : <b>셰프스위트</b> ● 업소형태 : 양식 ● 착한품목 : - 까르보나라 15,000￦ - 언더더씨 17,000... 업소 &lt;<b>셰프스위트</b>&gt; 가끔 가족이나 친구 연인과 함께 특별한 날, 평범한 일상 속에서 한 끼의 행복을 찾고... ",수원시 착한가격업소,20250529
https://blog.naver.com/b99210/223926695537,행궁동맛집 &quot;<b>셰프스위트</b>&quot; : 분위기 좋은 뇨끼 맛집!,<b>셰프스위트</b>는 CHEF SWEET가 아닌 CHEF'S WIT래요! 이름처럼 셰프위 위트가 들어간 다양한 메뉴가 있었어요! 일식당도 함께 운영하고 있어서 초밥까지도 주문이 가능하답니다! 음식이 나오기 전 에피타이저로... ,이러쿵 저러쿵 리뷰&일상,20250708
https://blog.naver.com/warmnbeautiful/224032211332,수원 행리단길 맛집 <b>셰프스위트</b> 솔직후기 샐러드파스타 리조또... ,"바로 <b>셰프스위트</b>인데요. 그냥 지나가다가 눈에 띄어서 들어갔는데, 행리단길 맛집은 이유가 있었어요. 분위기랑 맛 둘다 좋았던 수원 행리단길 맛집 <b>셰프스위트</b> 내돈내산 리뷰 들어갑니다. <b>셰프스위트</b> 주소... ",따뜻하고 아름다운,20251005
https://blog.naver.com/yjuuy96/223998022455,수원 행궁동 맛집 <b>셰프스위트</b>,오랜만에 만난 혠이와 치과치료가 끝나고 점심을 같이 하러 행궁동 맛집 <b>셰프스위트</b>에 다녀왔다 <b>셰프스위트</b>는 양식 전문점으로 파스타가 맛있어서 전에도 몇번 방문한 적이 있었는데 최근에는 일식도 같이... ,Juwoo Log,20250906
https://blog.naver.com/ghksgml10023/224033555330,행궁동 양식 맛집 <b>셰프스위트</b> 일식 맛집 츠요이가 한공간에!,행궁동 양식 맛집 <b>셰프스위트</b> 일식 맛집 츠요이가 한공간에! 행궁동 양식 맛집 / 행궁동 일식 맛집 “<b>셰프스위트</b>” 안녕하세요 화니 입니다 :) 오늘은 제가 무려 3년전부터 꾸준히 가고있는 행궁동 양식 맛집... ,H_2,20251006
https://blog.naver.com/hi_record/224012174892,행궁동데이트 코스 양식 일식 모두 있는 <b>셰프스위트</b> 솔직후기,행궁동데이트 코스 양식 일식 모두 맛있는 <b>셰프스위트</b> 솔직후기 행궁동데이트 코스 이곳은 데이트... (주말에는 웬만하면 대중교통 이용하세요!) 양식과 일식 모두 맛볼 수 있는 행궁동 맛집 <b>셰프스위트</b>는 파스타... ,뚱대장의일상,20250917
https://blog.naver.com/nymjyjluv/224242738461,동탄북광장술집 분위기 좋은... 즐길 수 있는 <b>수작 동탄북광장점</b>,삼성파크뷰 건물 2층에 있는 &quot;수작&quot; 코리안 이자카야 수작♥ 입구부터 분위기가 심상치 않아요~!!... 저장해두었습니다^^ <b>수작 동탄북광장점</b> 화성시 동탄구 동탄중심상가2길 11 (삼성파크뷰 2층) 매일 낮12:00~다음날... ,쭈블리의 꽃길만걸어요♡,20260407
https://blog.naver.com/gabbbung/224256358143,"잡은 ‘<b>수작 동탄북광장점</b>‘ 후기 | 동탄 북광장 술집, 동탄... ","위치 &amp; 전화번호 <b>수작 동탄북광장점</b> 경기도 화성시 동탄중심상가2길 11 삼성파크뷰 201호  0507-1331-8998... 22,900원 수작 보쌈 25,900원 육회비빔면 19,900원 수작 꽃육회 18,900원 수육두부김치 24,900원 청양 유린기 20... ",가뿡 블로그,20260418
https://blog.naver.com/hyezumiya/224143643755,동탄 낮술 하기 좋은 안주 맛집 <b>수작 동탄북광장점</b>,오늘은 소개해 드릴 동탄 술집은 <b>수작 동탄북광장점</b>입니다! 1동탄 북광장은 워낙 회식장소로도 유명해서 검색하시는 분들은 위치를 잘 아실 것 같아요! <b>수작 동탄북광장점</b>은 낮부터 영업을 해서 동탄... ,행복 찾아 삼만리,20260112
https://blog.naver.com/dotmin_/224200338816,<b>수작 동탄북광장점</b>｜동탄북광장술집｜동탄술집,오늘은 동탄북광장술집 한국식 이자카야 '수작'을 소개할게요! <b>수작 동탄북광장점</b> ⏰ 영업시간 : 12:00... (사실 빙수도 먹을까 엄청 고민했지만 배가 너무 불러서 포기.. ) 수작 북광장점은 주문이 들어가는 즉시... ,점이 세상◡̈♥️,20260301
https://blog.naver.com/beansyeah/224141322315,용용선생 동탄북광장점... <b>수작 동탄북광장점</b> | 김치어묵칼국수... ,주점인 수작으로 갔슴다!ㅎㅎ 음식들 리뷰 써볼게요옹~ 반송동 용용선생 동탄북광장점 저어기... 용용선생메뉴추천 #동탄북광장6명술집 #<b>수작동탄북광장점</b> #수작김치어묵칼국수 #수작보리새우부추전... ,심심풀이 땅콩예,20260110
https://blog.naver.com/silluvcozy/224265397967,동탄북광장술집 중 단체모임 하기 좋은 <b>수작 동탄북광장점</b>... ,"솔직 후기 동탄북광장술집 중에서 가성비, 메뉴 다양성, 단체 수용까지 다 고려하면 <b>수작 동탄북광장점</b>은 동탄단체모임 장소로 충분히 괜찮은 선택지입니다. 여럿이서 가서 이것저것 시켜먹기 좋고 부담 없이... ",시리의 집밥일기,20260426
https://blog.naver.com/ley_lra/223821055860,진정한 안주맛집 &quot;<b>수작</b>&quot; <b>동탄 북광장점</b>,&quot;<b>수작 동탄 북광장점</b>&quot; 친구들과 저녁을 먹으면서 한잔 하자고 약속을 했다 동탄에서 핫한 북광장으로... 가능 수작은 동탄 북광장에 위치해있고 광장무대 바로 근처에 있다 건물 2층으로 올라가면 입구에서부터... ,레이랑♡리아랑,20250404
https://blog.naver.com/3star00/223943839549,"메뉴가 모두 완벽한 동탄 술집, <b>수작 동탄북광장점</b>",메뉴 하나하나 정갈하고 맛있고 분위기도 좋은 동탄 북광장 술집 수작 200% 만족스러웠어요. #동탄북광장술집 #동탄술집 #동탄회식 #동탄단체모임 #동탄수작 #<b>수작동탄북광장점</b> #동탄맛집,fun fun한 리뷰,20250723
https://blog.naver.com/leeys12345/224032003338,[<b>수작 동탄북광장점</b>] 안주 맛있는 동탄술집,"협찬+내돈내산 쪼꿈 후기 스타트 <b>수작 동탄북광장점</b> 위치: 화성시 동탄중심상가2길 11 삼성파크뷰 201호... 낮부터 새벽까지 달릴 수 있는 술집이구나,,, 동탄 북광장 2층에 있는 수작!! 북광장은 동탄 회식하러... ",꿀팁블로그 여행&뷰티&맛집❤,20251004
https://blog.naver.com/w0--0w/224174889119,동탄 북광장 술집 막걸리 맛집 <b>수작 동탄북광장점</b> 후기,2층에 위치한 동탄 북광장 술집 막걸리 맛집 <b>수작 동탄북광장점</b> 외관 입니다! 입구에 수작.... 개수작.... ㅋㅋㅋㅋㅋㅋㅋㅋㅋㅋㅋㅋㅋㅋㅋㅋㅋ 오!? 이런 의미였던건가!?!? 테이블로 구성된 동탄 북광장 술집... ,푸파가 꿈인 미동이,20260207
https://blog.naver.com/weepleget57/224159201566,동탄북광장술집 <b>수작 동탄북광장점</b> 회식부터 단체모임까지... ,남겨줬어요 동탄북광장술집은 수작북광장점 <b>수작 동탄북광장점</b> 낮 12시부터 다음날 오전 8시까지 운영 넓고 여유로운 내부 공간 다양한 안주와 주류 구성 주차까지 편리한 완성도 높은 동탄북광장술집... ,리뷰 좋아하는 꼬니 선생밈,20260125
https://blog.naver.com/freetofly_friendship/224060342524,[동탄북광장술집] <b>수작 동탄북광장점</b>｜막걸리·꼬치·전... ,동탄 북광장 술집 수작 모임장소로 자신 있게 추천드려요 <b>수작 동탄북광장점</b>  경기 화성시 동탄중심상가2길 11 삼성파크뷰 201호 ⏰ 매일 낮 12:00~ 아침 08:00  건물 지하 주차 가능 Free To Fly _ Friendship... ,긍정우정 Free To Fly :D,20251031
https://blog.naver.com/hhj00hhj00/224142807351,동탄 북광장 술집 한식주점... 영업하는 <b>수작 동탄북광장점</b>... ,동탄북광장술집 추천 안녕하세요~ 비오는 날 막걸리 한잔하기 좋은 곳을 찾다가 <b>수작 동탄북광장점</b>을... 수작 메뉴 수작작 동탄북광장점 메뉴판입니다 한식주점답게 안주 종류도 다양하고 가격도... ,쩡이 하루,20260111
https://blog.naver.com/bling_ayang/224026236907,"[내돈내산] 안주가 맛있는, 요리주점 &quot;<b>수작</b>&quot; <b>동탄북광장점</b>... ",이번에 갔던 곳도 동탄 번화가에 있는 &quot;수작&quot; 이라는 체인 술집이었습니다. 예전에 수작 안주도 맛있고... 되었어요~ <b>수작 동탄북광장점</b>은 2층에 있었습니다~ 여기는 모든 건물 모든 층이 다 사람이 많은 그야말로... ,"에이양의 행복 한스푼 | 맛집,요리,여행,리뷰",20250930
https://blog.naver.com/wjdwpdud1234/224143333484,동탄북광장술집 <b>수작 동탄북광장점</b> 반송동술집,<b>수작 동탄북광장점</b> 경기도 화성시 동탄중심상가2길 11 삼성파크뷰 201호 매일 12:00 - 08:00 전화 0507-1331-8998... 구경하는 재미가 있었어요~ 그리고 간단히 먹으려고 들어온 수작 동탄북광점에 왔어요! 북광장 쪽에... ,review,20260112
https://blog.naver.com/haruharu891/224142728001,"동탄 북광장 술집,  <b>수작 동탄북광장점</b>",있다면 <b>수작 동탄북광장점</b>은 꼭 한 번 가볼 만한 곳이에요. #<b>수작 동탄북광장점</b> 주소 경기 화성시... 동탄회식장소 #동탄북광장맛집 #수작 #코리아이자카야 #동탄핫플 #동탄가볼만한곳 #동탄술집후기... ,하루하루 열심히,20260111
https://blog.naver.com/y131wjd/223809806426,맛있는 안주가 가득한 동탄북광장안주맛집 <b>수작 동탄북광장점</b>,"동탄의 어디를 가든 수작이 생각났었는데, 술찌이지만 오늘은 수작에 가서 맛있는 안주를 먹어보기로!! <b>수작 동탄북광장점</b> 주소: 경기 화성시 동탄중심상가2길 11 삼성파크뷰 201호 (반송동 88-9) TEL: 0507-1331-8998... ",Media Naranja,20250325
https://blog.naver.com/eatandgo_/223895474721,[동탄/술집] 안주와 분위기 맛집 <b>수작 동탄북광장점</b>,오늘의 소개드릴 곳은 '<b>수작 동탄북광장점</b>'이예요! 매일 12:00 - 08:00 (연중무휴) 삼성파크뷰 건물... #동탄북광장술집 #동탄술집 #동탄회식 #수작동탄점 #꽃육회맛집 #유린기맛집 #동탄단체모임 #이자카야분위기... ,먹고 떠나는 EAT&GO,20250611
https://blog.naver.com/ayeonbao/223527593634,[동탄 북광장 술집] 단체모임... 우리술 <b>수작 동탄북광장점</b>,"오늘은 동탄 북광장에 메인 거리에 위치하고 있는 일일<b>수작 동탄북광장점</b>에 다녀왔습니다 :) 분위기가... 엘리베이터 내려 좌측을 보시면 동탄 북광장 술집 수작의 화려한 입구를 보실 수 있는데, 강아지 인형과... ",아얀’s Diary -,20240727
https://blog.naver.com/2948012/223847352561,[화성 동탄]<b>수작 동탄북광장점</b> 동탄북광장술집 분위기 갑!!... ,<b>수작 동탄북광장점</b> 정보 위치 : 경기도 화성시 동탄중심상가2길 11 삼성파크뷰 201호 ☎ 전화번호 : 0507... 아래 '수작'이라는 나무 간판이 눈에 확 들어온다. 입구 옆에는 작은 소품들 &quot;개수작&quot;!!! ㅋㅋㅋㅋ 노란색... ,♥Love Home.♥,20250426
https://blog.naver.com/runding2/224271477262,수원 광교 맛집 <b>스시소라 광교점</b> 런치 오마카세 후기,"4월에 제 생일이 있어 남편이랑 <b>스시소라 광교점</b>으로 런치 오마카세 먹고왔어요! 사실 스시소라는 전에 마포지점으로 방문해봤는데, 오마카세임에도 가격 대비 너무 맛있게 먹었던 기억이 있어 재방문까지... ",룬띵 블로그,20260501
https://blog.naver.com/heeni_0310/224159780511,<b>스시소라 광교점</b> 주말 런치 오마카세 후기,"되고, 스시소라에서 식사 후에 4시간 주차권을 넣어주십니다 예약 / 가격 / 영업시간 <b>스시소라 광교점</b>은 예약제로 운영되고 있습니다 저는 캐치테이블로 예약했고 캐치테이블이나 전화를 통해 예약하고... ",힌슐랭,20260126
https://blog.naver.com/sandy_notes/224152489269,<b>스시소라 광교점</b> 런치 디너 오마카세 콜키지 예약,"생일을 기념하기 위해 <b>스시소라 광교점</b>을 방문했다. 이전에 스시소라 마포점을 갔던 기억이 있는데, 광교점은 처음 방문하게 됐다. <b>스시소라 광교점</b>은 광교아브뉴프랑에 위치해있고, 광교중앙역 3번출구와... ",샌디의 생각 노트,20260119
https://blog.naver.com/ggyurib/224271896031,[수원시 영통구] <b>스시소라 광교점</b>,<b>스시소라 광교점</b> 영업시간: 월-금 12:00 ~ 22:00 / 토-일 11:30 ~ 21:30 ✔️ 캐치테이블 예약가능 ✔️ 주차... 좋음 스시소라 많이는 안 가봤지만 여태 가본 지점중 제일 맛있게 먹었던 것 같다 알차고 퀄리티 좋은... ,귤 BLOG,20260501
https://blog.naver.com/sk_agape/224231363843,[내돈내산] <b>스시소라 광교점</b> 인생 첫 오마카세 방문 솔직후기,"평일 디너 18시로 예약하고 갔어요~ <b>스시소라 광교점</b>은 광교 아브뉴프랑 1층에 있는데, 아파트 입구로... 이제 스시 시작인데요~! 기억 나는것만 적겠습니다~ 주도로 ㅠㅠ 진짜 말이 필요 없는.. 너무 맛있어서... ",체리콕의 블로그,20260327
https://blog.naver.com/dailyhyunee/224170707200,"[수원 맛집] 오마카세 입문자 추천, <b>스시소라 광교점</b>",이용해서 스시소라 근처에서 내렸습니다. 궁 잔기지떡 매장 왼쪽에 계단이 있는데요. 계단 이용하셔서 올라가시면 바로 앞에 매장이 보입니다. <b>스시소라 광교점</b>은 런치 5만원 / 디너 10만원 으로 가격이... ,돼지런한 일상,20260203
https://blog.naver.com/yeondaze/224026092200,수원 광교 오마카세 추천 | <b>스시소라 광교점</b> 디너 내돈내산,이번 주말 저의 생일을 맞아 <b>스시소라 광교점</b> 디너 코스 먹으러 다녀왔어요.  바로 리뷰 시작할게요!... 앵콜스시도 전 이걸루 했답니다  다음은 도미 초밥! 안쪽에 쪽파가 들어가 있는 초밥이었어요. 간장을 다... ,연푸디 Blog♥,20250929
https://blog.naver.com/peony_blossom/224184462126,<b>스시소라 광교점</b> 런치 오마카세 후기,솔직히 진짜 맛있어서 또 가고 싶은 오마카세 <b>스시소라 광교점</b> 후기 언제가지 언제가지 하다가도... 스시소라 가고 싶은 날에는 광교점으로 다녀오고싶다는 이야기 차완무시 요거요거 진짜 감칠맛 가득 기분좋게... ,＊데일리 메모리즈＊,20260215
https://blog.naver.com/avec_o/224022149912,분위기 좋은 광교 오마카세 추천 | <b>스시소라 광교점</b>,#스시소라 #<b>스시소라광교점</b> #광교스시소라 #광교오마카세 #오마카세 #아브뉴프랑광교 #광교아브뉴프랑 #아브뉴프랑맛집 #광교맛집추천 #광교스시맛집 #광교기념일 #광교데이트코스 #광교초밥 #광교스시,일상을 여행처럼,20250926
https://blog.naver.com/hyesung5082/224242702164,"[내돈내산] 평일에 가기좋은 스시야, <b>스시소라 광교점</b> (콜키지... ",(와이프는 예약해줘서 먼저 가봤는데 가성비좋다고 강추하더라는....)  스시소라 광교 위치 : 경기... 운영하기때문) <b>스시소라 광교점</b>은 주차걱정이없어서 좋았다. 같은건물에 롯데마트가있어서 자리가... ,리뷰왕 딴지로,20260406
https://blog.naver.com/eunjiia_/224167025051,<b>스시소라 광교점</b> 디너｜수원 광교 오마카세 추천 내돈내산 후기,"저희는 <b>스시소라 광교점</b> 평일 디너 1부(18시) 로 예약 후 방문했어요 글 쓰기에 앞서 이런 분들께... 삼치 개인적으로 삼치를 즐겨 먹는 편은 아닌데, 스시소라의 삼치는 찰짐이 다르고 속이 꽉 찬 느낌이라... ",ᴍʏ ғᴀᴠ,20260201
https://blog.naver.com/hoyjin1859/223913808897,<b>스시소라 광교점</b> 스시 오마카세 디너 후기,"스시소라 술 종류 생맥부터 샴페인, 특히 사케가 여러종류 있더라구요. 원래 사케도 먹으려고 했는데 둘... 온다면 ‘한상태’ 쉐프님 지정하려구요. . . . . . . 광교 근처 스시 오마카세 <b>스시 소라 광교점</b> 강추합니다",랑우의 여행&맛집 BLOG,20250627
https://blog.naver.com/aaa9a/223491592433,"광교 오마카세, 특별한 기념일엔 <b>스시소라 광교점</b>으로!","스시소라를 예약했다. 원래는 스시 코우지를 예약하려고 했으나 예약도 어렵고 좀 부담스러운 가격이라 일단 미들급인 <b>스시소라 광교점</b>부터 도전! 광교 오마카세, <b>스시소라 광교점</b> 후기 주소 : 경기 수원시... ",마인트,20240626
https://blog.naver.com/2bbang-/224231197394,[수원] <b>스시소라 광교점</b> 오마카세 디너 평일 콜키지 프리 추천,"5만원 위스키, 소츄 병당 3만원 ❌휴무 : 없음 [시설 정보] 주차 : 4시간 무료 <b>스시소라 광교점</b> 가격 [메뉴] ✔️런치 : 50,000원 ✔️디너 : 100,000원 스시소라 디너 코스 스시소라 정자점은 방문해봤는데, 광교점... ",2BBANG LifeLog,20260327
https://blog.naver.com/blocolri/223750591485,광교 오마카세 <b>스시소라 광교점</b> 런치,화에서 <b>스시소라 광교점</b> 헤드셰프인 한상태 셰프가 최고 에이스로 뽑히는걸 보고 한번 가보고 싶어져서 마침 기념일을 맞아 다녀왔다. 1월에 방문함. 스시소라 정보 광교 아브뉴프랑에 위치해 있다. 런치 디너... ,블로콜리의 세상구경,20250207
https://blog.naver.com/star3012777/224177994171,광교오마카세 <b>스시소라 광교점</b> 런치 가족들이랑,"♥ 광교오마카세 <b>스시소라 광교점</b> 런치 가족들이랑! 처음 와봤는데, 스시소라 브랜드가 정자점, 판교점, 광교점 등 여러 브랜드가 있어서!ㅎㅎㅎ 전부 통합해서 쿠폰을 모으면!ㅎㅎ 일정금액 할인이 된다고... ",핫핑크미미 리뷰♪,20260210
https://blog.naver.com/kks0754/224113177794,수원 - 광교중앙역 오마카세 '<b>스시소라 광교점</b>',광교중앙역 오마카세 '<b>스시소라 광교점</b>'. 스시 오마카세에 입문할 때 딱 알맞은 스시야. 처음 스시소라에 갔던게 7년 전인데 딱 5천원 오르면서도 꾸준하게 유지 중인 퀄리티 덕에 종종 찾게 됩니다. 맛있게 잘... ,스머프마을,20251222
https://blog.naver.com/hyodi3609/224081720708,결혼기념일에 방문한 인생 첫 오마카세 &quot;<b>스시소라광교점</b>&quot;,가까운 <b>스시소라 광교점</b>에 방문했는데요 예약과 결제는 캐치테이블을 통해했어요 코스요리른... 먹었어요 스시소라는 콜키지가 가능해서 원래 논알콜와인을 사서 가려했는데 깜박하는 바람에 매장에서... ,나의 이야기,20251120
https://blog.naver.com/rhkrekdms93/224247642566,<b>스시소라 광교점</b>| 기념일맛집... 광교오마카세 스시소라... ,"광교 맛집 스시소라 #광교맛집 #광교오마카세 #<b>스시소라 광교점</b> 경기도 수원시 영통구 센트럴타운로 85 광교아브뉴프랑 1층 C101, 102호 ️ 평일 런치 12:00/1:30 평일 디너 18:00/20:00 주말 런치 11:30/1:00 주말 디너 17:30... ",다니의 낮과 밤ෆ,20260410
https://blog.naver.com/suerte_fortuna/224234754148,수원 광교 맛집 | 수원 광교 오마카세 <b>스시소라 광교점</b>,"수원 오마카세 <b>스시소라 광교점</b> 다녀왔어요 런치로 다녀욌어요 ▪️운영시간 월~금 12:00~ 22:00 토, 일 11:30 ~ 21:30 ❗️예약필수❗️ ▪️주차 광교 아브뉴프랑 주차장 전 캐치테이블로 예약하고 갔어요!!... ",우당탕탕 라이프,20260330
https://blog.naver.com/bo_reum22/223728101009,찐친이랑 행궁동 맛집 <b>슬로우써니사이드</b> 후기,<b>슬로우써니사이드</b> 2025.01.11 오늘 완전 럭키비키~~ 친한 친구들이랑 자유부인 하는날 눙물이 난다... 우리의 목적지는 <b>슬로우써니사이드</b> 바로바로 행궁동 브런치 맛집!! 차로간 저희는 화홍문 공영 주차장에... ,나댕기는거 좋아해요,20250116
https://blog.naver.com/pinks1230/224139788411,감성 넘치는 행궁동 브런치 맛집 추천 &quot;<b>슬로우써니사이드</b>&quot;,다녀왔습니다 &quot;<b>슬로우써니사이드</b>&quot; 지금 바로 소개해 드릴게요!! 사진&amp;포스팅 무단 도용금지 2차가공... 다 먹고 계단 내려가면서 봤는데 냥이집이 있더라구요 ㅎㅎㅎ 고양이는 어디 갔는지 안보였지만(?) 써니라... ,다채롭게 채우는 일상 '◡' ღ,20260108
https://blog.naver.com/s2special/223484999553,행궁동뇨끼 맛집 <b>슬로우써니사이드</b> 애견동반가능해요,"맛집 <b>슬로우써니사이드</b> 다녀왔어요 아이 동반 가능하고 애견 동반도 가능한 곳이랍니다 (리드줄은... 후무스크림뇨끼와 써니브렉퍼스트, 애플망고 에이드를 시켰어요 제일 먼저 후무스크림뇨끼가 나왔어요... ",뚜야의 달콤한 나의 도시,20240619
https://blog.naver.com/chlwldn9/224220769651,"수원 행궁동 브런치 맛집 <b>슬로우써니사이드</b>, 수원 토박이가... ",그래서 수원역이랑도 한 컷 ㅋㅋㅋㅋㅋㅋ 수원 행궁동 맛집 <b>슬로우써니사이드</b> 수원 행리단길 한가운데 있는 <b>슬로우써니사이드</b> 오픈하고 얼마 안된 시간에 갔는데도 자리가 거의 없었다는 점..!!! 행궁동 정말... ,매일매일 여행 Log,20260318
https://blog.naver.com/myj0991/224271308459,행궁동 브런치 맛집: <b>슬로우 써니 사이드</b>,<b>슬로우 써니사이드</b> 영업시간 : 매일 10:30 - 19:30 (매주 화요일 휴무) SNS: https://www.instagram.com/ 주차: 인근... 다녀왔던 <b>슬로우써니사이드</b> 주택가를 개조했어유~~ 2층도 있는데 우리는 1층으로 안내받았다. 1층은... ,영9일기,20260501
https://blog.naver.com/sshin1012/224102899269,행궁동 브런치 추천 <b>슬로우써니사이드</b>,"ㅋㅋㅋ 선업튀 선재집 바로 근처에 위치한 <b>슬로우써니사이드</b> (Slow sunnyside) 외관도 너무 이쁘고 옛것... 수원 슬로우써니사이드️ 이곳에 오면 굳이 카페에 또 갈 필요가 없을 정도로 식사, 디저트에 커피까지... ",사랑이 있는곳엔 삶이 있다.,20251209
https://blog.naver.com/6_6cioe/224164667845,"행궁동 맛집, 감성 가득한 <b>슬로우써니사이드</b>","갔는데요 <b>슬로우써니사이드</b>를 드디어 다녀오게 됐습니다. 여기 벌써 행궁동 브런치, 행궁동 맛집으로 유명한곳이긴 한데.. ㅋㅋㅎ 유행에 뒤늦게 탑승해봅니다 <b>슬로우써니사이드</b> 경기도 수원시 팔달구... ",녕로그,20260129
https://blog.naver.com/kiki2a/223518841287,행궁동맛집 <b>슬로우써니사이드</b> | 행궁동 데이트로 딱 분위기 짱 !,"행궁동맛집 <b>슬로우써니사이드</b> 매일 10:30~19:30, 화요일 정기휴무 오랜만에 행궁동 데이트를 한 날이였다 시간이 애매하지만 모처럼 수원이라 방문한 행궁동맛집 <b>슬로우써니사이드</b> 행궁동맛집... ",리릭리릭 휘리릭 ♪,20240719
https://blog.naver.com/uyj9065/224141703101,"행궁동 브런치, 양식 맛집 <b>슬로우 써니 사이드</b>",행궁동 감성 맛집 : <b>슬로우 써니 사이드</b> 경기 수원시 팔달구 신풍로45번길 13 매주 화요일 정기 휴무 10:30... 맛집 <b>슬로우 써니 사이드</b> 오늘은 엄마와 함께 브런치를 즐기러 왔어요 오래된 구옥을 개조해서... ,Yu.armoire,20260110
https://blog.naver.com/seung_bird/224087398507,행궁동 맛집 <b>슬로우써니사이드</b>에서 브런치 즐기기,"금요일 오전에 다녀왔던 행궁동 브런치 맛집 <b>슬로우 써니사이드</b> 솔직후기입니다. 매장 외관의... <b>슬로우 써니사이드</b> 메뉴판 피넛 앙글레이즈 프렌치 토스트 15,000원 멕시칸 머쉬룸 샌드위치 16,000원 비프칠리... ",새하루:: 매일 가고 매일 씁니다,20251125
https://blog.naver.com/jeimona/223905459302,행궁동 브런치 맛집 <b>슬로우써니사이드</b> 데이트,"행궁동 브런치 맛집 <b>슬로우써니사이드</b> 데이트 글,사진 @jeimona 언제 가도 좋은 행궁동. 오늘은 행궁동... 슬로우써니이드는 주차장이 따로 없어요 행궁동이 그렇듯 근처 공영주차장 이용해야합니다. 오픈시간은... ",모나로그 _ 여행 맛집 그리고 취미,20250620
https://blog.naver.com/mihyeable/223704793594,행궁동브런치 | <b>슬로우써니사이드</b>,1층 발판은 <b>슬로우써니사이드</b>의 slow만 있었는데 나머지 sunny side는 2층에 적혀있네요! 넘귀 ㅎㅎㅎ 2층은 들어가자마자 큰 스피커가 반겨주구요! (배경음악은 결코 시끄럽지않아요!) 써니사이드라는 이름에... ,"틈틈여행일기,",20241225
https://blog.naver.com/9sasa9/224159907943,"수원 행궁동 브런치카페 <b>슬로우써니사이드</b>, 분위기 좋은 행궁동... ",(그냥 그렇다고 해요 제발) #행궁동나들이 가신다면 행궁동 브런치 맛집으로 #<b>슬로우써니사이드</b> 감히... 어디 빵인지 알려주신다면 복받으실 텐데… #슬로우써니싸이드솔직후기 솔직하고 솔직하지 않고 뭐... ,madman for life,20260126
https://blog.naver.com/muriel_95/224232715970,행궁동 브런치카페 <b>슬로우써니사이드</b> 파스타 리조또 꿀조합... ,<b>슬로우써니사이드</b> SlowSunnySide 행궁동 브런치 카페 @ 트러플 포테이토 리조또 @ 버진 명란 오일파스타... 싶다면 써니사이드 추천드려요! @ 버진 명란 오일파스타 리조또 필승 조합으로 버진 명란 오일파스타... ,뮤블로그,20260328
https://blog.naver.com/tnr6343/223805417086,수원 행궁동 맛집 <b>슬로우써니사이드</b> 파스타 리조또 내돈내산... ,f o o d ✨ 수원 행궁동 맛집 <b>슬로우써니사이드</b> 파스타 리조또 내돈내산 후기 ⏰ 영업시간 ⏰ 매일 10:30... 유명한 <b>슬로우써니사이드</b>에요 2층 벽돌집으로 골목에 위치해 있어서 전용 주차장이 없기 때문에 근처에... ,맹슈기네 지구별 여행기,20250321
https://blog.naver.com/kjy8317/223522031939,[행궁동 맛집] 행궁동 브런치 맛집! <b>슬로우써니사이드</b>,<b>슬로우써니사이드</b> 브런치 후기! 하늘이 엄청 예뻣던 날! 친한 언니와 브런치를 하기위해 행궁동... 맛집 <b>슬로우써니사이드</b>!! 여기 전부터 인스타에서 보고 와보고싶었던 곳이에요! 입구부터 알록달록 너무 예쁜... ,킴지의 일상기록,20240722
https://blog.naver.com/smalove7/223597541993,행궁동 브런치 맛집 <b>슬로우써니사이드</b>,행궁동 브런치 맛집 <b>슬로우써니사이드</b> 수원에 사는 친구와 만나기로 약속을 하고 어디서 볼까 장소를... 맛집 <b>슬로우써니사이드</b>에 방문해 봤습니다. 행궁동 브런치 맛집 <b>슬로우써니사이드</b> 주차 Slow sunyside는... ,달콤한 나의 도시,20240926
https://blog.naver.com/kkorom12/223415157951,수원화성나들이 ; 행궁동맛집 <b>슬로우써니사이드</b>에서 브런치타임.,"가볍게 화성 한바퀴 산책을 마치고, 행궁동 분위기 좋은 곳으로 유명한 <b>슬로우써니사이드</b>를... 행궁동맛집 슬로우써이사이드의 메뉴판. 브런치로 좋을 만한 메뉴도 많고, 식사가 다양해서 브런치로 런치로.... ",여왕님은 언제나 신혼여행 중 ♡,20240414
https://blog.naver.com/du_buuu/224262545070,수원 행궁동 브런치 맛집 <b>슬로우써니사이드</b>,식사하기엔 조금 애매한 시간이라 가볍게 즐길 수 있는 브런치 카페를 찾다가 '<b>슬로우써니사이드</b>' 발견했어요-! <b>슬로우써니사이드</b>는 한적한 골목가에 위치하고 있어서 조용한 여유를 즐기기 좋아요! 다만... ,나의 조각집,20260423
https://blog.naver.com/rainkisses01/223414174198,수원 화성근처 행궁동맛집 <b>슬로우써니사이드</b>,"행궁동맛집 <b>슬로우써니사이드</b> <b>슬로우써니사이드</b> 매주 화요일 휴무 영업일 10시30분부터 19시30분까지... 메뉴쓰 맛있어 보이는 게 너무 많아서 고민에 고민을 더한 끝에,,,,, 미소크림 스테이크 리조또 써니... ",＼(⊙^⊙)/,20240413
https://blog.naver.com/ksk98815/223980465782,광교 인도요리 정통 커리와 난 가성비 세트메뉴 <b>시타라 광교점</b>,"1인 세트도 있고, 대체로 세트가 가성비가 좋은 편이라 <b>시타라 광교점</b>에 방문한다면 세트메뉴를 추천한다! 우리가 주문한 메뉴는  시타라 세트 A [치킨 마카니 커리 + 갈릭난 + 탄두리치킨 반마리+ 밥... ",별의별,20250823
https://blog.naver.com/wooji2025/224247334285,입문자들도 먹기 좋은 광교 커리 맛집 <b>시타라 광교점</b>,추천 #광교커리맛집 #수원인도커리 #수원광교맛집추천 #광교카페거리인도요리 #광교카페거리인도식당 #수지인도요리 #수지맛집 #커리맛집 #시타라 #시타라광교 #<b>시타라광교점</b> #감자튀김 #춘권튀김 #탄두리치킨... ,우지네 소박한 이야기,20260410
https://blog.naver.com/iam_ground/223841270602,추천 친구들과 함께 가기 좋은 곳 광교 런치 추천 <b>시타라 광교점</b>,"<b>시타라 광교점</b> 주소: 경기 수원시 영통구 이의동 1306-12 영업시간: 월 ~일 11:00 - 22:00 매달 2, 4번째 화요일 정기 휴무 전화: 0507-1384-4725 주차 매장 앞 가능 시타라는 광교중앙역 근처에 위치해 있어서... ",Matti House / 마띠하우스 .모네베이비,20250421
https://blog.naver.com/mmoha710/224255066697,"광교 커리 맛집, 카페거리 안에 있는 인도요리점 | <b>시타라 광교점</b>",<b>시타라 광교점</b>에 다녀왔어요. 전에 한 번 강남에서 인도 요리 먹고 반해서 친구랑 약속 있는 김에 제가... 가능 시타라는 광교카페거리 안에 있는데요 매장 바로 앞에 4대 정도 주차할 수 있습니다! 들어가기... ,"여행, 그리고 한 끼에 대한 기록",20260417
https://blog.naver.com/ddooly_/224090546974,[광교카페거리 맛집 추천] 광교 인도요리 전문점 '<b>시타라 광교점</b>... ,"<b>시타라 광교점</b> 주차 우리도 매장 앞에 자리가 있어서 바로 주차 완료 <b>시타라 광교점</b> 시타라는 커리뿐만 아니라 인도, 네팔 음식전문점이다!ㅎㅎ 매장 내부모습 광교 커리 맛집 광교 커리 맛집 내가 퇴근 후에... ",쏘햅삐 뚤리의 일상,20251127
https://blog.naver.com/ujm3984/224261747906,광교 커리 맛집 <b>시타라 광교점</b> 방문 후기｜메뉴·맛·주차 총정리,"* 2공영 주차장은 09:00 ~ 18:00 무료 주차 가능  메뉴 &amp; 리뷰 이벤트  <b>시타라 광교점</b> 메뉴판 주중 11:00~14:00까지 제공되는 가성비 좋은 시타라 점심 세트도 있고, 인원수 맞게 주문할 수 있는 세트 요리가 많아... ",일기짱,20260422
https://blog.naver.com/lldejll/224218173372,"광교 인도요리, <b>시타라 광교점</b> : 방문 후기","광교 인도요리, <b>시타라 광교점</b>: 방문 후기 주소: 경기 수원시 영통구 센트럴파크로127번길 42 1층... 런치세트, 시타라 인원세트 1인, 2인, 3인,4인까지 ! 그리고 커리 종류도 세분화 되어 있고 다양해서 좋았어요.... ",내내 어여쁘소서,20260316
https://blog.naver.com/whiteexpert/224228281503,광교 인도요리 <b>시타라 광교점</b>에서 현지 느낌 물씬~ :),"다음에 또 광교 인도요리가 생각나면, 저는 아마 망설임 없이 시타라를 떠올릴 것 같아요. “수원 인도커리 어디서 먹지?” “수원 광교 맛집 추천 좀 해줘”라는 질문받으면, <b>시타라 광교점</b> 그대로 자신 있게... ",백박사의 꿀로그,20260324
https://blog.naver.com/jiny9998/224273772954,광교 커리 맛집 [<b>시타라 광교점</b>] 수원 인도커리 맛집 솔직후기,"바로 [<b>시타라 광교점</b>] 입니다. 정통 인도 요리를 즐길 수 있는 곳인데, 분위기도 음식도 기대... 이런 메뉴 구성 덕분에 시타라가 광교 커리 맛집으로 입소문 난 이유를 확실히 알겠더라구욧! 시타라 세트 A (2인)... ",✧｡도파민 저장소✧*｡,20260504
https://blog.naver.com/jamong05_/224184908392,"<b>시타라 광교점</b> 런치 후기｜광교 인도요리 2인 34,000원 구성... ",<b>시타라 광교점</b> 맛따라 김자몽이에요 :) 광교에서 제대로 된 광교 인도요리 맛집을 찾고 계신다면? 런치 구성부터 만족스러웠던 <b>시타라 광교점</b> 추천드려요. 방문 이유｜인도 음식을 좋아하는 엄마를 위해!... ,맛따라 여행떠나는 김자몽,20260215
https://blog.naver.com/hihi1004z/224190954337,광교 인도요리 카페거리맛집 <b>시타라 광교점</b>,"광교 인도요리 <b>시타라광교점</b>은 광교 카페거리에 위치하고 있는데요. 광교중앙역 기준, 도보 15분로 접근성이 좋았어요. 걷다보니 금방 인도, 네팔 음식전문점시타라에 도착했어요. 내부 시타라 내부는 엄청... ",오늘도 채테크,20260221
https://blog.naver.com/faithonly0/224224962021,광교 인도요리 맛집 &lt;<b>시타라 광교점</b>&gt;,"카페도 다양하게 준비되어 있는데요~ 수지인도요리 맛집 &lt;<b>시타라 광교점</b>&gt; 시타라 세트에는 커리를 제한 없이 한 가지 고를 수 있습니다. 치킨마카니를 선택해보았습 니다. 토마토, 바질, 와인소스, 허브... ",No Regret,20260321
https://blog.naver.com/kuri98/224245409772,[광교 맛집] <b>시타라 광교점</b> : 광교 커리 맛집 광교카페거리 식당... ,"[<b>시타라 광교점</b>] 위치 : 경기 수원시 영통구 센트럴파크로127번길 42 1층 ⏰️영업시간 : 11:00 - 22:00 매달 2... ✔️ 시타라 세트 메뉴 A [2인] 간식&amp;스타터 탄두리 치킨타카 반마리&amp;샐러드 난, 커리, 라이스, 음료 *난... ",･ﾟﾟ*｡.몽글한 하루.｡*･ﾟﾟ,20260408
https://blog.naver.com/nibusc/224253104099,수원 인도커리 <b>시타라 광교점</b>에서 특별한 저녁식사,#광교커리맛집 #수원인도커리 #수원광교맛집 #수원광교맛집추천 #시타라 #<b>시타라광교점</b> #광교카페거리인도요리 #광교카페거리인도식당 #수지인도요리 #수지맛집 #인도커리 #광교인도커리 #광교인도요리,하루하루 잘 살기✿,20260415
https://blog.naver.com/daily_fit/224194179538,"수원 광교 맛집 추천, 광교 인도요리 '<b>시타라 광교점</b>'","수원 광교 맛집 추천, 광교 인도요리 '<b>시타라 광교점</b>'는 인도분이 직접 서빙하고 만들어주는... 2인이면 시타라 세트 메뉴A (2인)코스로 주문을 하지만, 우리는 커리와 난을 많이 먹으려고 ㅋㅋ 1인 런치세트로... ",요이의 소소한이야기,20260224
https://blog.naver.com/labong_berry/223848786938,수원맛집추천 / 광교 커리 / <b>시타라 광교점</b>,"광교 인도커리, 광교 맛집을 찾는 분들은 현지인이 직접 만드는 <b>시타라 광교점</b>! 방문해보세요 ㅎㅎ #수원인도음식 #수원커리 #수원런치 #수원점심 #수원맛집추천 #영통커리 #영통런치 #영통점심 #광교커리 #광교점심",헷지의 먹고 여행다니기,20250428
https://blog.naver.com/psjin0311/224195197354,광교 인도요리 찐맛집 추천 :: 광교카페거리 [<b>시타라 광교점</b>],"맛집 시타라] !! <b>시타라 광교점</b> ⏰️ 매일 11시~22시 (2,4째주 월 휴무)  031-214-4725 ️ 매장 앞 4-5대, 근처 공영주차장 매번 지나다니면서 간판이랑 인테리어만 보고 예쁜 양식집이라고 생각했었는데, 알고보니... ",Live with 리브,20260225
https://blog.naver.com/neulbo2/224109393417,[수원 인도커리] <b>시타라 광교점</b> 솔직후기,"<b>시타라 광교점</b>  매일 11:00-22:00 (매달 2, 4번째 월요일 휴무) ✅ 네이버예약 가능  매장앞 주차가능 수원 인도커리 사타라 광교점의 외관입니다. 매장 앞에 주차 공간이 있어서 차를 가지고 오신분들은 매장 앞에... ",꿀쓰의 일상,20251214
https://blog.naver.com/qwer67415/224109069291,수원 광교 맛집 추천 <b>시타라광교점</b> 현지의 맛,"*  메뉴｜현지 느낌 제대로 담은 시타라 세트 A <b>시타라 광교점</b>에서 주문한 세트 메뉴 A는 구성부터 진짜 알차서 만족도가 높았어요  2인 기준인데 그린 샐러드로 가볍게 시작하고, 사모사 차트랑 탄두리 치킨... ",에어무민의 blog,20251214
https://blog.naver.com/bluestar1639/224122100182,인도 현지맛 느낄 수 있는 광교 인도요리 맛집 <b>시타라 광교점</b>,"오늘은 수원 인도커리 맛집 시타라에 다녀온 후기를 작성해 보려고 해요! <b>시타라 광교점</b> 경기 수원시 영통구 센트럴파크로127번길 42 1층 031-214-4725 ⏰매일 11:00-22:00(매달 2,4번째 월요일 휴무) 광교 카페거리에... ",파란별 삶의 일기,20251225
https://blog.naver.com/aydayd23/224097788270,[경기/수원] ‘<b>쏠스트릿 행궁점</b>’ - 행궁동 성곽길 카페 추천... ,카페쏠스트릿 내돈내산 후기 들려드릴게요:) <b>쏠스트릿 행궁점</b> 영업시간 : 매일 12:00~22:00 라스트오더 21:30 경기 수원시 장안구 팔달로 255 우솔빌딩 3층 위치는 장안문 근처에요!! 팔달문 근처에도 성곽길 카페... ,묭묭이의 하루ෆ˙ᵕ˙ෆ,20251205
https://blog.naver.com/1028br/223553055997,<b>쏠스트릿 행궁점</b> 성곽뷰 장안문뷰 열기구뷰 행궁동카페... ,그래서 제일 가까운 카페였던 쏠스트릿에 가게 되었어요 1층에 로또집이 있고 3층과 루프탑이 바로 <b>쏠스트릿 행궁점</b>이에요 로또집이 명당인 것 같아 로또를 사 보았지만 결과는... 네.. 로또 1등 되서 당첨 후기... ,루씨의 놀이로그,20240819
https://blog.naver.com/gil_liver/224256229086,<b>쏠스트릿 행궁점</b> 인스타 감성 가득한 행궁동 신상 카페 디저트... ,바로 감각적인 인테리어와 달콤한 디저트로 입소문이 자자한 <b>쏠스트릿 행궁점</b>에 다녀왔답니다. 입구에서부터 느껴지는 이국적인 스트릿 감성 덕분에 마치 서울의 핫플이나 해외 여행지에 온 것 같은 착각이... ,길리버여행기 탐험일지,20260417
https://blog.naver.com/bae_cchuu/224272655396,[수원] 행궁동 테라스 카페 '<b>쏠스트릿 행궁점</b>' 장안문 성곽 뷰 맛집,행궁동 성곽뷰 카페 <b>쏠스트릿 행궁점</b> @배츄. All rights reserved 안녕하세요~ 배츄입니다! 오랜만에 수원... 그럼 내돈내산 행궁동 성곽뷰맛집 '쏠스트릿' 후기 시작해보겠습니다!안녕하세요~ 쏠스트릿 영업정보... ,배츄의 하루(◕‿◕✿),20260502
https://blog.naver.com/seblog114/224110835329,카페:: 수원 크리스마스 카페 행궁동 <b>쏠스트릿 행궁점</b>,"수원, 크리스마스 카페 <b>쏠스트릿 행궁점</b>(Cafe Sole Street) 수원에도 반짝반짝 예쁘게 꾸며진 크리스마스... 출입문부터 크리스마스 분위기 느껴지는 쏠스트릿! 두 면이 창문으로 되어 있어 뷰가 시원하게 보이는... ",보통날들의 기록,20251215
https://blog.naver.com/easy1394/224250370754,수원 행궁동 데이트코스 추천 성곽뷰 카페 <b>쏠스트릿 행궁점</b>... ,<b>쏠스트릿 행궁점</b>은 건물 3층에 위치하고 있다. 이런 곳에 카페가..? 싶은데 쏠스트릿 간판을 보고 호다닥 올라감~ 건물 내 엘리베이터를 이용할 수도 있어서 휠체어나 유모차를 이용하는 경우에도 방문하기... ,세상 소소한 일기,20260413
https://blog.naver.com/mittum/223896115509,수원 행궁동 조용한 뷰맛집 카페 <b>쏠스트릿 행궁점</b>,발견✨ <b>쏠스트릿 행궁점</b>  주소 경기 수원시 장안구 팔달로 255 우솔빌딩 3층 ⏰ 영업시간 수~월 12:00 - 22... 행궁동뷰맛집 #<b>쏠스트릿행궁점</b> #행궁동데이트코스 #행궁동가볼만한곳 #행리단길 #행리단길카페,밋떰픽,20250611
https://blog.naver.com/choiyn1204/223985371109,수원화성 성곽뷰 분위기 좋은 <b>쏠스트릿 행궁점</b> 내돈내산 후기,"24 <b>쏠스트릿 행궁점</b> 주소 : 경기 수원시 장안구 팔달로 255 우솔빌딩 3층 주차 : 무료 주차 가능 영업시간... ( •︠ࠏ•︡ ) 수원 행궁동 카페 '쏠스트릿'은 3층에 자리 잡고 있는데요, 엘레베이터가 있기 때문에... ",나야 Blog,20250827
https://blog.naver.com/ettije/223783864436,[수원카페/행궁동카페] <b>쏠스트릿 행궁점</b>,<b>쏠스트릿 행궁점</b> 입니다 위치는 행궁동에서 장안문 밖으로 나가면 거의 바로 있어요 <b>쏠스트릿 행궁점</b> 쏠스트릿.. 찾는데 쉽지 않아요 왜나면 간판이 반대편에서 봐야 잘 보이거든요ㅠㅠ 그래서 거의 코앞까지... ,특파원우여사의 끄적임,20250305
https://blog.naver.com/joy_e_zinn/224244048866,[노진 Pick_행궁동] 수원 행궁동 햇살 뷰 맛집 - <b>쏠스트릿 행궁점</b>,"수원 행궁동에서 성곽 뷰와 노을을 한꺼번에 즐길 수 있는 카페 '<b>쏠스트릿 행궁점</b>'에 다녀왔다. 블로그... 쏠스트릿 라떼 (6,500원) 냉침 밀크티 (6,000원) 우리는 간단한 디저트와 함께 아메리카노를 마시려고... ",노진의 외부 생활,20260407
https://blog.naver.com/jplej/223693430676,수원 행궁동 카페 : <b>쏠스트릿 행궁점</b>,카페 '<b>쏠스트릿 행궁점</b>'을 소개합니다 ! 건물 입구에는 입간판으로 쏠스트릿 안내가 되어있고 엘리베이터 앞 층 안내에도 큼지막하게 적혀 있어 바로 찾아보실 수 있어요 3층에 위치한 수원 행궁동 카페... ,은로그 ღ˘⌣˘ღ,20241214
https://blog.naver.com/ehowl2141500/223853928036,"카페 추천, <b>쏠스트릿 행궁점</b> : 쏠스트릿라떼, 말차크림라떼 ☕️","<b>쏠스트릿 행궁점</b> ☞ 영업시간 : PM 12:00~PM 22:00 L.O : PM 21:30 ☞ 주차 : 화홍문공영주차장 추천 30분 600원... 이름은 #쏠스트릿카페 3층에 있다보니 길거리에서 그냥 슥슥보면 잘 안보이더라구요, 기억합시다 1층... ",올챙이의 블로그,20250503
https://blog.naver.com/jjoo_on/223710552724,장안문 뷰 연말 분위기 물씬나는 분좋카 ‘<b>쏠스트릿 행궁점</b>’ 굿굿,"양꼬치를 먹고 대화타임을 가지러 간 카페, <b>쏠스트릿 행궁점</b> 여기에 카페가 있나 싶은 고런 건물인데 엘베타고 올라가면,, 있습니다! 놀랍게도! #행궁동카페 #장안문카페 #쏠스트릿 위치는 장안문 바로 앞 큰... ",쭈ON,20241231
https://blog.naver.com/hrsummer/224114427814,"화성행궁 대형트리, 코닥미니샷월드화성행궁점, <b>쏠스트릿행궁점</b>",쏠스트릿 행궁정 크리스마스분위기가 뿜뿜하는 행궁동의 많은 카페중에 픽한 곳은 <b>쏠스트릿 행궁점</b>. 다른 행궁점의 트리와 구별되는 특별한 점은 바로 장안문과 트리를 찍을 수 있다는 것. 우리가 막 카페에... ,Indian Summer,20251218
https://blog.naver.com/rim9911150/223930775997,[수원 행궁동 카페] ‘<b>쏠스트릿 행궁점</b>’ | 성곽 뷰 분위기 좋은... ,수원행궁동카페 #수원행궁동카페추천 #행궁동카페 #행궁동카페추천 #행궁동내돈내산 #행궁동내돈내산카페 #행궁동뷰카페 #행궁동뷰맛집 #행궁동뷰좋은카페 #행궁동뷰카페추천 #쏠스트릿 #<b>쏠스트릿행궁점</b>,먹깨비의 하루,20250712
https://blog.naver.com/daily_ian/224261843699,<b>쏠스트릿 행궁점</b> | 수원 행궁동... 쏠스트릿 디저트 후기... ,추천할만 곳 같음 사람들이 너무 많아지지 않기를 바라면서 ㅎㅎㅎㅎ 계속 장사될 정도로 적당히 손님들이 찾아오면 좋겠다는 이기적 생각으로 마무리 #행궁동카페추천 #수원화성뷰카페 #<b>쏠스트릿</b>행궁동,Daily_ian,20260423
https://blog.naver.com/kin0765/223798070340,"수원 성뷰를 보며 멍때리기 좋은 뷰 맛집 카페, <b>쏠스트릿 행궁점</b>!","이렇게 조금 걷고나니 카페에 얼추 도착했는데요~ <b>쏠스트릿 행궁점</b> 경기도 수원시 장안구 팔달로 255(영화동 328-3) 우솔빌딩 3층 건물 내 주차 가능, 반려동물 동반 가능 카페 외관 화성 쪽에서 보였던 쏠스트릿... ",앙끄한 인생,20250316
https://blog.naver.com/simong_0_0/223638218031,수원 행궁동 루프탑 성곽뷰카페｜<b>쏠스트릿 행궁점</b>,쏠스트릿에서 보는 성곽 뷰가 너무 궁금해져서 앞으로 행궁동 오면 종종 방문하게 될 것 같아요~! 수원 행궁동에서 예쁘고 분위기 있는 카페를 찾고 계신다면 <b>쏠스트릿 행궁점</b> 방문해 보시는 걸 추천드립니다~~,돼지온의 탐방일기,20241029
https://blog.naver.com/bej_0211/223764588143,[수원/행궁동] 행궁동 뷰 맛집 카페 <b>쏠스트릿 행궁점</b>,"위치해있는 <b>쏠스트릿 행궁점</b> 아니 친구야 널 찍으려던 게 아니구..^^;; 3층으로 올라가자 대기 공간이... 하지만 추워서 가보지는 못함^_ㅠ 메뉴 ✔대표 메뉴 쏠스트릿 라떼, 제주말차크림라떼, 리얼딸기라떼... ",디니의 일상 기록,20250218
https://blog.naver.com/855ab/224015706078,수원 행궁동 디저트 맛집 카페 <b>쏠스트릿 행궁점</b>,<b>쏠스트릿 행궁점</b> -영업시간 월-일요일 12:00-22:00 라스트 오더 21:30 매주 화요일 휴무 -자체 주차장 구비 -테이크아웃 할인 가능 -반려동물 동반 가능 메뉴판입니다 행궁동 디저트 카페 쏠스트릿은 다양한 메뉴가... ,뭉이의 맛집 일상일기,20250920
https://blog.naver.com/nishachoi/224262603897,<b>아실라</b> Day Trip – 대서양 바닷가의 벽화마을,떨어진 <b>아실라</b>로 Day Trip 이곳은 벽화로 유명한 마을이라고 한다. Tanger Vill 기차역 모로코의 기차역은 번쩍번쩍하다. 여기에도 역시 스타벅스가 있었다. <b>아실라</b>로 가는 기차는 고속열차가 아닌 일반열차.... ,세상은 넓고 갈데는 많다,20260423
https://blog.naver.com/wonderful_ee/224262979311,모로코 신혼 여행(3) 페스(Fez)/<b>아실라</b>(Asilah),의미인지 <b>아실라</b>에서도 똑같이 해줌.. 주인 아저씨는 영어 짱 잘해서 너무 좋았음 그리고... 타고 <b>아실라</b>에 가야해서 페즈 기차역으로 출-발 ! 모로코는 기차역도 참 이쁘다 특히 저 문양이... ,Live your life your way.,20260423
https://blog.naver.com/papadoa/224209264933,충주 현지인 맛집 여기 <b>아실라</b>나?,충주 현지인 맛집 여기 <b>아실라</b>나? 충주에 살면서 거의 외지인은 안가는 곳이다. 현지인 분들에게... 자신있게 추천하는 곳이기도 하구용 오늘은 충주 현지인 맛집 여기 <b>아실라</b>나? 에 대해 함께 알아봤어요.,도아아빠의 정리 공간,20260308
https://blog.naver.com/smileroadtour/224262461498,헤라클레스 동굴·<b>아실라</b> 벽화마을·라바트 모로코 여행 코스 추천,"길, <b>아실라</b>와 라바트를 둘러보며 모로코에서의 마지막 여정을 보냅니다 (다음날 새벽 5시 반 공항으로... 이제 <b>아실라</b>로 이동합니다! <b>아실라</b>는 '예술가의 마을'이라 불리는 낭만적인 해안 도시예요 <b>아실라</b>에... ",| 스마일로드 | 모든 여행은 스마일로드로 통한다✈️,20260423
https://blog.naver.com/dear_my_abyss_/224271998925,강남역 소개팅 맛집 <b>아실라</b> | 프라이빗 룸 식당 이색 데이트... ,강남역 소개팅 맛집 <b>아실라</b>에 다녀왔습니다. 강남역은 갈 때마다 새로운 곳이 참 많이 생겨서 어딜 가야 하나 고민이 늘 많은데요. 요즘 프라이빗하게 커튼으로 쳐진 룸 식당이 많이 없잖아요. 강남 <b>아실라</b>... ,쩝쩝박사의 숨겨진 맛집을 찾아서,20260502
https://blog.naver.com/qkralskek/223534914634,"강남역와인바 강남데이트,소개팅에 제격인 <b>아실라</b>","그럼 <b>아실라</b> 후기 남겨볼게요. 강남역 11번 출구에서 315m 상호: <b>아실라</b> 강남점 주소:서울 강남구 강남대로98길 16 파빌리온 영업시간:월-금 18:00-24:00 토,일 12:00-24:00 전화번호:0507-1400-4665 뭔가 느낌이 롯데월드... ",미나봉 흥이넘치는이야기,20240803
https://blog.naver.com/justnopressure/224091438304,강남역 와인바 <b>아실라</b>에서 프라이빗한 시간,강남역 와인바 신기한 공간을 찾았슴 강남 한복판에 의외로 분위기 있고 근사한 곳이라 지도 켜놓고 꼭 저장해두시기 바람 강남역 와인바 <b>아실라</b>! 고우고우! 강남역 와인바 파스타 <b>아실라</b> 평일 18:00- 24:00 주말... ,시드업리프터 | 아하소비일기,20251128
https://blog.naver.com/yogoni/224182790529,강남역 분위기 좋은 소개팅 와인바 맛집 '<b>아실라</b>' 모로코 이태리... ,"+ 차액 내돈내산 강남역 이색적이고 오묘한 분위기, 모로코 이태리 음식 레스토랑★ <b>아실라</b>  서울... <b>아실라</b> 입니다. 강남역 11번 출구에서 직진하다가 에잇세컨즈 나오면 우회전 합니다. 쭉 올라가다보면 단막... ",목표는 팔방미인❣️,20260213
https://blog.naver.com/memo2s/224109310534,콜롬비아 핀카 하르딘 델 에덴 펠리페 <b>아실라</b> 따비 CM 내추럴... ,딱 한 잔만 마신 게 너무 아쉽고 강렬하고 그런데 싱글오리진원두는 자주 바꾸셔서 또 판매하시지는 않는 것 같다... #커피 #원두 #원두커피 #콜롬비아원두 #콜롬비아핀카하르딘델에덴펠리페<b>아실라</b>따비CM내추럴,스캐너의 기록저장소,20251214
https://blog.naver.com/bbaryongeeee/224232808715,모로코 <b>아실라</b> 벽화마을 메디나 (주차장),"[제 블로그 글은 모바일에 최적화 되어 있습니다] 모로코 <b>아실라</b> 벽화마을 메디나 (주차장) 아프리카... 유명한 <b>아실라</b> 입니다. 잠깐 들러서, 산책해볼만한 곳 <b>아실라</b> 함께 만나보시죠! 목차 1) 위치 (주차장) 2)... ",아프리카 프로여행러 긍정빠룡이,20260328
https://blog.naver.com/ilsun0202/223858609623,[모로코] <b>아실라</b>의 메디나(Medina) &amp; 벽화 마을,"<b>아실라</b>(Asilah)는 모로코 북서부 연안에 위치한 행정 구역상 탕헤르테투안 지방에 속하며, 인구... <b>아실라</b> 성채는 15세기 후기부터 16세기 초기까지 포루투갈의 군인 건축가인 보타카에 의해... ",단청발전소 Dancheong Art Powerhouse,20250508
https://blog.naver.com/oooseugi/223630080935,강남역와인바 소개팅하기좋은 파스타 맛집 <b>아실라</b>,바로 '<b>아실라</b>'라는 와인바 겸 파스타 맛집! 강남역에서 가까워서 접근성도 좋고 분위기도 정말 좋아서... 난다 <b>아실라</b> 서울 강남구 강남대로98길 16 파빌리온  평일 18:00 - 24:00 주말 12:00 - 24:00  가게 주차 불가... ,스기로운 생활,20241023
https://blog.naver.com/polaris876/223831487581,강남역 프라이빗 룸 와인바/ <b>아실라</b> (feat. 모로코음식점),이국적인 분위기에서 맛있는 와인까지 마실수 있어 정말 만족스러웠던 와인바 <b>아실라</b>! 어떤곳인지 궁금하시죠? 바로 상세하게 소개해볼게요. <b>아실라</b> 강남역 프라이빗 룸 와인바; 이곳이 오늘 제가 방문한... ,그냥 쓰는 다이어리,20250413
https://blog.naver.com/belief87/223815659357,강남역 룸술집 서울 강남역 소개팅 맛집 술집 와인바 <b>아실라</b>,모로코 풍의 와인바 술집 <b>아실라</b>! 나고야에서는 20도가 넘어 더웠는데 서울은 왜 이리 춥나요..  오늘은 강남에 일이 있어 다녀왔어요. 내려간 김에 점심을 먹고 왔는데 강남역 술집 <b>아실라</b>입니다. <b>아실라</b>는... ,발레타와 유의미한 나날들,20250331
https://blog.naver.com/qhfk73/223697571407,강남역 파스타 맛집 분위기 좋은 와인바 <b>아실라</b>,강남역 파스타 맛집 분위기 좋은 와인바 <b>아실라</b> 안녕하세용!!!오늘은 강남역 파스타 맛집 분위기 좋은 와인바 <b>아실라</b> 포스팅 해볼게요! 강남역 11번출구에서 도보 5분 서울 강남구 강남대로98길 16 파빌리온... ,맹수의 일대기,20241218
https://blog.naver.com/dulcexo/224090508535,강남역 소개팅 맛집 룸이 있는 조용한 <b>아실라</b>,시작합니다 : ) <b>아실라</b> 강남 서울 강남구 강남대로98길 16 파빌리온 지하1층 18:00 - 24:00 02-508-4665 예약... <b>아실라</b> 강남점 영업시간은 매일 오후 6시부터 밤 12시까지로 저녁먹으면서 와인이나 주류 한잔하기 좋은... ,✨Dalon’s daily✨,20251127
https://blog.naver.com/wjdrkddud22/224100362011,세계여행 [모로코/<b>아실라</b>-789] 바다와 커피를 낭만의 조각으로... ,2025.05.24 탕헤르에서 <b>아실라</b>까지 기차여행을 떠났다. 숙소에서 1시간 넘게 걸리는 기차역까지 걸어... <b>아실라</b>까지 비용은 몇 천원 정도로 아주 저렴한 금액이었다. 낡은 기차가 덜컹거리며 출발한다. <b>아실라</b> 역에... ,넘어져야 완성되는 도미노,20251206
https://blog.naver.com/gh20002000/224136290112,모로코 2주 여행 중 좋았던 곳 <b>아실라</b> 후기!,"모로코 2주 여행 중 좋았던 곳 <b>아실라</b> 후기! 모로코의 예술가 마을 <b>아실라</b> 다녀왔어요! 탕헤르에서 버스로 1시간 거리에 있는 작은 해안 도시인데, 메디나 벽화가 완전 예쁜 곳이더라구요 ㅎㅎ 여름마다... ",en reve cake 《✅》,20260106
https://blog.naver.com/pqbpyamvnd25193/224198561273,강남역 와인 레스토랑 <b>아실라</b> 후기,유명한 <b>아실라</b> 에 다녀왔습니다. 강남역 일대는 다양한 다이닝 옵션으로 유명합니다. 수많은... 그중에서도 강남역 와인 분위기를 제대로 즐기고 싶을 때 내가 가장 먼저 떠올리는 공간은 <b>아실라</b>입니다. <b>아실라</b>는... ,ENTJVU,20260227
https://blog.naver.com/hellenpark1/223814476669,강남역 소개팅 분위기 좋은 프라이빗 룸 술집 와인바 <b>아실라</b>,"강남역 <b>아실라</b> 하면 예전에 고등학교 친구랑 대학교 친구 소개해 준다고 데려갔던 곳인데요 오랜만에... 같아요 <b>아실라</b> 영업시간: 월~금 18:00~24:00 토~일 12:00~24:00 추석, 구정 당일 휴무 총 26개의 프라이빗... ",말휘엘렌의 건강하고 맛있는 일상,20250330
https://blog.naver.com/soup_sangmi/223514810857,"무려 강남역이지만 조용한 맛집, <b>아올</b>에서 단체 모임 하기","장소에 대해서는 많은 의견이 있었지만 최종적으로 친척동생이 찾아온 <b>아올</b>에서 모이게 됐는데, 넓고... 위에 있는 트리오드(카페)를 좋아하는 1인 사실 이곳의 케이크를 너무 좋아하지ㅋㅋ <b>아올</b> 내부 는 이런... ",슾상미의 미(美)식생활,20240717
https://blog.naver.com/k510hsil/224175581640,꽃의 얼굴을 찾는 시간 ― 꽃과생활 <b>아올</b>다님과 함께한... ,꽃과생활 꽃집에서 시작된 첫 수업 꽃과생활 꽃집에서 <b>아올</b>다님께 한국꽃꽂이를 배우는 첫날입니다.... <b>아올</b>다님은 꽃을 보며 이렇게 말씀하셨어요. “꽃도 얼굴이 있어요. 해를 바라보고 있는 방향이 그... ,식물들과 노니는 공간,20260207
https://blog.naver.com/ppjy3275/224192930041,"12월의 일상일기2 (박뚜기소금빵, 강남 <b>아올</b>, 러쉬 빅... ","레스토랑 <b>아올</b> 모임, 청모, 단체 회식장소로 추천 양갈비를 비롯해서 엄청 먹음 너무 맛있었음~!! 그리고 간만에 볼링치러 ㅋㅋㅋ 다들 싫어했지만, 노래방보다는 ^^ 저 호가든 잔 실제로 진짜 얼굴만한데 안... ",먹는데진심인나아의 열정넘치는 블록,20260227
https://blog.naver.com/eattang/223938136717,명지오션시티 미용실 추천 차홍 출신 <b>아올</b>헤어 레이어드 c컬펌... ,"명지오션시티 미용실 추천 차홍 출신 <b>아올</b>헤어에서 레이러드 c컬펌 후기 © 재미잇땅의 여행리뷰... ㅎㄷㅎㄷㅎㄷㅎ 어디냐면요 바로 <b>아올</b>헤어입니다! 오늘 포스팅에서는 <b>아올</b>헤어의 주차, 가격, 레이어드 c컬펌... ",재미잇땅의 여행리뷰,20250718
https://blog.naver.com/jane4495/223937533091,강남역 <b>아올</b> 소개팅이나 분위기 좋은 맛집 광고없는 곳인듯,강남역 <b>아올</b> 후기를 남겨본다 일단 결론부터 적어보자면 - 강남역에서 분위기 있는 레스토랑을 찾는... <b>아올</b>에서 안내하기로는 [ 역삼 문화공원 제 1호 공영 주차장 ] 을 이용하라고 함. 나는 <b>아올</b>이 무슨 뜻인가... ,우히의 보통날,20250721
https://blog.naver.com/cjy9357/224067913977,[부산/명지]명지 1인미용실 추천 중단발CS컬 후기 '<b>아올</b>헤어',<b>아올</b>헤어 영업시간: 화~일 10시~20 매장주소: 부산 강서구 명지오션시티4로 62 파빌리온빌딩 2층 매장문의... <b>아올</b>헤어에 직접 다녀온 후기를 가져와보았다. 평소 머리에 관심이 많이 없는 편이라 여름에는 머리를... ,"내 마음대로, 가장 보통의 하루",20251107
https://blog.naver.com/aglisteningripple/224225641152,"강남역 점심 맛집 <b>아올</b>, 재료 소진 마감되는 수제 돈까스집","매번 비슷한 메뉴 돌려먹다가, 제대로 된 돈까스가 땡겨서 찾아보다가 알게 된 곳이 바로 <b>아올</b>이에요.... 위치 및 주차 정보 강남<b>아올</b>위치는 강남역 12번 출구 기준 도보 약 5분 거리에 위치해 있는 곳이에요.... ",Late breeze,20260322
https://blog.naver.com/yu_dohee/224072364466,명지오션시티 미용실 <b>아올</b>헤어 히피펌 추천해요,명지미용실 <b>아올</b>헤어 원장님 실장님 모두 서울에서 근무하시고 온 경력자이시더라고요! 서울 헤어 부산에서 받아본다 생각하니 더욱 설렘..  <b>아올</b>헤어   부산 강서구 명지오션시티4로 62 파빌리온빌딩 2층  10:00... ,우린 어디에나,20251111
https://blog.naver.com/watermeloneluv/224174927230,"[ 신논현 / 강남 ] 분위기 좋은 양식 맛집, <b>아올</b> (우대갈비/뇨끼)",#강남 #신논현 #맛집 #양식 #우대갈비 #<b>아올</b> <b>아올</b> 안녕하세요 - :) 오늘은 강남에 있는 분위기 좋은 양식 맛집 ! &lt; <b>아올</b> &gt; 소개해드릴게요 ㅎㅎ &lt; <b>아올</b> &gt;은 강남역 12번 출구에서 도보 약 3분 거리에 위치하고 있어요!... ,우당탕탕 엄찌LOG,20260207
https://blog.naver.com/wngusdl9758/224163864728,강남 분위기 좋은 식당 소개팅 맛집 <b>아올</b> 우대갈비 뇨끼... ,기념일 맞춰서 가면 칭찬받기 좋은 강남 분위기 좋은 식당 소개팅 맛집 <b>아올</b> 후기 #내돈내산 문이 2곳이... 맛집 <b>아올</b> 테이블간 거리가 넓어서 대화하기 좋아요 자리 없을까봐 평일 저녁에 예약하고 왔는데 단체... ,쭈꾸미불고기,20260129
https://blog.naver.com/dorothy_bet/223417790896,서울역 근처 가성비 숙소 스테이<b>아올</b> 편안해,서울역 근처 가성비 숙소 스테이<b>아올</b> 편안해 글/사진 비현 요즘 여행을 다니느라 서울역을 사용하는... 스테이<b>아올</b>이라는 곳이고 네이버에서는 9번 출구를 알려주시는데 11번이 가깝고 조금 나아 보여서... ,"강원도, 1인 3색",20240416
https://blog.naver.com/esther9608/224252305675,"[강남역] 와인비스트로 <b>아올</b>, 어글리 칵테일바 투덜투덜리뷰",뭔가 많지만 갈곳이 진짜없는 강남 모임을 강남역에서 가지기로 했는데 찾다찾다 가게 된 와인비스트로 <b>아올</b> 옛날에 저장해 뒀었는데 가격이 좀 비싸서 강남에서는 와인을 잘 안마시게 되서인지 미루다가... ,단발안하면 두발검사함,20260414
https://blog.naver.com/uwon014/224247713321,서울 양재동 고시원 소개 스테이 <b>아올</b> 양재점 안심 가능한 여성... ,"고시원,고시텔 · 스테이 <b>아올</b> 양재점 ■ 업체 소개 스테이 <b>아올</b> 양재점은 서울 서초구 남부순환로356길 49 2층에 위치한 여성 전용 고시원이다 스테이 <b>아올</b> 양재점 ■ 업체 소개 스테이 <b>아올</b> 양재점은 서울... ",️★o.O★,20260412
https://blog.naver.com/dks3090/224177666458,강남역 소개팅 맛집 <b>아올</b> 꿀조합 추천,강남역 소개팅 맛집 <b>아올</b> 꿀조합 추천 강남역 11번 출구에서 도보 5분 거리에 있는 소개팅 맛집... 주소: 서울 강남구 강남대로94길 28 유니언타운 강남 G층 <b>아올</b>  영업 시간: 매일 18:00 - 22:00 21:00 라스트오더 일... ,지니의 기록장,20260209
https://blog.naver.com/junjun_26/224122521042,강남역 <b>아올</b> : 우대갈비 그리고 와인 한잔,"크리스마스 기념 분위기 좋은 곳에서 저녁을 먹기 위해 다녀온 곳 강남역 <b>아올</b> AOL 강남역 <b>아올</b> 정보 * 위치 * 강남역 11, 12번 출구에서 도보 5분 정도 거리에 있는 <b>아올</b> * 영업시간 * 월 - 금 11:30 ~ 22:00... ",준주루준,20251225
https://blog.naver.com/badame2/223675170506,"강남역 뇨끼, 분위기 맛집 <b>아올</b>",아니라서 ~~ <b>아올</b> 폭립 때깔도 좋고 ! 감튀도 있고 냠냠냠 먹다보니 왠지 양념치킨맛 나서 갸우뚱 하긴 했지만 고 다음 매콤 파스탉 유자 베이스의 오일 파스타 기본 베이스도 너무 맛있었고 면도 식감 너무 좋고... ,일상을 공유,20241127
https://blog.naver.com/hiwool/224040378366,강남역 수제돈까스 맛집 <b>아올</b> / 강남 직장인 한정수량 점심맛집... ,"맛집인 <b>아올</b> 입니다. 평소에는 레스토랑으로 운영되는 곳이지만, 평일 점심시간에는 맛있는 수제 돈까스를 한정수량 판매하고있는 근처 직장인들에게 인기가 많은 식당이예요. 위치 <b>아올</b>은 강남역 12번... ",소소하지만 특별한 것들,20251014
https://blog.naver.com/taxexp/224231413494,식사가능한 룸도있는 - 경양식돈까스 점심 압도적1타 '<b>아올</b>(AOL)',"강남역 <b>아올</b>, 강남 경양식 돈까스의 끝판왕을 만나다 강남역 근처에서 경양식 돈까스 하나만 놓고... 거대한 은색 도어에 &quot;<b>아올</b>&quot;이라고 적힌 입구. 문 손잡이가 나뭇가지 모양으로 꽤 독특하다. 밖에서... ",오늘의 식사와 여행,20260327
https://blog.naver.com/neoflat1116/223713747859,군자동 고시텔 광진구 원룸텔 여성 전용 '스테이<b>아올</b> 군자점',오늘 소개해 드릴 곳은 광진구 군자동 고시원 '스테이<b>아올</b> 군자점'입니다 합리적인 가격으로 쾌적하고... 스테이<b>아올</b> 군자점의 정확한 위치와 주변 정보들을 알아보도록 하겠습니다! 군자동 고시원 스테이<b>아올</b>... ,"고방, 1인가구 주거 플랫폼",20250104
https://blog.naver.com/ehdqkd752/223558688290,"강남역 맛집, 강남역 소개팅 맛집 <b>아올</b>","지에 중국 보내기 전에 맛있는 거 먹이려고 데려간 강남역 맛집, 강남역 소개팅 맛집 <b>아올</b>... theme=place&amp;area=pll 강남역 맛집, 강남역 소개팅 맛집 <b>아올</b> 네이버 예약하고 가시는 거 아주 추천합니다-!! 자리... ",두루두루 웨딩블로그,20240824
https://blog.naver.com/yeondoo_22/224240378354,"청모장소로 추천하는 강남역술집, <b>아이러브펍 강남본점</b>","까망베르 감자튀김, <b>아이</b>스크림 호떡과 페어링 추천! <b>아이러브펍</b> 이용 안내 사항도 테이블에 나와 있고 리뷰 이벤트참여시 서비스도 제공중입니다. 2. 메뉴 <b>강남</b>역맥주집 청모 장소 <b>아이러브펍</b>은 맥주와... ","yeondoo enjoy, like, just fun!",20260404
https://blog.naver.com/emily3716/223962434133,역삼동 강남역술집 수제맥주 맛집ㅣ<b>아이러브펍 강남본점</b>,ㅎㅎㅎ <b>아이러브펍 강남본점</b> 다양하고 맛있는 수제맥주를 한 번에 ~ 강남역맥주는 여기! 주소: 서울 강남구 테헤란로4길 45 1층 아이러브펍 영업시간: 월 ~ 토 15:00 ~ 03:00 (Last order 02:30) 일 15:00 ~ 02:00 (Last order 01... ,원스어폰어타임,20250807
https://blog.naver.com/bodam0526/224246996687,강남역 인근 2차 맥주 '<b>아이러브펍 강남본점</b>' 후기,<b>아이러브펍 강남본점</b> 후기를 남겨볼게요 주소 서울특별시 강남구 역삼동 827-20 영업시간 월~토 15:00 - 03:00 라스트오더 02:30 일 15:00 - 02:00 라스트오더 01:30 매장이 되게 넓은 편이었던 아이러브펍! 그래서... ,보다 나은 경선 블로그,20260409
https://blog.naver.com/jinagong1004/223966897074,[내돈내산]강남역 수제 맥주 맛집 <b>아이러브펍 강남본점</b>,무한정 앉아서 맥주 마시며 놀아도 되는 곳입니다. <b>강남</b>역에서 넓고 편안하게 맥주 마시고 싶으면 <b>아이러브펍</b> 추천합니다!! #<b>강남</b>역술집#<b>강남</b>역맥주#<b>강남</b>역회식#<b>아이러브펍강남</b>#<b>강남</b>역낮술#<b>강남</b>역수제맥주,리나의 소소한 소소,20250812
https://blog.naver.com/haejeong99/224059190954,[강남] <b>아이러브펍 강남본점</b> ㅣ 분위기 좋은 데이트 맛집 기록 ✨,"<b>아이러브펍 강남본점</b> 정보  주소 : 서울 강남구 테헤란로4길 45 1층 아이러브펍 ⏰ 영업시간 : 월~토 15:00... 모두 가능한 만능 펍 분위기 좋은 강남 데이트 코스를 찾고 있다면, <b>아이러브펍 강남본점</b> 추천드립니다!",Hye._.mong,20251030
https://blog.naver.com/luj9880/224270758951,주[酒]#(33)<b>아이러브펍 강남본점</b> [2차 맥주펍],"<b>아이러브 펍</b>이라는 곳이구요. <b>강남 본점</b>으로 다녀왔습니다. 일단, 인테리어가 아주 예뼈서 신경쓴 것이 보였습니다. 온갖 맥주들이 다 모여있는듯 했어요. 근데, 이것들을 다 먹어보려면, 상당히 애주가여야 할... ",우리 BLOG,20260430
https://blog.naver.com/alla48/224242035792,"강남역맥주 맛집 <b>아이러브펍 강남본점</b>, 벚꽃 데이트 후 분위기... ",추천 안주: 까망베르 감자튀김 / 아이스크림 호떡 ✔️ 반반 순살 치킨 바삭한 식감과 매콤한 양념... #강남역맥주 #강남역술집 #강남역회식 #아이러브펍 #<b>아이러브펍강남본점</b> #강남맛집 #강남술집 #강남맥주... ,대문자 T의 T스토리,20260406
https://blog.naver.com/skdud4527/223983290103,"강남역 맥주맛집 <b>아이러브펍 강남본점</b>(코젤, 빅웨이브, 롱보드... ",#아이러브펍 #<b>아이러브펍강남본점</b> #강남맥주맛집 #강남맥주 #강남맛집 #<b>아이러브펍강남본점</b>운영시간... 맥주만 드실분들은 아이스바 이용 위스키/보드카샷 이용하시는분들도 아이스바 이용 가능하다고해요... ,영나윤 : 영이의 소소한 일상,20250826
https://blog.naver.com/softions/224160550550,강남역회식 피맥 성지 발견! <b>아이러브펍 강남본점</b>... ,말씀드릴게요 <b>아이러브펍 강남본점</b> 서울 강남구 테헤란로4길45 0507-1396-8028 월-토15:00-03:00/일15:00-02:00 외부 아이러브펍 강남점은 강남역신분당선4번출구에서 도보5분거리에 있어요 강남역 번화가 중심에서... ,순간의 순강이,20260126
https://blog.naver.com/joung1951/224131458519,"추천!} <b>아이러브펍 강남본점</b> 강남역 아이러브펍, 독특한 수제... ","아이러브펍 #강남역맥주집 가운데 맥주들 있는게 너무 감성있는거같아용! KW:음식이 맛있어요,술이 다양해요,인테리어가 멋져요,단체모임 하기 좋아요,대화하기 좋아요] <b>아이러브펍 강남본점</b>의 위치 정보는... ",대동여지도,20260103
https://blog.naver.com/y_y0yy/223998970807,강남역술집 <b>아이러브펍 강남본점</b>,오늘 방문한 곳은 회식으로 가기에도 참 좋은 강남역맥주 맛집 <b>아이러브펍 강남본점</b>! 영업시간 월~토... #아이러브펍 #아이러브펍강남 #강남역술집 #강남역맥주 #강남역맥주집 #강남역회식 #강남역맥주맛집... ,윤또먹 윤또놀 윤또술,20250907
https://blog.naver.com/laurenchris/224100602949,[Mystery Life-ing] 서울/강남역 :: <b>아이러브펍</b> - <b>강남본점</b>... ,[Mystery Life-ing] ㅣ 서울/강남역 ㅣ <b>아이러브펍</b> (<b>강남본점</b>) ㅣ 맥주 &amp; 안주 근처에서 연말모임 1차 후에 발걸음을 하게 된 <b>아이러브펍 강남본점</b> 주소: 서울시 강남구 테헤란로 4길 45 1층 아이러브펍 강남역... ,Mystery Life-ing,20251206
https://blog.naver.com/mylegacies/224122600756,"&lt;<b>강남</b>역 <b>아이러브펍</b>&gt; <b>강남</b>역회식하기 좋은, 세계 맥주 전문... ",런던의 펍(pub) 문화였는데요. 웨스턴 펍의 문화와 분위기를 그리워하던 중 강남역 모임하기 좋은 맥주 전문점 아이러브 펍을 다녀오게 되었어요. 결과는 대만족! <b>아이러브펍 강남 본점</b> 테헤란로4길 45 1층... ,홍이의 맛있는 서재,20251225
https://blog.naver.com/rokafin/223739763012,<b>강남</b>역술집 <b>아이러브펍</b> 맥주 맛집 후기,"<b>강남</b>역맥주 맛집 <b>아이러브펍</b> 후기 <b>아이러브펍</b>은 어르신, 커플, <b>아이</b>들까지 누구나 호불호 없이... 수제 맥주가 다양하게 있는데, 용인에 있는 매직트리브루어리와 협찬하여 <b>본점</b>을 가지 않아도 수제 맥주의... ",Slow Compounding,20250127
https://blog.naver.com/keystone/224216165874,역삼동 <b>아이러브펍 강남본점</b>,"오늘의 생맥주는 오키나와의 오리온 맥주. 안주는 나초, 오징어 그리고 오래 전 한때 아버지가 퇴근길에 사오시던 고급 <b>아이</b>스크림의 대명사 엑설런트. 위치는 <b>강남</b>역 4번 출구 부근",끄적끄적,20260314
https://blog.naver.com/alicec__/223645594366,<b>강남</b>역술집 추천 맥주가 맛있는 <b>강남</b> <b>아이러브펍</b>,수제맥주집을 소개해드릴께요~ <b>강남</b>역술집 추천 맥주가 맛있는 <b>강남</b> <b>아이러브펍</b> 1. <b>강남</b>역술집 추천... 있는 <b>아이러브펍</b>은 용인 매직트리브루어리와 협찬해서 <b>본점</b>을 가지 않아도 수제 맥주의 맛을 느낄 수... ,마녀의 은밀한 연구실,20241104
https://blog.naver.com/pupple_/224119261702,<b>강남</b>역술집 <b>아이러브펍 강남</b>｜수제맥주부터 분위기까지 만족,"✔ 효모가 살아있는 수제맥주 ✔ 세계 각국 맥주 라인업 ✔ 감성적인 펍 인테리어까지 한 번에 즐길 수 있는 곳, 아이러브펍 강남 다녀왔어요   <b>아이러브펍 강남본점</b> 정보  주소 서울 강남구 테헤란로4길 45 1층... ",SLOW LIFE,20251223
https://blog.naver.com/gnslcjswo19/223544448100,<b>강남</b>역술집 <b>아이러브펍</b>,<b>아이러브펍 강남</b>역4번출구 <b>강남</b>역4번출구에서 도보5분 거리에 위치해있는 <b>아이러브펍</b> ! 1차라도 좋고... 있는 <b>아이러브펍</b>은 용인 매직트리브루어리와 협찬하여 <b>본점</b>을 가지 않아도 느낄 수 있는 수제 맥주의... ,모브 (맛집/패션/뷰티/이슈),20240811
https://blog.naver.com/starry_729/224042953999,<b>아이러브</b>맥주.. <b>아이러브펍</b>..       <b>강남</b>역술집 추천해드려요 //,"[Information] <b>아이러브펍 강남본점</b> &gt; 서울특별시 강남구 테헤란로4길 45 1층 &gt;  02-3443-0708 &gt; 영업시간 - 월... 친구, 연인, 아니면 간단한 회식 2차로도 너무너무 괜찮은 강남역맥주집인 아이러브펍 후기를 한 번... ",뚜요님의 bloge,20251016
https://blog.naver.com/starry_life/223962745767,"<b>강남</b>역술집, <b>강남</b>역회식, <b>아이러브펍</b> 에서 치맥하자!!","강남역회식, 아이러브펍 에서 치맥하자!! 강남역술집, 회식하기 좋은 수제맥주 펍 추천하고 싶은데요... 안주도 다양하니 치맥, 피맥 다 가능한 곳이랍니다~~ 강남역술집 <b>아이러브펍 강남본점</b>, 위치 정보 먼저... ","언제나 스무살, 엘리스텔라의 뷰티맛집",20250807
https://blog.naver.com/poongdong/224250062491,<b>이태원</b> 맛집 추천 대관 가능한 <b>아프아프</b> 와인술집,"오늘은 이태원 핵심상권의 대관이 가능한 이태원 맛집 추천이 가능한 와인바인 &quot;<b>아프아프 이태원</b>&quot;을... 업로드했기에, 이태원 대관 가능한 아프아프 업소의 실내 분위기 사진도 올려본다. 실내 공간의 구조도... ",열심히 살아가는 평범한 사람,20260413
https://blog.naver.com/datepop/224264374669,"성공 보장하는 분위기 있는 이태원 와인 바, <b>아프아프 이태원</b> 후기","<b>아프아프 이태원</b> 이태원 와인 바 루프탑 가볼만한곳 부쩍 가벼워진 옷차림만큼 마음도 들뜨는 요즘, 주말에 어디로 놀러갈지 고민되지 않으신가요? 매번 가는 뻔한 카페나 북적이는 식당 대신, 탁 트인... ",데이트팝 맛집여행,20260425
https://blog.naver.com/hyona___/224275745046,<b>아프아프 이태원</b> 루프탑 있는 이태원 대관 가능한 술집,있는 이태원 아프아프 입니다! 요즘 이태원에서 대관 가능하면서도 분위기까지 챙길 수 있는 곳을... 이태원의 골목길을 따라 걷다가 여기로 가는게 맞나?! 하는 순간 찾게 되었어요 * <b>아프아프 이태원</b> 주소... ,나다효,20260505
https://blog.naver.com/cindy-0517/223905763443,[용산 <b>이태원</b> 와인 맛집] <b>아프아프</b> : 루프탑에서 와인 한 잔,"용산 이태원에 위치한 아프아프 입니다. <b>아프아프 이태원</b> 서울 용산구 이태원로 19길 9-4 2층  36호선 이태원역 1번 출구 5분 거리  수 - 금 19:00 - 24:00 / 토 - 일 17:00- 02:00  0507-1351-2722  꿀 대구 17,000 / 라구인 헬 14,000... ",신디의 잡동사니,20250627
https://blog.naver.com/tphoaewjd/224169143790,[<b>아프아프 이태원</b>] 따뜻한 한식과 술을 곁들일 수 있는 이태원... ,<b>아프아프 이태원</b> 이태원역 1번 출구에서 도보 5분 거리에 위치해 있는 <b>아프아프 이태원</b> 이태원 메인 골목 초입에 있어 접근성이 아주 좋은 편!! 골목 입구에 안내 입간판이 있어 금방 찾아 들어갈 수 있다.... ,띵가띵가,20260202
https://blog.naver.com/warmingg/223902378772,"<b>이태원</b> 루프탑, <b>아프아프</b>에서 와인","안녕하세요, 워밍이에요!ㅎㅎㅎ 초여름에 다다른 요즘, 야장 한참 다니다가 이번엔 이태원 루프탑 아프아프 다녀온 포스팅 총총** <b>아프아프 이태원</b> 영업시간 : 수-금 19:00~24:00 토-일 17:00~02:00 매주 월,화 휴무... ",warmingg,20250617
https://blog.naver.com/chezjay/224276028584,이태원 맛집 추천 대관 루프탑 분위기좋은 술집 <b>아프아프 이태원</b>,"술집 <b>아프아프 이태원</b> 주소 서울 용산구 이태원로19길 9-4 2층 영업시간 수,목,일 18:00-24:00 / 금,토 18:00... 페어링 아프아프에서는 하우스 와인 및 시그니처 와인을 접할 수 있는데요. 특히 배우 하정우님이 라벨... ","chezjay, slow-aging",20260506
https://blog.naver.com/ssyenny/224253786527,이태원 와인 &quot;<b>아프아프 이태원</b>&quot; Review,<b>아프아프</b>의 닭 전골은 구운 닭다리살에 깊은 닭육수가 일품인 깔끔한 전골요리에요 여기서 한 잔 또 해야죠 <b>이태원</b> 와인 <b>아프아프</b>~ 빛까이 너무 이뻐요~ 아~~ 한입먹는 순간 육수가.... 기가 막힙니다 아니... ,쎠니의 해피데이,20260415
https://blog.naver.com/jmk6151/223858164539,모임하기 좋은 와인바 AFAF <b>아프아프 이태원</b>,아프아프(AF AF)미리보기 모임하기 좋은 와인바 <b>아프아프 이태원</b> 매장 위치 네이버 지도에선 이태원역 1번출구에서 나와 정든집 위로 올라가라고 표시되어 있지만 올라가지 마시고~정든집 안쪽 골목으로... ,자취생의 맛집·뷰티·셀프인테리어 이야기,20250507
https://blog.naver.com/moonsilverlight/224139159152,"<b>아프아프 이태원</b>, 분위기가 너무 좋은 이태원 맛집 추천",이태원 맛집 추천｜ 이태원 와인 <b>아프아프 이태원</b> 이태원에서 귀한 분위기 좋은 이태원 와인 바를... 매장분위기 이태원 메인거리 시작하는 골목에 새로생긴 분위기 좋은 아프아프 간판도 없구 간단히 이름이... ,moon silver light,20260108
https://blog.naver.com/life_of_yunjin/224087243278,<b>아프아프 이태원</b> 와인 한 잔 하며 데이트하기 좋은곳,외관 아프아프 가는법!! 처음 방문시 헤맬 수 있는 위치에 있다. 아프아프를 검색하면 바로 옆 가게... 같은 <b>아프아프 이태원</b> 후기 끝! #이태원맛집 #이태원양식 #이태원술집 #이태원데이트 #이태원대관... ,멀어도 가봐야겠어. 발자국도 하나 없는 곳까지.,20251125
https://blog.naver.com/gon_duu/224094896936,좋은 분위기 좋은 한식다이닝 이태원 와인 맛집 <b>아프아프 이태원</b>,이태원 와인 맛집 <b>아프아프 이태원</b> 다녀왔습니다! <b>아프아프이태원</b>  서울특별시 용산구 이태원로 19길 9... 감성적인 분위기에서 데이트 하고 싶은날 이태원 와인 맛집 아프아프 방문 추천드립니다!,얼렁뚱땅 곤듀의 일상~>♥<,20251202
https://blog.naver.com/magottink/223919365140,<b>이태원</b> 분위기 좋은 와인 술집 추천 대존맛 꿀대구 맛집 <b>아프아프</b>,<b>아프아프 이태원</b> 이태원로19길 9-4 2층 수목금 19:00 - 24:00 주말 17:00 - 02:00 매주 월 화 정기 휴무 0507-1351-2722 이태원 와인 맛집 입문자도 문제 없어요 사실 와인에 대한 지식은 거의 없다 싶을 정도라서 내가 여기서... ,마고의 럭키비키니시티⠀,20250702
https://blog.naver.com/tilllife/224250869840,<b>이태원</b> 와인 루프탑 <b>아프아프</b> 추천 후기,(프라이빗) 룸 있음 단체 가능 대관 가능 (생파 가능)  <b>이태원</b> 역 1번 출구 도보 1분 <b>아프아프</b>는 찾기 쉬워요 <b>이태원</b> 역 1번출구로 나와서 1분 정도만 걸으시면 됩니다. 가게 앞 뒤 옆 골목 등 <b>아프아프</b>를 놓치고... ,라딜,20260413
https://blog.naver.com/eeiunn/224236504287,[이태원 맛집] <b>아프아프 이태원</b> | 이태원 와인 즐기기 좋은 모임... ,"1분 <b>아프아프 이태원</b>은 이태원역 1번 출구에서 골목으로 살짝 들어오면 바로 보이는 위치라 어렵지... 꺄아 분위기 완벽한 곳에서 와인이라닛,,, 요즘 분위기 좋은 곳은 많지만 아프아프는 조용하면서도 분위기... ",소소한 냠냠로그,20260401
https://blog.naver.com/jinx0000/224215700724,이태원 와인 한 잔의 여유... 모임엔 더 좋은 <b>아프아프 이태원</b>,올려보아요  <b>아프아프 이태원</b> 위치 서울 용산구 이태원로19길 9-4 2층 아프아프는 이태원역 1번출구에서 도보로 200m 5분내외 소요 멀지 않은 골목 안 쪽에 위치해 있어요! 이태원역 근처 골목에 위치한 이곳은... ,After 6 PM,20260314
https://blog.naver.com/ain3/224026168051,<b>아프아프 이태원</b>,[네이버 지도] <b>아프아프 이태원</b> 서울 용산구 이태원로19길 9-4 2층 https://naver.me/5EUXJVmS 아프아프라고 예전에 바모스라는곳 와인샵 옆에 가봤었는데 거기보다 더 괜찮은 옥상이 있는곳이었어요. 이태원역에서... ,ain3님의 블로그,20250929
https://blog.naver.com/omni_world/224022267096,꿀대구 파는 이태원 와인바 [AFAF <b>아프아프</b>] <b>이태원</b>파티룸 대관,#이태원대관 #이태원술집 #이태원술집대관 #이태원와인바 #이태원소규모모임 #모임하기좋은 #AFAF #<b>아프아프</b> #<b>이태원</b>아프아프 #꿀대구맛집 #조용한 #분위기좋은 #대관행사 #녹사평역와인바 #녹사평역술집... ,잡식하는 곳,20250926
https://blog.naver.com/rvean135/224001947067,이태원데이트 분위기가 좋아... 딱 좋은 와인바 <b>아프아프 이태원</b>,"<b>이태원</b> 골목을 살짝 비집고 올라가는 긴 계단을 따라 숨을 고르면, ‘<b>아프아프</b>’라는 이름만큼이나 심플하고 세련된 입구가 등장해요. 입구 옆 은은한 조명이 “어서 와” 하고 반겨주는 느낌! 문을 살짝... ",rvean135님의블로그,20250910
https://blog.naver.com/yeollee_review/223841574900,[이태원와인바] 팝업스토어와... AFAF <b>아프아프이태원</b>' 후기,"다행이다  아프아프(AFAF) 이태원 서울시 용산구 이태원로19길 9-4 2층 6호선 이태원역 번 1출구, 도보... 외부계단을 타고 올라오면 AFAF <b>아프아프 이태원</b>이 보인다 ! 오... 문이 신기하게 생겼어 ... ! 손잡이가... ",부자욜리의 無經界:무경계,20250421
https://blog.naver.com/aimhigh222/223420987911,역삼동 쌀국수 쾌적한 분위기 모임하기 좋은 <b>안안 강남직영점</b>,"다녀왔답니다~ <b>안안 강남직영점</b> 월~토 11:00-21:00 (last order 20:00) (break time 15:00-17:00) 매주 일요일 쉼* 콜키지(free), 포장, 배달, 와이파이 유아의자, 휠체어 이용가능 주차: 국기원 공영주차장 (뒷편 150m 거리) 강남역... ",맑은날의 즐거운 여행과 맛집이야기,20240419
https://blog.naver.com/afternoon_hooa/223603089283,<b>안안 강남직영점</b> :  현지 맛 물씬나는 강남쌀국수 맛집,지난 주 퇴근하고 강남 안안 방문했어요. (드디어!) <b>안안 강남직영점</b> 주소 : 서울 강남구 강남대로92길 31 1층 연락처 : 0507-1371-4527 영업시간 : 월~토 11:00 ~ 21:00 (일요일 휴무) 안안은 강남에 새로 오픈한 베트남... ,오후의 hooa,20241001
https://blog.naver.com/somsomi88-/223681543401,<b>안안 강남직영점</b>- 세련된 인테리어와 국물이 진한 강남역쌀국수,<b>안안 강남직영점</b> 영업시간 : 매일 11:00-21:00 브레이크타임 15:00-17:00 20:00 라스트오더 매주 일요일 정기휴무 점점 날씨가 추워져서 따뜻한 국물이 생각이 나서 강남역에 새로 생긴 강남역쌀국수 맛집 [안안]에... ,꿀벌일상,20241203
https://blog.naver.com/freedom945/223640204498,강남역 쌀국수 <b>안안 강남직영점</b> 소고기 쌀국수 매콤한 해산물... ,강남역 데이트하면서 정말 맛있게 먹은 베트남 식당 소개하려고 해요. 강남역쌀국수 <b>안안 강남직영점</b>... 오빠랑 강남역 오면 또 가자고 약속했을 정도로 둘다 너무너무 맛있게 먹은 강남쌀국수 안안 강남역... ,에브리데이 에린,20241030
https://blog.naver.com/dmswldu718/223560834119,강남역 쌀국수 <b>안안 강남직영점</b> 고급스러웠던 베트남 맛집,<b>안안 강남직영점</b> 이었습니다 ! 처음에 갔을 때는 여기..쌀국수집 맞아..? 왜이렇게 고급스러워..? 하면서... 깔끔하게 쌀국수 뿐만 아니라 다양한 베트남식 요리들도 즐기고 싶은 안안 직영점 솔직 후기였습니다!!,맛집 가려고 근로소득 버는 아로미❤️,20240826
https://blog.naver.com/hangpurring/223846168144,강남역 베트남 음식 맛집 <b>안안 강남직영점</b> 반쎄오 내돈내산,긴 글 읽어주셔서 감사합니다 :) #강남 #강남맛집 #강남역맛집 #강남베트남음식 #강남역베트남음식 #베트남음식 #베트남음식맛집 #반쎄오 #베트남식볶음면 #안안 #<b>안안강남직영점</b> #반쎄오맛집 #추천 #좋아요 #소통,행푸의 조잘조잘,20250425
https://blog.naver.com/workworksom/223582310171,강남역쌀국수 | 개운하고 맛있는 &lt;<b>안안</b>&gt; <b>강남직영점</b>,주세요 :) 강남쌀국수 안안 내부는 깔끔하고 인테리어가 예뻤어요. 우드톤과 여기저기 잘 배치되어... 강남쌀국수 맛집을 찾고 계신다면 <b>안안 강남직영점</b> 강추해요  #강남역쌀국수 #강남쌀국수 #강남역점심... ,반짝반짝 일상,20240913
https://blog.naver.com/sm8914/223726569360,[강남] 깔끔한 정통 베트남 음식 맛집 <b>안안 강남직영점</b>,"애정하는 다해언니의 결혼 맞이 방문한 안안 맛잘알 언니가 청첩장을 주겠다며 1771에게 맛집을 소개해주어, 설레는 마음을 안고 방문했다. <b>안안 강남직영점</b> (서울 강남구 강남대로92길 31) 영업시간 11:00-21:00... ",수몬그림찾기,20250115
https://blog.naver.com/lol9895/223559936372,"[먹자] 강남역쌀국수 맛집, &lt;<b>안안 강남직영점</b>&gt;",방문했습니당 강남역 11번 출구 근처에 위치한 &lt;<b>안안 강남직영점</b>&gt; 이라는 곳에 방문을 했는데요 매장도... 있어요 강남쌀국수 맛집 안안의 내부 인테리어입니다 외관을 봤을 때 짐작했던 크기보다 넓어서... ,괌향 블로그,20240825
https://blog.naver.com/gooju03/224268209139,강남역 근처 베트남 음식 '<b>안안 강남직영점</b>' 내돈내산 후기!,"결국 카드 결제로 마무리해서 이 부분은 조금 아쉬웠습니다ㅎㅎ <b>안안 강남직영점</b>의 총평은~ 강남에 있는 식당 대비 매장 넓고 쾌적하고, 조용해서 좋았습니다! 음식도 한국인에게 맞는 베트남 음식이라 맛도... ",Tara의 써라★,20260428
https://blog.naver.com/lovellllll-/224140043316,<b>안안 강남직영점</b> 분위기좋은 베트남 음식점 주차,<b>강남</b> 맛집 가보자구 <b>강남</b>역 12번 출구 인근에 위치한 <b>안안</b> 외관이 예뻐서 카페인 줄 알았지 뭐야 내부로 들어가는 입구 웨이팅 시 앞에 있는 기계를 이용하여 등록하기 분위기 좋은 레스토랑 또는 예쁜 카페를... ,슬기로운 서부,20260109
https://blog.naver.com/poino828/224103487384,[<b>안안 강남직영점</b>] 내돈내산 강남역 분위기 좋은 쌀국수집,"<b>안안 강남직영점</b> 서울 강남구 강남대로92길 31 1층 혠진입니다 퇴근하고 짝지가 쌀국수 먹고싶다해서 예전에 사무실사람들이랑 점심으로 방문했던 <b>안안 강남직영점</b>에 다녀왔어요:) 2호선, 신분당선 강남역... ",HYENJIN LOG,20251209
https://blog.naver.com/tokkung2/224138144051,강남역 맛집 / 강남역 쌀국수 &quot;<b>안안 강남직영점</b>&quot; 베트남음식... ,정기휴무 강남 직장인 점심 맛집으로 좋은 안안 요즘처럼 추운 날 따뜻한 쌀국수 모두가 좋아할 최고의 점심메뉴  연락처 0507-1371-4527 베트남 전통 요리를 현대적으로 해석한 <b>안안 강남직영점</b>이라서 모두가... ,맛있고 행복한 요런저런 이야기,20260107
https://blog.naver.com/wonniday/224129098460,"[강남] 분위기 좋은 베트남 음식점 <b>안안 강남직영점</b>, 쌀국수... ",안안 강남직영 서울 강남구 강남대로92길 31 1층(Tel.0507-1371-4527) 신논현역이나 강남역 근처에서 따뜻한 분위기 속에서 베트남 음식 먹고싶다면 #<b>안안 강남직영점</b> 완전 추천하고 싶은 곳&gt;&lt; 이번에 다녀와서... ,WONNIDAY,20251231
https://blog.naver.com/0_skql/223507543910,강남역 쌀국수 <b>안안 강남직영점</b> 이색 메뉴로 직장인에게 놀라움을,"<b>안안 강남직영점</b> 주소: 서울 강남구 강남대로92길 31 1층 영업 시간: 매일 11:00~21:00 / 브레이크 타임 15:00~17:00 / 라스트 오더 20:00 번호: 0507-1371-4527 참고 사항: 포장, 배달, 예약, 유아의자 O <b>안안 강남직영점</b> 내부... ",파란만년,20240710
https://blog.naver.com/daye3699/223465808358,강남역 쌀국수 맛집 <b>안안 강남직영점</b>에서 점심 먹은 후기!,"<b>안안 강남직영점</b> 서울 강남구 강남대로92길 31 1층 월-토 11:00 - 21:00 (15:00-17:00 브레이크타임) 0507-1371-4527 포장, 배달, 무선인터넷, 예약 강남역 12번출구에서 한 5분정도만 걸으면 되서 역이랑 엄청 가깝답니다!!... ",(๑˃̵ᴗ˂̵) Hi New World,20240601
https://blog.naver.com/mihashi12/223580930692,#234 강남역 쌀국수맛집 '<b>안안 강남직영점</b>',가게 정보 <b>안안 강남직영점</b> 서울 강남구 강남대로92길 31 1층 언덕 중간에 위치한 안안 외부 컬러는 밝은 청록색인게 벌써 베트남에 있는 맛집인 듯한 느낌 ✔️위치 강남역 11번출구에서 도보 3-4분 소요... ,Food Record,20240911
https://blog.naver.com/brillante_delicious/223983259354,강남역쌀국수 <b>안안 강남직영점</b> 베트남음식 강남역맛집 쌀국수... ,매력적인 <b>안안 강남직영점</b> ⏰ 영업시간: 매일 11:00~21:00 브레이크타임 15:00~17:00 라스트오더 20:00 일요일... 강남역맛집 강남직영점인 안안 근처에도 있었는데 드디어 강남역에서 방문해보았네요~ 위치 및 주차... ,맛있는 정보를 나누는 블로그 딜리셔스브릴란떼,20250902
https://blog.naver.com/suming20/223603934009,[강남역/<b>안안 강남직영점</b>] 이국적인 분위기의 강남역 쌀국수 맛집,발견한 강남역 쌀국수 맛집 &lt;<b>안안 강남직영점</b>&gt;을 소개해볼게요! 주소 : 강남구 강남대로92길 31 1층... 이대로 챙겨갈뻔..ㅋㅋ 안안에서는 분짜보다 소고기 쌀국수가 더 맛있었어요~~ 개인적인 입맛이니 참고만... ,뚬's 일상,20241002
https://blog.naver.com/molly32/223554943364,강남 쌀국수 맛집 인테리어가... 로컬스타일 <b>안안 강남직영점</b>,오시는길 <b>안안 강남직영점</b> 서울특별시 강남구 강남대로92길 31 1층 강남역 12번출구에서 199m 영업시간... 안안 소고기쌀국수 고수와 라임 한조각이 접시에 올려져서 따로 나왔고 양파절임도 한접시 먼저... ,[생각중],20240820
https://blog.naver.com/dorami7/224101727553,"강남역맛집 - 테이크아웃하기 좋은 미국식 누들박스, <b>앵그리누들</b>","기본 누들 5종류는 홍콩, 앵그리, 미소, 앵그리로제, 마라 요렇게. <b>앵그리누들</b> 기본 메뉴 기본 누들 메뉴 이름을 하나씩 눌러보면 어떤 토핑, 면, 소스가 들어가는지 적혀 있다. <b>앵그리누들</b>의 토핑들 참!... ",DAILYLOG,20251208
https://blog.naver.com/osyms/224223614943,강남역맛집 원하는 토핑으로 개성있게 먹는 <b>앵그리누들</b>,꼭 <b>앵그리누들</b>을 방문하셔서 다양한 맛의 조합을 즐기시길 바랍니다! 주소: 서울 강남구 테헤란로4길 35 1층 101호 연락처: 070-4207-0588 #강남역점심 #강남역직장인점심 #강남역근처맛집추천 #강남역누들... ,일상기록,20260320
https://blog.naver.com/happysaip/224102878653,강남역맛집 직장인점심 <b>앵그리누들</b> 면요리 마라맛집이... ,"에그누들, 중화면, 쫄깃면, 통통면 중에 원하는 면을 선택하고 소스도 베이직, 미소, 마라, 앵그리... 이곳은 가벼운 한끼이면서도 맛있는 요리였던 <b>앵그리 누들</b>이었어요. 강남 한가운데에서 불맛, 즉석 조리... ",SecretLatte,20251208
https://blog.naver.com/tjftktjftkv/224092998745,[강남역맛집] <b>앵그리누들</b> - 미드 속 누들박스가 먹고싶다면,"그것도 내가 어릴때 먹고 싶었던 사각형 네모박스에 담긴 누들을 말이지! <b>앵그리누들</b>은 강남역에서... <b>앵그리누들</b> 메뉴 MENU :: 시그니처 메뉴 :: 홍콩 PICK 10,900원 미소 PICK 11,900원 앵그리 로제 PICK 11,900원 마라... ",인생은기세다,20251130
https://blog.naver.com/ijhy227/224231917851,미국식 중국음식 아메리칸 박스 누들 <b>앵그리 누들</b> Angry... ,박스누들 &quot;<b>앵그리누들</b>&quot; 을 발견해 참지 못하고 주문을 해버렸다 팝업기간은 3.19-3.25 까지진행하고... 중국누들인 에그면 3가지 앵그리가 시그니처 같았지만 불닭정도맵기라기에 일단 가장 기본일것 같은 홍콩을... ,Re:,20260327
https://blog.naver.com/syyy0216/224205070837,[강남/강남역]미드감성 누들박스 맛집 '<b>앵그리누들</b>' (+배달후기),<b>앵그리누들</b> 강남맛집 강남점심 강남누들박스 <b>앵그리누들</b>은 강남역 신분당선 방면인 3번출구로 나와서... 앵그리한 멍멍이인지 여우인지 까지 완벽! 양배추는 따로 주문하지 않았지만 기본적으로 볶음면에... ,의식의 흐름,20260305
https://blog.naver.com/wjdgkdus8824/224072866030,"<b>앵그리누들</b> _ 강남역맛집 , 강남역혼밥 맛집 추천",강남역맛집 <b>앵그리누들</b> 을 알게되었어요.  매일 11:00-20:00 B•T 14:30-16:30 주차불가(유료주차장이용)... ✨✨ 로제소스를 생각중이였는데 로제는 에그누들보다 중화면을 더 추천한다고 하여ㅎㅎㅎ 주문한 앵그리로... ,욤이야기.,20251111
https://blog.naver.com/yun_nly/224187092088,"강남역 혼밥 맛집 추천 <b>앵그리누들</b> 마라 볶음면 숙주, 우삼겹... ","강남역 맛집 <b>앵그리누들</b> 마라 볶음면 후기 <b>앵그리누들</b> 기본정보 강남역 신분당선 3, 4번 출구 인근 위치 주소: 서울시 강남구 테헤란로4길 35 1층 영업시간: 11:00 - 20:00 14:30 - 16:30 브레이크 타임 <b>앵그리누들</b>... ",YUN의 무브로그,20260218
https://blog.naver.com/qhddltnsdl/224091007254,강남역맛집_강남역점심[<b>앵그리누들</b>]홍콩&amp;마라pick,"다녀왔어요 <b>앵그리누들</b> 누들 좋아하시는분들 볶음면 좋아하시는 분들 철판요리 좋아하시는 분들... 에그누들 쫄깃면 중화면 통통면 면 전부 6,900원 2, 소스를 고르고, -홍콩, 미소 -마라, 앵그리, 앵그리로제... ","여러가지, 감성",20251128
https://blog.naver.com/hoperecipe/224120395038,강남역맛집  강남역직장인점심  <b>앵그리누들</b> 강남,"컵에 담긴 누들 <b>앵그리누들</b>은 바쁜 직장인들, 별미로 맛있는 맛이 가득 담긴 <b>앵그리누들</b>입니다. 원하는 면을 골라, 원하는 소스에, 원하는 토핑에 내 입에 맞는 철판누들을 만들어 먹을 수 있어요. 이곳... ",밀라의 맛있는 이야기,20251223
https://blog.naver.com/pjian0422/224230063098,"<b>앵그리누들</b> 강남역맛집 내 취향에 맞게 면,소스,토핑 바꾸기",강남역맛집의 진수를 느끼고 싶다면 <b>앵그리누들</b>이 정답입니다! 주소: 서울 강남구 테헤란로4길 35 1층 101호 연락처: 070-4207-0588 #강남역누들 #강남역점심 #강남역마라 #강남역근처맛집추천 #강남역직장인점심,pjian0422님의 블로그,20260326
https://blog.naver.com/ddrhed/224225723106,<b>앵그리누들</b> 강남역맛집 면이 끝내줘요,<b>앵그리누들</b>이 여러분을 환영합니다! 주소: 서울 강남구 테헤란로4길 35 1층 101호 연락처: 070-4207-0588 #강남역누들 #강남역점심 #강남역근처맛집추천 #강남역직장인점심 #강남역마라,모모맘의 Story♡,20260322
https://blog.naver.com/restaurant_guide1/224226846826,"강남역 맛집, <b>앵그리 누들</b> ANGRY NOODLE","볶아주는 누들 맛집 <b>앵그리 누들</b> <b>앵그리 누들</b>에는 맛있는 메뉴가 있어요~ <b>앵그리 누들</b> 메뉴 사천 PICK 11,400 홍콩 PICK 10,900 미소 PICK 11,900 앵그리 로제 11,900 마라 PICK 11,900 앵그리 PICK 11,900 에그 누들 6,900... ",Restaurant Guide1,20260325
https://blog.naver.com/neymarneymar/224065978640,강남역맛집 &lt;<b>앵그리누들</b>&gt; 역삼동맛집 강남역점심,진짜 <b>앵그리 누들</b>로 눈이 치켜올라간 모양 ㅋㅋㅋ 앞엔 왜캐 멋진 차가 주차되어 있는건데... 만인의... 우리는 첫 시도라 애초에 세팅되어있던 맛에 음료로 밀크티를 골랐는데 각각 앵그리로제 / 홍콩누들 이었기... ,Dondequiera,20251105
https://blog.naver.com/zzzz_z409/224231366464,특별한 <b>앵그리누들</b> 강남역맛집,찾으러 <b>앵그리누들</b>로 가보세요! 맛있고 행복한 시간을 보낼 수 있을 거예요. 주소: 서울 강남구 테헤란로4길 35 1층 101호 연락처: 070-4207-0588 #강남역점심 #강남역마라 #강남역근처맛집추천 #강남역누들... ,따뜻한 아이스크림님의 블로그,20260327
https://blog.naver.com/kimsa1028-/224225628444,강남역맛집 신선한 재료 다양한 소스의 조합 누들맛집 <b>앵그리누들</b>,손님들에게 앵그리누드만의 특별한 매력을 선사합니다. 신선한 재료 사용 <b>앵그리누들</b>은 신선한 재료만... 070-4207-0588 #강남역맛집 #강남역근처맛집추천 #강남역누들 #강남역직장인점심 #강남역점심 #강남역마라,kimsa1028-님의블로그,20260322
https://blog.naver.com/tjdusjang/224071444886,강남역직장인점심맛집 <b>앵그리누들</b> 강남역맛집 추천,강남역맛집 '<b>앵그리누들</b>'! 강남역맛집 '<b>앵그리누들</b>' 방문 후기 남겨보도록 하겠습니다! <b>앵그리누들</b>... 에그 누들로 고름 그리고 소스 고르러 가볼게요오 홍콩 미소 마라 앵그리 앵그리로제 이렇게 5가지 종류의... ,*Yonnie's 사랑방*,20251110
https://blog.naver.com/lcslhsvv2832/224121738113,강남역맛집 역삼동맛집 <b>앵그리누들</b> 밀크티와 함께해요,"강남역맛집 역삼동맛집 <b>앵그리누들</b> 들러서 해외에 온 듯한 느낌 느끼고 갑니다~ 월 화 수 목 금 토 일... 중화면, 앵그리로제소스, 새우살, 모듬해물 토핑 13,900원 에그누들, 홍콩소스, 새우살, 대패삼겹 토핑 12... ",소소한 일상이야기,20251224
https://blog.naver.com/e-sim/224071173886,[강남역맛집] <b>앵그리누들</b> 조합 추천,통통면+<b>앵그리</b>로제소스+청경채+느타리+대패삼겹 1와 에그<b>누들</b>+미소소스+숙주+청경채+대패삼겹 1를 주문했어요 토핑은 청경채와 고기를 좋아하는 까탈레나를 위해 ㅎㅎ 주문하고 인테리어를 둘러봤는데 의자가... ,죽기전에 사부작,20251110
https://blog.naver.com/gowanna/224069166295,[강남역맛집] 직장인 점심먹기 좋은 강남역 맛집 <b>앵그리누들</b>,#강남역맛집 #역삼동맛집 #강남역점심 #강남역직장인맛집 #강남역직장인점심 <b>앵그리누들</b> 가게위치... 색깔 부터가 순해보이죠~ 이건 남편이 시킨 에그 누들면에 앵그리소스와 대패삼겹에 해물모둠이... ,owner leevely,20251108
https://blog.naver.com/pig_choi_/224255282246,광교카페거리 맛집 수원 브런치 카페 <b>에이프런 광교</b>,·͜·｡ #광교카페거리맛집 #수원브런치카페 #<b>에이프런광교</b> #광교맛집 #수원맛집 #광교카페거리맛집 #광교카페거리브런치 #광교브런치 #수원브런치 #에이프런주차ㄱ,맛있으면 꿀꿀꿀 돼지초이,20260417
https://blog.naver.com/ddooly_/224188102124,맛집/내돈내산] <b>광교</b>카페거리 호주식 브런치 '<b>에이프런</b>'(메뉴 및... ,START <b>에이프런 광교</b>(apron) 인스타그램 @apron_project 광교 브런치 내돈내산 ✔️ 영업시간 : 매일 09:00 - 18:30... 맛집을 찾으신다면 특히 호주식 브런치가 드시고 싶다면 에이프런(apron) 광교 이상 오늘의 후기 끄읕~!✨,쏘햅삐 뚤리의 일상,20260219
https://blog.naver.com/overthewynter/224036457569,<b>광교</b> 카페거리 맛집 <b>에이프런</b> 브런치 메뉴/후기,"그럼 광교맛집 에이프런 브런치 후기 시작 <b>에이프런 광교</b> 주차는 어렵지 않았음! 4명이서 모이는데 차가 2대여서, 주차 자리를 먼저 알아보고 정했던 것 같음!ㅋㅋ 매장 앞에 6~8대 주차가능함! 우리는 11시까지... ",over the wynter,20251010
https://blog.naver.com/als4566/223918878336,[<b>광교</b>] <b>에이프런</b> Apron | <b>광교</b>카페거리 호주식브런치 추천... ,<b>에이프런 광교</b>중앙역 3번 출구에서 996m  9시 - 18시 30분  주차가능 (매장 앞 6대 정도) 에이프런은 광교 카페거리 중간에 위치하고 있어요 매장 앞 주차가 가능하지만 이미 만석이라 다른 주차 공간을 이용했어요... ,연차없는 직장인 얌또의 방방곡곡,20250702
https://blog.naver.com/sweetesta/223987156221,광교 카페거리 브런치 &lt;<b>에이프런 광교</b>&gt; 메뉴 추천 내돈내산,오랜만에 만나는 친구와 #<b>광교</b>카페거리 에서 브런치 먹고 남겨보는 후기  위치 경기 수원시 영통구... 오픈하는 #<b>에이프런</b> 에 9시 50분에 갔는데 마지막 테이블 겨우 잡은 거 실화...? 힙한 서타일의 식당은... ,지니월드,20250829
https://blog.naver.com/ssabipar/224188631418,[수원 광교] 브런치 맛집 <b>에이프런 광교</b> 솔직 후기,#수원맛집 #광교맛집 #영통구맛집 #<b>에이프런광교</b> #광교브런치 #수원브런치맛집 #광교카페 #광교데이트 #광교센트럴파크 #프렌치토스트맛집 #에그베네딕트 #수원파스타 #수원리조또 #수원나들이... ,싸비팔,20260222
https://blog.naver.com/009sally/224199078054,"수원 <b>광교</b> 아기랑 브런치 카페 <b>에이프런</b> , 사워도우 치아바타맛집","광교카페거리에 브런치 먹으러 다녀온 <b>에이프런 광교</b> 최애 빵집은 프루프 라는곳인데 프루프에서 에이프런도 운영하고 있다.  9:00 - 18:30 ✅ 예약, 아기의자 주차는 가게앞에 3-4대 정도 가능하고 식사하고... ",sooyeonworld,20260228
https://blog.naver.com/caramel0512/223856738385,<b>광교</b> 브런치 카페 추천 <b>에이프런</b> 웨이팅 <b>광교</b> 카페거리 파스타... ,"딸기 에이드: 6,500원 #광교에이프런 #<b>에이프런광교</b> #광교에이프런주차장 #광교에이프런예약 #광교에이프런메뉴 #광교에이프런웨이팅 #광교에이프런주차 #광교에이프런파스타 #광교브런치카페 #광교브런치",여행하는 제니,20250506
https://blog.naver.com/ejkooo/224193253332,<b>광교</b> 브런치 맛집 / <b>광교</b> 카페거리 <b>에이프런</b> 주말 브런치 후기,전반적으로 만족도가 낮은 메뉴였어요. 다음에 재방문한다면 감자스프와 파스타만 먹을 예정이에요! 3. 주소 #<b>에이프런광교</b> #광교브런치맛집 #광교브런치 #<b>에이프런</b> #<b>광교</b>에이프런,소소하게 행복한 내 일상들,20260223
https://blog.naver.com/yolk_egg/224213049513,수원 <b>광교</b> 카페거리 브런치 맛집 <b>에이프런</b> 내돈내산,광교카페거리브런치맛집 #광교맛집내돈내산 #광교브런치맛집내돈내산#광교카페거리맛집내돈내산 #광교카페거리브런치맛집내돈내산 #광교맛집추천 #광교브런치맛집추천 #에이프런 #<b>에이프런광교</b>,달걀노른쟈의 맛난 일상♡,20260311
https://blog.naver.com/nownuri0502/224250368927,"즐기는 브런치 카페, <b>에이프런</b>(Apron) <b>광교</b> 내돈내산 후기","✅ 에이프런 (Apron) 광교 /내돈내산 솔직후기/ 광교 브런치 카페 따스한 봄 햇살과 테라스뷰가 매력적인 &quot;<b>에이프런 광교</b>&quot; 안녕하세요. RD입니다.~! 오늘은 따뜻한 봄날, 테라스에서 바라보는 벚꽃 풍경이... ",이렇게 즐겁습니다.~!,20260413
https://blog.naver.com/jsl3700/224223540894,광교카페거리 벚꽃구경은 여기 - <b>에이프런광교</b>/YYMD,맛난것부터 먹어야쥬 그 중 카페거리에 좋은 위치에 자리잡고 있는 <b>에이프런 광교</b> APRON 브런치 앤 디저트 매장앞 주차자리는 협소한 편이다. 6~8대 주차가능 자리 없으면 근처 광교카페거리 제 1공용주차장이나... ,송로그,20260320
https://blog.naver.com/chyoon71/224235320000,[오늘의 브런치] <b>광교</b> 카페거리 <b>에이프런</b>,"ㅎㅎㅎ 친절함과 맛, 뷰까지 완벽한 곳 광교 카페거리 에이프런은 멋진 천변 뷰와 맛있는 음식, 그리고... #내돈내산 #광교카페거리브런치 #<b>에이프런광교</b> #파블로바 #오일파스타맛집 #햄앤치즈샌드위치",망고프라푸치노의 블로그,20260331
https://blog.naver.com/no_5e/224176891877,광교카페거리 브런치 <b>에이프런 광교</b> 후기 메뉴 주차정보 포함,방문하는 광교 브런치 맛집 에이프런에 내돈내산으로 다녀왔어용 위치 광교중앙역 3번출구에서 도보... 출처: <b>에이프런 광교</b>점 네이버 지도 브런치 종류는 샐러드/에그베네딕트토스트/파스타 등이 있습니다... ,지금 당장 행복하기,20260209
https://blog.naver.com/raamgi/224260504082,광교 브런치 맛집 재방문하고 싶은 <b>에이프런 광교</b> 아기랑 방문... ,아이와 함께 주말 점심 방문했는데 꽤 만족스러웠던 광교 브런치 맛집 에이프런 후기예요. <b>에이프런 광교</b> 기본정보 위치 및 주차 광교 브런치 맛집 <b>에이프런 광교</b>는 광교 카페거리 쪽에 있어요. 매장 앞에 3-4대... ,고유패밀리의 경험육아,20260427
https://blog.naver.com/kulen/224160668902,"토요 루틴: 경기도서관 + <b>에이프런 광교</b> + 도미닉커피랩, 그리고... ","책 이고지고 밥먹기 토요일 점심은 늘 브런치로 먹는데, 요즘 꽂혀있는 곳은 <b>광교</b> 카페거리에 있는 <b>에이프런</b>이다. 일단 접근성 좋고 아침 9시부터 오픈이기에 마음 편-안 샥슈카 에그베네딕트 프렌치토스트... ",Via KULEN,20260126
https://blog.naver.com/didyang2/223534901814,<b>광교</b> 브런치 맛집 ‘<b>에이프런</b>’ 리조또가 정말 맛있었던 집,리조또ㅜㅜ 버섯의 풍미가 완전 가득가득했던 리조또에요 트러플 안좋아하는 분들은 불호겠지만 버섯러버에게는 완벽했던 리조또입니다..추천!!! #광교브런치 #광교<b>에이프런</b> #<b>광교</b>맛집 #에이프런 #수원브런치,٩( ᐛ )و,20240803
https://blog.naver.com/solar_oh/224066343098,<b>광교</b> 카페 브런치 맛집 <b>에이프런</b> 오픈런 과식 후기(내돈내산),광교 카페거리 맛집 에이프런 ⏰운영시간 : (매일) 09:00-18:30 ☎️전화번호 : 0507-1377-8794 ️주차 : -매장... 광교 카페거리에서 뷰 좋은 카페를 찾거나 브런치 카페를 찾는 분들에게 <b>에이프런 광교</b> 추천 드려요!,솔라시도 여행리듬,20251106
https://blog.naver.com/yeondoong-/223936233165,광교 브런치 <b>에이프런 광교</b>카페거리 위치한 에그베네딕트... ,"<b>광교</b>카페거리에 위치한 브런치 맛집 <b>에이프런</b>에 방문했다 :) <b>광교</b>카페거리앞에 여러 브런치집이 많은데, 그 중 최애 중 하나인 <b>에이프런</b>,, 매일 09:00-18:30 에 운영중이다 :) 가게 바로앞에 주차를 할 수... ",연둥이의 스윗리를홈,20250716
https://blog.naver.com/iiiiiqpiiiii/224206315686,"&lt;수원 맛집 추천&gt; <b>에이프런 광교</b> 수원 <b>에이프런 광교</b>, 건강한... ","<b>에이프런 광교</b>는 경기 수원시 영통구 센트럴파크로127번길에 위치해 있으며, 광교중앙역 3번 출구에서 약 996m 떨어져 있다. 교통 접근성이 좋은 편으로, 대중교통을 이용하는 사람들이 찾기에는 무리가... ",배고픈연구소,20260308
https://blog.naver.com/euntns/224219255918,동탄센트럴파크술집 데이트 분위기 좋은 <b>연화회관 동탄북광장</b>,데이트 하기 좋은 분위기 좋은 동탄센트럴파크술집 연화회관으로 왔어요. 날도 좋아서 산책하면서... 분위기도 좋고 안주들이 다 맛이 좋아서 동탄센트럴파크술집 <b>연화회관 동탄북광장</b>이예요. 시끄럽거나... ,하고싶은거만 하기,20260317
https://blog.naver.com/ehdrmfkal12_/224273250529,[동탄북광장 술집] 늦게까지... 맛있는 <b>연화회관 동탄북광장</b>,오늘은 동탄북광장에 소개팅 성공률 99% 장담하는 이자카야집 <b>연화회관 동탄북광장</b>을 소개해... 동탄술집 동탄북광장감성술집으로 연화회관 추천드려요 분위기도 좋고 안주도 맛있는데 양도 많아서... ,파송송 쀼로그,20260504
https://blog.naver.com/dadaland9/224201142761,<b>연화회관 동탄북광장</b> 동탄센트럴파크술집 후토마키... ,"맛있는 요리가 많아서 밥과 술을 함께 즐기는데 최고인 연화회관 ⏰18~06시 ✨숙성회, 파스타, 탕류, 구이, 튀김, 밥 ✅다양한 안주를 맛볼 수 있는 동탄센트럴파크 동타북광장 술집 <b>연화회관 동탄북광장</b>... ",다다랜드,20260302
https://blog.naver.com/nahae_ring/224263304538,<b>동탄</b>센트럴파크술집 [<b>연화회관</b>] 맛있는 안주와 감성가득한... ,"동탄센트럴파크술집, 불금이면 사람이 가득한 [연화회관] 다녀오게 되었습니다! <b>연화회관 동탄북광장</b>... 저도 북광장 올때마다 그쪽에 주차하는 것 같아요 동탄북광장술집 연화회관은 밖에서 보면 약간... ",해링이의 일상로그,20260428
https://blog.naver.com/memoryofhappiness/224097690384,[<b>동탄</b>]<b>북광장</b> 술집 <b>연화회관</b> 화이트 라구 파스타 후기,<b>연화회관 동탄북광장</b> 안녕하세요 여러분 술안주로 파스타 좋아하시나요? 확실히 호불호가 있겠지만... 화성술집 #동탄술집 #반송동술집 #화성이자카야 #동탄이자카야 #반송동이자카야 #동탄연화회관,음식에 진심인 평생 다이어터의 하루,20251204
https://blog.naver.com/1chae12/224208350148,동탄 센트럴파크 술집 추천 <b>연화회관 동탄북광장</b>,"6,000 연화회관은 동탄 북광장 술집으로 광장 바로 앞이라 찾아가기도 쉬웠어요 영업시간은 매일 오후... ㅎㅎ 동탄 북광장 술집 <b>연화회관 동탄북광장</b> 메뉴와 가격입니다 모듬 사시미 10종 2p 42,000 / 3p 63,000... ",Chaerry's reviewlog,20260308
https://blog.naver.com/858000/224113834350,동탄 북광장 이자카야 술집 탕수육 <b>연화회관 동탄 북광장</b>점,오늘은 친구가 왕추천한 동탄 북광장 술집 연화회관 소개드려요 ✨ 외관이 깔끔하고 예뻐서... 진짜.. 니혼탕수육은 이 글 보시는 분들은 꼭 드셔보시길 바랄게요 ✨ <b>연화회관 동탄북광장</b> 후기였습니다 ^_^,쿼카의 행복한 일상,20251218
https://blog.naver.com/lllillillioo/224190955191,<b>동탄 북광장</b> 술집 분위기 맛집 <b>연화회관</b>,"이용가능 동탄 북광장 술집 분위기 맛집 <b>연화회관 동탄 북광장</b>에서 유독 눈에 띄는 술집이 있었어요. 바로 연화회관이에요. 타일 벽면과 나무 프레임 창문, 앤티크한 소품들이 어우러진 외관은 지나치다가도 한... ",각양각색 일상 체험,20260221
https://blog.naver.com/haruharu891/224199943148,"동탄센트럴파크술집,  <b>연화회관 동탄북광장</b>",접근성 동탄 센트럴파크 인접 북광장 상권 중심 그래서 동탄센트럴파크술집 찾는 분들한테 딱입니다!... 동탄청하 #동탄별빛청하 #연화회관 #<b>연화회관 동탄북광장</b> 주소 경기 화성시 동탄구 동탄중심상가2길 31... ,하루하루 열심히,20260301
https://blog.naver.com/yeahtree_/224221763303,<b>동탄 북광장</b> 술집 추천 <b>연화회관</b> 내돈내산,동탄 북광장 술집 추천 연화회관 내돈내산 연화회관 추천 내돈내산 #내돈내산 동탄 북광장 술집 추천 <b>연화회관 동탄북광장</b> 월 - 일 : 18:00 - 06:00 안녕하시오. 반송동에 위치한 동탄 북광장 술집 추천 연화회관... ,시오,20260319
https://blog.naver.com/a1473/224245734527,<b>동탄 북광장</b> 술집 이자카야 추천 2차로 좋았던 <b>연화회관</b>... ,동탄데이트 #동탄술집추천 #북광장술집 #북광장맛집 #북광장이자카야 #연화회관 #<b>연화회관동탄북광장</b> #내돈내산 #솔직후기 #맛집블로그 #이자카야추천 #다다미좌석 #분위기좋은술집 #안주맛집 #사케맛집... ,영쯔의 하루,20260409
https://blog.naver.com/khj0614/224247022342,<b>동탄북광장</b> 이자카야 술집 <b>연화회관</b>,<b>동탄 북광장</b> 분수대에서 보면 밖에 나와 있는 테이블과 의자가 보인다. 이자카야 요리주점인 <b>연화회관</b>이다. 예전에 먹은 니혼탕수육과 가지요리가 인상적이어서 짝꿍과 다시 찾았다. 한 자리에서 오래 자리를... ,실행동력 챌린지,20260409
https://blog.naver.com/love93945/224192254325,<b>동탄 북광장</b> 술집 : <b>연화회관</b>,"<b>동탄 북광장</b> 술집 : <b>연화회관</b> 안녕하세요~ <b>동탄</b>에 위치한 <b>북광장</b> 술집 <b>연화회관</b> 소개해 드릴게요! 매장이 넓고, 내부가 깨끗했어요! 다만 화장실은 외부에 있어 조금 불편했네요 ㅠ <b>동탄</b>에 위치한 <b>북광장</b> 술집... ",일상･ᴗ･,20260223
https://blog.naver.com/xixcre/224242543879,동탄분위기맛집 <b>연화회관 동탄북광장</b> 동탄센트럴파크술집 추천,동탄북광장술집 연화회관을 소개합니다 동탄센트럴파크술집 <b>연화회관 동탄북광장</b>점 분위기 확 트인 규모에 청결한 컨디션 아늑한 우드톤으로 따뜻한 분위기가 가득한 동탄북광장술집 연화회관은 눈길 닿는... ,방송작가 이작가's 핫플 리스트,20260406
https://blog.naver.com/favor7777/223898545372,경기도 - 화성시 동탄중심상가2길 &quot;<b>연화회관</b>&quot;<b>동탄북광장</b>... ,#경기도맛집 #경기도 이자카야맛집 #경기도 탕수육맛집 #화성시 맛집 #화성시 이자카야맛집 #화성시탕수육맛집 #동탄중심상가맛집 #<b>연화회관</b> #<b>동탄북광장</b> #북광장이자카야 #니혼탕수육 #주차불가... ,내삶의 오아시스,20250613
https://blog.naver.com/heezzyn/223948891836,"<b>동탄</b>맛집 <b>동탄북광장</b>맛집 :: <b>연화회관</b> , 우후죽순",연화회관 음식들 다 맛있네요 ? 동탄에 사는 친구가 찾아준 맛집인데 역시 .. 다음엔 동탄남광장 뿌술건데 맛집추천받아용 키키  <b>연화회관 동탄북광장</b> 위치 오랜만에 왔으니 2차로 갔던 우후죽순 몇 장 뿌리기... ,“ hee Blog ”,20250727
https://blog.naver.com/jiyung_pppp/224228538975,<b>동탄 북광장</b> 이자카야 맛집 &lt;<b>연화회관</b>&gt; 니혼탕수육 내돈내산,마치 일본의 어느 골목 식당에 들어온 듯한 착각을 불러일으키는 '가장 아름다운 순간' 연화회관을 소개해 드리려고 해요. <b>연화회관 동탄북광장</b>점 매일 18:00-06:00 / 라스트오더 05:00 입구에서부터 느껴지는... ,먹고먹고또먹고,20260325
https://blog.naver.com/mg06mg04/223840850782,"동탄 북광장 최고의 맛, <b>연화회관 동탄북광장</b>",바로 동탄의 유명한 <b>연화회관 동탄북광장</b>을 다녀온 이야기인데요. 이곳에서 일본의 정수를 느낄 수 있었어요! . 외부 모습은 어때요? <b>연화회관 동탄북광장</b> 외부는 고급스러운 우드 인테리어가 눈에 띄어요.... ,사이버닌자의 리뷰월드,20250421
https://blog.naver.com/insumakers/223855729408,"<b>연화회관 동탄북광장</b>: 이자카야의 진수, 꼭 가봐야 할 곳이야!","오늘은 <b>연화회관 동탄북광장</b>에 가봤던 이야기를 해볼게요. 사실 이곳은 친구의 추천으로 다녀왔는데요... 아름다운 외부 연화회관은 동탄 북광장 상권에 위치해 있어요. 주변은 아기자기하고, 기분이... ",모든특가정보알리미,20250505
https://blog.naver.com/rhqf0891/223864731011,"순간을 위한 고급스러운 동탄북광장술집, <b>연화회관 동탄북광장</b>","다시 한번 방문하고 싶은 마음이 듭 #동탄북광장술집 #동탄이자카야 #동탄술집 #동탄북광장맛집 #동탄맛집니다. 결국<b>연화회관 동탄북광장</b>은 맛과 분위기, 서비스까지 모두 훌륭한 경험을 해주었습니다. 신선한... ",어셈블,20250513
https://blog.naver.com/campgonnie/224272257289,<b>예박사 수원점</b> / 참숯으로 굽는 양념LA갈비 / 수원 가성비... ,&lt;예박사&gt;에 다녀왔습니다. <b>예박사 수원점</b>  경기 수원시 팔달구 수원천로 235  11:00 - 21:30 (주중 15:00-16:30 BT)  031-258-1092 &lt;<b>예박사 수원점</b>&gt; 우리동네 고기집 &lt;예박사&gt; 나는 갈비살만 파는 줄 알았는데 여기가... ,GONNIE's chronicle,20260502
https://blog.naver.com/rhdmswjd9/224170610711,<b>예박사 수원점</b> 양념소갈비살,"주차공간있구요ㅎㅎㅎ 60분에 4천원이었던 기억 하루 이맏웓이었던가,,여튼 안착한 가격인데 고기집 바로옆이라 이용하게 됩니당ㅎㅎㅎ <b>예박사 수원점</b> 메뉴판 예박사 일단 모둠주문 모둠이 뭐여러모둠 아니고... ",꼬의아침,20260203
https://blog.naver.com/kthhon/224193263343,수원 소갈비 찐맛집 <b>예박사 수원점</b> 후기와 못골시장 먹거리 추천,지금도 생각나는 다시 가고싶은 소갈비 맛집 예박사 본점에 방문 하였습니다. 한줄평 ' 무조건 다음에 또온다!! ' <b>예박사 수원점</b> ⏰ 오전 11시 ~ 오후 21:30 ☎️ 031-258-1092 따로주차장은 없으나 옆에 유료주차장... ,룰루랄라 긍정 일상 맛집 여행,20260223
https://blog.naver.com/aileen_94/223606770606,수원토박이맛집 수원소갈비맛집 &quot;<b>예박사 수원점</b>&quot; 솔직후기,수원토박이맛집으로 유명한 예박사 방문후기! 수원토박이맛집 <b>예박사수원점</b> 매장외관 매장외관은 이런 모습! 간판에 사장님 얼굴이 있는 곳은 얼굴걸고 하시는 찐맛집 ! 인정이죠 수원소갈비맛집... ,먹뚜의 공개일기장 °‧⋆.ೃ࿔*:･,20241004
https://blog.naver.com/yomojomojoonini/224073205470,[수원] 남문 맛집 소갈비가 맛있는 <b>예박사 수원점</b> 솔직후기 및... ,"쥬니니입니다 (๑•̀ㅂ•́)و✧ 이번에 가족 모임으로 <b>예박사 수원점</b>에 다녀왔는데요 <b>예박사 수원점</b>은 수원 남문에 있는 소갈비 맛집으로 유명하죠! 쥬니니는 예박사 얘기만 많이 들었는데, 아빠가... ",쥬니니의 요모조모 일지,20251112
https://blog.naver.com/youngjae1993/223567835032,"수원 소갈비살 저렴한맛집, <b>예박사 수원점</b> 솔직후기! 변했네... ","이 곳은 수원에 오래된 소갈비살 가정비맛집으로 유명한 “<b>예박사 수원점</b>”, 수원 토박이라면 예박사를 모르는 사람이 없을만큼 수원사람은 다 아는 곳이다. 어릴땐 저렴해서 친구들과 자주 왔었는데, 위치가... ",곧미남 맛집여행,20240901
https://blog.naver.com/udong0819/223570570164,소갈비살이 맛있는 수원 오래된 맛집 '<b>예박사 수원점</b>' 내돈내산... ,"<b>예박사 수원점</b> 메뉴판 #수원예박사메뉴판 이구요. #예박사 는 소갈비살이 메인이라, 양념 소갈비살 / 생 소갈비살 을 900g 단위로 판매중이구요. 부채살이나 LA갈비도 판매하는데, 전 안먹어봤지만 요 메뉴들도... ",우동's 소소한 행복기록 ♥,20240903
https://blog.naver.com/lunar0405/223994581781,수원맛집 <b>예박사 수원점</b> 숯불향 가득한 양념갈비·생갈비... ,아!! 저는 기독교 ㅎㅎ #예박사 #<b>예박사수원점</b> #수원맛집 #수원갈비집 #수원회식장소 #수원행궁맛집 #수원핫플 #수원고기맛집 #수원저녁맛집 #수원모임 #수원생갈비 #수원양념갈비 #수원양념갈비전문점,나의 일상과 여행과 맛집 스토리,20250904
https://blog.naver.com/youngwon270501/224215110815,아주대점 / 감성타코 광교점 / <b>예박사 수원점</b>) _내돈내산 맛집추천,그 당시 얼마나 감명깊었으면 아직도 인상깊은 대사로 남는건지 ㅋㅋㅋ <b>예박사 수원점</b> 경기도 수원시 팔달구 수원천로 235 여긴 원이 회사 과장님이 추천한 맛집이다. 갈비는 이 집 밖에 안간다며 .. 예박사는... ,"ෆ 영원한 하루, 소소한 행복 ෆ",20260313
https://blog.naver.com/gomss_/223577870813,수원 소갈비 가격대 착한 맛집 [<b>예박사 수원점</b>],많은 <b>예박사 수원점</b>이라는 곳에 방문했어요! 자 그럼 찐후기 갑니다앗!! <b>예박사 수원점</b> 주차 : 불가능... 양도 맛도 대만족했구요 수원에 또 갈 일 생기면 수원 소갈비 맛집 예박사 재방문 의사 100% 입니다!!!,곰쓰링의 힐링공간,20240909
https://blog.naver.com/pjhanna11/223783479663,[<b>예박사 수원점</b>]수원 팔달문(남문)양념 소갈비살 맛집 (아이랑)... ,마지막 후식으로 비빔냉면까지 ㅎㅎ 소갈비살 숯불구이 좋아하는 사람은 <b>예박사 수원점</b> 필수 방문해야함... 끝! #수원갈비맛집 #수원예박사 #수원아이랑 #수원데이트맛집 #수원맛집추천 #수원가족식사,liv_h_ome,20250304
https://blog.naver.com/dbjeen/223924077003,[맛집] <b>예박사 수원점</b>/ 수원 남문 소갈비살 맛집/ 수원 현지인... ,주말 저녁에 수원 소갈비살 맛집으로 유명한 예박사를 방문했는데요! 솔직 후기를 작성해볼게요 <b>예박사 수원점</b> 위치 경기 수원시 팔달구 수원천로 235 ️ 주차 매장 주차장❌ 매장 옆 유료 주차장 이용... ,듀디로그,20250706
https://blog.naver.com/yunnn__e/223509513965,못골시장 근처 오래된 가성비 좋은 소갈비집 :: <b>예박사 수원점</b>,"20,000원 <b>예박사</b> 간판에 사장님 얼굴도 있어요 신뢰가 가지 않나요? ㅋㅋㅋㅋㅋ 365일 연중무휴로 설, 추석 명절에도 영업합니다 웨이팅이 있을 수도 있는데 앉아서 기다릴 수 있는 좌석도 있어요 포장... ",쪙's 일상기록ෆ,20240711
https://blog.naver.com/yacle70/224057158025,<b>예박사 수원점</b> 1. 저렴한 가격으로 소고기를 즐길 수 있는 곳,"<b>예박사 수원점</b> <b>예박사 수원점</b>은 수원천로에 위치한 육류 전문점이다. 이곳에서는 다양한 소고기 메뉴를 즐길 수 있으며, 특히 양념갈비와 LA갈비가 인기가 많다. 주소는 경기 수원시 팔달구 수원천로 235이며... ",행복한 마케터의 노리터,20251103
https://blog.naver.com/fma4631/224056223678,수원 사람들은 다 아는 맛집 '<b>예박사 수원점</b>' 나의 어릴적 단골집..,수원 사람들은 모를 수가 없는 <b>예박사</b>.. 단골집이지만 이제서야 풀어봅니다 ㅎㅎ 양념 소갈비살 900g... <b>예박사</b> 양념소갈비살은 진짜 통실하고..육즙에.. 그냥 수원 사람들 모두가 아는 고기 맛집..!! 고기 자체도... ,Radiant,20251028
https://blog.naver.com/dltjsal529/223426092610,[ 수원 맛집 ] 수원 남문 양념소갈비살 가성비 맛집. <b>예박사 수원점</b>,오늘은 수원천 걷다가 즉흥으로 고기 땡겨서 방문한 예박사 후기입니다! 애매한 시간에 방문해서 낮술도 하고 잘 먹고 왔습니다 ㅎㅎ <b>예박사 수원점</b> 주소 : 경기 수원시 팔달구 수원천로 235 ☎️ 전화번호... ,맛있는거 먹어야지.,20240424
https://blog.naver.com/wagu_bubu/223893497554,수원 현지인 맛집 수원 생LA갈비 맛집 <b>예박사</b>,수원 남문 현지인 맛집 생LA갈비가 맛있는 <b>예박사 수원점</b> 포스팅해 볼게요 예박사는 오전 11시부터 오후 09시 30분까지 영업을 길게해서 점심 식사도 가능한 맛집입니다 평일엔 브레이크 타임이 있으니... ,와구부부 일지ෆ,20250609
https://blog.naver.com/jiniiloo/224276505197,수원 남문 구천동 LA갈비 맛집 <b>예박사</b>,거의 4-5년 만에 가는데 맛이 그대로일지 기대되네요 <b>예박사 수원점</b> ⏰영업시간 11:00-21:30 평일... 뼈도 잘 발라지고 맛있어서 기분이 좋았습니다 아쉽게도 예박사는 야채와 쌈은 기본 제공되지 않아요 2000원... ,Life & More,20260506
https://blog.naver.com/jinnimong/223739984406,"수원 남문 맛집 <b>예박사</b>, 가성비 소고기 밑반찬 최고",수원 가성비 소고기 맛집인 예박사 다녀왔어요. 고등학교때부터 많이 다녔던 애정하는 맛집이랍니다. 그럼 후기 보러 가보실까요~? 주차 <b>예박사 수원점</b> 주차 정보에 대해 알려드릴게요. 주차장은 따로... ,"맛있는 거 먹으려고 돈 버는 사람의 기록,",20250130
https://blog.naver.com/foodduo/224272171732,주말 가족 외식으로 실패 없는 양념 소갈비살 맛집 '수원 <b>예박사</b>',오는 '예박사' 리뷰를 드디어 들고 왔습니다! 요즘 유독 고기가 당겨서 더 자주 발도장을 찍고 있는데... #수원소갈비살맛집 #수원고기맛집 #수원회식장소 &quot;<b>예박사 수원점</b>&quot; ⏰ 영업시간 매일 11:00 ~ 21:30... ,함께 먹고 기록하는 단짝,20260502
https://blog.naver.com/summr1213/223447570399,동탄 센트럴파크 맛집 <b>오이탈리안 동탄점</b> 후기,"오늘 소개해드릴 곳은 동탄 센트럴파크 근처에 위치한 이탈리안 레스토랑, <b>오이탈리안 동탄점</b>입니다! 지난 어버이날에 부모님을 모시고 다녀오게 됐어요. 맨날 한정식만 가니까 뭔가...고갈되는... ",직접 경험해보고 정리하는 현실 소비 리뷰어,20240526
https://blog.naver.com/ara-1723/224020617255,파스타가 기가막히게 훌륭했던 <b>오이탈리안 동탄점</b>,<b>오이탈리안 동탄점</b>을 찾게 됐어요! 후기가 상당히 좋은데다가 실제로 모임을 하러 많이들 가신다고 해서 다녀왔는데 분위기부터 맛까지 완벽한 곳이었어요 :) 그럼 친구들과 함께 다녀온 <b>오이탈리안 동탄점</b>... ,웃자^^,20250924
https://blog.naver.com/gjcltms1/223532352560,동탄 맛집 <b>오이탈리안 동탄점</b> 피자 추천,"그럼 동탄 맛집 <b>오이탈리안 동탄점</b> 피자 추천 포스팅 마치겠습니다. 안녕. 상호 : 오이탈리안 동탄 주소 : 경기도 화성시 동탄공원로 3길 14-14 1층 영업시간 : 11:00 - 21:00 (15:30 - 17:30 브레이크 타임, 20:15 마지막... ",고독한 돼식가 민짱,20240801
https://blog.naver.com/okgirl27/223489609181,분위기 좋은 데이트코스 동탄맛집 <b>오이탈리안 동탄점</b>,"센트럴공원 근처라 데이트 코스, 가족 외식으로도 오기 좋을것 같아요^^ <b>오이탈리안 동탄점</b> 주차는 매장 바로 앞에 3-4대 주차 가능하니 참고해 주세요. 오이탈리안 아기자기한 소품들과 액자가 주는 감성이... ",세모의 일상♡,20240624
https://blog.naver.com/wlsdnd1062/224054469743,친구와 기분 낸 동탄센트럴파크맛집 :) <b>오이탈리안 동탄점</b>... ,친구와 기분 낸 동탄센트럴파크맛집 :) <b>오이탈리안 동탄점</b> 식전빵부터 굿! 안녕하세요! 얼마 전 친구와... 분위기도 좋고 맛있는 이탈리안 요리를 즐길 수 있어서 행복한 시간이었답니다.... ,자기개발하는개미,20251026
https://blog.naver.com/min84265/223548503890,"동탄 분위기, 맛집, <b>오이탈리안 동탄점</b>",하면서 ㅋㅋㅋ 뭐먹을지 하는데 최근에 엄마가 다녀오셨는데 진짜 맘에 들었다는 이탈리안레스토랑을 가자셔서 오~ 좋지 하고 쫄래쫄래 따라가본~! #<b>오이탈리안동탄점</b> <b>오이탈리안동탄점</b>은 보니까 본점이... ,다로다로다로롱,20240815
https://blog.naver.com/ppsb2022/223662856032,"[식당] 화성 동탄 센트럴파크, <b>오</b>! <b>이탈리안 동탄점</b>, 식전 빵이... ","오늘 내돈내산 리뷰해 볼 곳은 화성 동탄 센트럴파크 옆에 위치한 <b>오이탈리안 동탄점</b>입니다. 피자와... 파스타는 포르마지오 에 만조, 피자는 오이탈리안 꽈트로를 주문했습니다. 그때에는 그냥 신경 안 쓰고... ",바람 쐬러 가자,20241117
https://blog.naver.com/qudwls4817/223830332023,"동탄센트럴파크맛집 <b>오이탈리안 동탄점</b>, 제대로 된 이탈리안... ","<b>오이탈리안 동탄점</b>은 진짜 찐 맛집이었어요. 감성 인테리어에 음식까지 하나하나 진심인 곳! 동탄... 살시차 피자 직접 만든 이탈리안 소시지 '살시차'가 들어간 피자! 이게 짭짤한 맛이 강한데, 바질과... ",필립 라이프,20250413
https://blog.naver.com/eunhye__1218/223459840828,동탄맛집 동탄피자 정답인 <b>오이탈리안 동탄점</b>,"동탄 센트럴파크 근처에 있는 <b>오 이탈리안 동탄점</b>에 갔는데, 마치 미술관에 온 것처럼 인테리어가 정말... 기념일이나 양식이 떠오르는 날에 찾으신다면, 동탄 센트럴파크에 있는 동탄맛집 이탈리안 동탄점을 꼭... ",찐블로거 일상이야기!,20240527
https://blog.naver.com/5074603/223705830955,<b>오이탈리안 동탄점</b> 방문 리뷰 – 맛과 분위기 연말 모임 추천!,"<b>오이탈리안 동탄점</b>은 맛도, 분위기도, 서비스도 모두 추천하고 싶은 곳이에요. 저는 이탈리안 요리를 먹으러 조만간 또 한번 갈거 같아요. 여러분도 '파스타? 피자?' 고민하신다면 오이탈리안 방문해보세요.... ",동탄부동산똑똑 공인중개사사무소,20241226
https://blog.naver.com/mymy963/223417333873,동탄맛집 센트럴파크 분위기 좋은 <b>오이탈리안 동탄점</b>,"그래서 동탄맛집 찾다가 <b>오이탈리안 동탄점</b>에 다녀와봤습니다! 생각보다 분위기가 고급스럽고 음식도... 이곳은 특히나 셰프, 바리스타, 소믈리에, 디자이너가 만드는 '음식과 문화를 담는 공간' 오이탈리안이... ",❤️Happy life❤️,20240416
https://blog.naver.com/justuplift/223517579116,동탄맛집 데이트하기 좋은 <b>오이탈리안 동탄점</b>,초집중해주세요 <b>오이탈리안 동탄점</b> 경기 화성시 동탄공원로3길 14-14 1층 영업시간 11:00- 21:00 031-8077-4999... 같아요 <b>오이탈리안 동탄점</b>은 내부도 정말 깔끔하면서 분위기가 좋아서 데이트하기 좋은 곳이에요... ,국내 핫플 탐방하는 메모장,20240718
https://blog.naver.com/woo_vely27/223912340665,"눈과 입이 모두 행복한 곳, <b>오이탈리안 동탄점</b>에 반하는 이유","여긴 식전빵에서부터 온 마음을 다 갈아넣으신것 같더라구요 ㅋㅋㅋ 진짜 식전빵이 맛있으면 얼마나 맛있겠어 하시지 마시고 꼭 드세요, 안드시면 안되요 꼭 드셔야 합니다.. <b>오이탈리안</b>은 이미 가성비 좋고... ","보통의 , 육아맘 니니의 일기",20250626
https://blog.naver.com/4everywyw/223547812505,동탄맛집 <b>오이탈리안 동탄점</b> 친구랑 점심식사,이 친구 만날 땐 항상 점심식사 약속은 이 곳 동탄맛집 오이탈리안 에서 하는 편인데요. 워낙에 양식 을... 더 맛있게 <b>오이탈리안 동탄점</b>을 즐길수 있는 꿀 팁 음식 조합도 알려드릴테니 데이트 할 공간 또는... ,맛집 수집가 本體,20240814
https://blog.naver.com/kirinblog/223453333862,동탄 맛집 화성 이탈리아 음식점 추천 <b>오이탈리안 동탄점</b>,오이탈리안 콰트로 피자 <b>오이탈리안 동탄점</b>의 식전빵은 약간 특이했다 식전빵에도 진심을 다하고 있다는 듯이 마냥 바삭하고 고소하기만 한 보통 알고 있는 식전빵과 달리 겉과 속이 촉촉하면서 부드러웠다... ,( )했던 오늘의 기록,20240521
https://blog.naver.com/trugh1982/223910552288,우아한 점심 한 끼 데이트장소로 제격인 <b>오이탈리안 동탄점</b>,"동탄센트럴파크맛집, 우아한 점심 한 끼 데이트장소로 제격인 <b>오이탈리안 동탄점</b> 안녕하세요!... 내부 분위기 동탄센트럴파크맛집 오이탈리안 내부로 들어서자마자 생각보다 매장이 넓어서 깜짝 놀랬어요! 2... ",확실하게 행복한 일상❤️,20250624
https://blog.naver.com/goose0070/223992947048,퀄리티 높은 맛과 서비스까지 <b>오이탈리안 동탄점</b>,"다른 곳에서 쉽게 만날 수 없는 메뉴들을, 먹기 좋은 방식으로 맛있게 풀어낸 동탄센트럴파크맛집 <b>오이탈리안 동탄점</b>!! 안 와본 사람은 있어도 한 번만 온 사람은 없을 듯한 인생 동탄맛집이었답니다... ",세상의 모든것을 흥미롭게 _,20250902
https://blog.naver.com/vndwjdfl5529/223519432077,동탄맛집 인생 파스타 <b>오이탈리안 동탄점</b>,"인생 파스타 만난, <b>오이탈리안 동탄점</b> 뿌뿌는 로제 파스타를 참 좋아해요. 특히 새우와 로제의 만남은 언제 먹어도 인생 음식 그자체인데요. 이번에 친구와 함께 외식 하러 간 동탄맛집 오이탈리안에 맛있는... ",♡맛집 탐방 뿌뿌로그♡,20240720
https://blog.naver.com/leesoheng/223484153996,동탄맛집 <b>오이탈리안 동탄점</b>,오늘은 <b>오이탈리안 동탄점</b>에 방문해보았어요 ㅎㅎ 소개드릴게요. ✔️ 영업시간 런치 11:00 ~ 3:30 평일... 오이탈리안 광교점에 방문했을 때도 너무 만족해서 집 근처였던 동탄점에도 방문한건데요. 이미... ,Jamie의 여행 스토리,20240619
https://blog.naver.com/soovely_87/223518779240,동탄맛집 <b>오이탈리안 동탄점</b> 기념일은 피자,"피자 좋아한다면, <b>오이탈리안 동탄점</b>! 저번 주 수블리 소소한 남친과의 기념일을 보냈지요. 이번엔... 오이탈리안이 눈에 보여요! 특히 기념일 외식 장소로 제격이라는 많은 분들을 글 을 보니 여기다!... ",맛집&여행 기록을 남깁니다.,20240719
https://blog.naver.com/alth2214/224119655328,"강남역 돈까스 맛집, <b>오제제 강남점</b> 방문 후기 - 안심돈카츠... ","결론적으로 <b>오제제 강남점</b> 꽤 만족스러운 한끼 식사였습니다. 강남에서 돈카츠 괜찮은 곳 찾으면 정돈 강남점 정도 찾아갔었는데, 오제제라는 좋은 대안(?)을 찾은 듯 하여 만족했네요. 강남역 돈까스 맛집... ",춘하추동,20260110
https://blog.naver.com/fill-joosum/224133396479,"강남역 맛집, <b>오제제 강남점</b> 돈까스 &amp; 말차 자루우동 미친... ",강남역 맛집 <b>오제제 강남점</b> 안심 / 등심 돈까스 &amp; 말차 자루우동 내돈내산 솔직 리뷰 2026년 1월 3일(토)... 외부 공간 강남역 맛집 <b>오제제 강남점</b> 다행히 저희는 토요일 저녁 7시경 방문했음에도 웨이팅 없이 바로... ,주섬주섬 빈칸 채우기,20260104
https://blog.naver.com/jessie98888/224266595589,강남역맛집 점메추 <b>오제제 강남점</b>,"때 <b>오제제 강남점</b> 적극 추천드려요. 오늘 하루도 수고한 나에게 주는 완벽한 선물, 성공적인 식사였습니다!  #강남역맛집 #오제제강남 #강남역돈까스 #안심카츠 #등심카츠 #히레카츠 #로스카츠... ",엣팁로그,20260427
https://blog.naver.com/smartshare/224199786133,강남 맛집 추천 대한민국 3대 돈카츠 맛집 <b>오제제 강남점</b>,무료 오제제 메뉴판 및 추천메뉴 출처: <b>오제제 강남점</b> 직장이 강남이다 보니 캐체테이블을 이용해서 한달에 한번씩은 꼭 갔던 곳입니다. 개인적으로 국내에선 크레이지카츠 다음으로 맛있는 곳이라... ,Smart Share,20260301
https://blog.naver.com/maeve242/224226138756,강남 맛집 추천 n번째 재방문 <b>오제제 강남점</b> 웨이팅 메뉴 추천,"안녕하세요, 하놀입니다 :) 오랜만에 만난 동기들과 식사는 제가 사랑하는 강남 맛집에서 해야하기 때문에ㅎㅎ 이전에도 소개한 적 있는 오제제에서 먹기로했어용 <b>오제제 강남점</b> 웨이팅 맛 메뉴 솔직후기... ",하놀의 핫플로그,20260323
https://blog.naver.com/la_ssun2022/224270678732,유튜브 AI 추천 돈카츠 맛집 '<b>오제제 강남점</b>' 내돈내산 방문 후기,물론 직원분이 안내하는 대로 가야함 주의ㅎㅎㅎ 평일 저녁임에도 가득 찬 오제제 매장! <b>오제제 강남점</b>은 되도록 평일 방문을 추천해 봅니다. 원격 줄서기 필수! 매장 앞에 대기 의자 없으니 앱으로 순서... ,무엇이든 경험해보세요.,20260430
https://blog.naver.com/metaerim/223671533051,[<b>오제제 강남점</b>] 말도안되게 부드러운 돈카츠와 쫄깃한 우동이... ,"최강 <b>오제제 강남점</b> 후기를 남겨봤는데요! 지금까지 오제제 광화문점, 강남점 두군데를 방문해봤는데 두군데 모두 넘 맛있었어서 어느 지점을 가셔도 실패는 없을 것 같아요~ 일본식 돈카츠 좋아하신다면 완전... ",탦이 사는 이야기,20241126
https://blog.naver.com/youliwert/224269435406,강남 맛집 Ι  <b>오제제 강남점</b>  Ι 강남 돈까스 1티어 맛집 Ι... ,"안룡율 오느른 바로 어제 다녀온 따끈따끈 핫한 돈까스 맛집 <b>오제제 강남점</b> 다녀왔어요 ㅎㅎㅎ... 강남 오제제 외관! 강남 358타워 2층에 위치 해있어요! 봉추찜닭, 효뜨, 단정, 모닥 스낵 등등 꽤나 유명한... ",YuuBBAM,20260429
https://blog.naver.com/again__/224202519347,맛집 바삭하고 깨끗한 돈가스 평일 웨이팅 후기 <b>오제제 강남점</b>,"#<b>오제제강남점</b> 메뉴판입니다! #오제제 는 바삭한 돈가스를 파는 체인점인데요~! 대표 메뉴인 등심(로스카츠), 안심(히레카츠)돈가스 외에도 우동, 소바 등을 판매합니다! 테이븖마다 오제제를 온전히 즐기는... ","소확행, 늘 행복하게❤️",20260303
https://blog.naver.com/taesanbubu/224260331818,AI와 곽범이 인정한 돈카츠 <b>오제제 강남점</b> 평일 점심 후기,"오늘은 <b>오제제 강남점</b>에 다녀왔어요. 주말에 유튜브를 보다가 곽범님이 출연하는 OOTD 스튜디오 &lt;인기맛집&gt;을 보게 되었어요. AI 추천 맛집 VS 사람 추천 맛집으로 강남 1등 돈까스집을 찾는데, 오제제는 AI가... ",태산부부의 티끌모아 태산,20260421
https://blog.naver.com/hoonnggggg/223671502826,<b>오제제 강남점</b> | 일요일 저녁 웨이팅 후기,"강남역에서 뭘 먹지 고민하다가 오제제 가기로 했다. 오제제는 전 회사가 서울역에 있을 때 종종 갔던... 이번엔 강남점으로 일요일 저녁에 갔는데, 얼마 안기다려서 너무 기뻤다 푸하하 <b>오제제 강남점</b>은... ",에디지수네,20241124
https://blog.naver.com/doitleejuu/223938251844,<b>오제제 강남점</b> 서울 명실상부 돈까스 맛집 평일점심 내돈내산... ,"강남역_<b>오제제</b> 서울 오피스상권 원탑 돈까스 <b>오제제</b> 강남 첫 방문기 강남역 맛집 직장인 점심추천... 한동안 줄이 너무 길어서 못 가보고 있다가, 마침 최근에 오전 미팅 끝나고 근처에 <b>강남점</b>이 있길래... ",이쥬의 맛적재산,20250718
https://blog.naver.com/vv_0_0_vv/224277492987,돈카츠 맛집 | 평일 웨이팅 | 강남 점심 맛집 '<b>오제제 강남점</b>',핫핫 <b>오제제 강남점</b> 주소 : 서울 강남구 강남대로 358 영업시간 : 11:00 - 21:00 (L.O 20:00) 전화번호 : 070-8691-4659 외관은 깔끔한 빌딩 안에 있었고 오제제라고 적혀있어서 쉽게 찾을 수 있었습니다 매장은 건물... ,심심할 틈이 없어요,20260507
https://blog.naver.com/2pika025/224263820019,<b>오제제 강남점</b> 후기 - 찾아가는 법/웨이팅 팁/추천 메뉴,안녕하세요 이번엔 <b>오제제 강남점</b> 다녀와서 이것저것 팁을 준비했습니다 곽 범님 유튜브 영상 보고... 2026년 4월 21일 (화) 오제제 강남 위치 먼저 찾아가는 법입니다. 위치는 강남 358 타워(1층에 크게... ,YSlog,20260424
https://blog.naver.com/tania111/224245248855,[강남역 맛집] <b>오제제 강남점</b> 주말 웨이팅 및 내돈내산 솔직후기,"맛집 오제제! 우리는 가까운 <b>오제제 강남점</b>으로 일요일 점심에 방문하였다 ㅎㅎ 강남역 맛집이라 주말 웨이팅이 있을까봐 출발할 때부터 캐치테이블 웨이팅 확인하면서 갔는데, 다행히 대기가 없었던 오제제... ","그저 기록하는 걸 좋아하는, 30대의 일상들",20260408
https://blog.naver.com/2_da0/224265653428,[강남역] <b>오제제 강남점</b>- 일식돈가스 / 말차 자루 우동,"평일 퇴근 후에 다녀온 #<b>오제제 강남점</b>! 웨이팅이 있을까봐 걱정하며 갔는데 버스 한정거장에서 캐치테이블로 예약함 ㅎㅎ [오제제 웨이팅(평일)] 오후 7시 기준 10분 전에 11번째였고, 도착하고 10분정도... ",유 드랍 썸땡,20260426
https://blog.naver.com/juile0837/224094508367,강남역 맛집 <b>오제제 강남점</b> | 웨이팅 꿀팁! 레어 돈카츠... ,"돈카츠랑 조합이 진짜 좋았고 아이도 정말 좋아했어요 ㅎㅎ 돈카츠 <b>오제제 강남점</b> 안심, 등심 돈카츠 오제제는 역시 레어 돈카츠가 메인이죠 저는 기름기없는 안심을 선호하지 않는 편인데 고기가 다른... ",함께 걷고 웃는 시간들을 기록하기☘️,20251201
https://blog.naver.com/boye0ni/224225091100,[강남] <b>오제제 강남점</b> | 평일 금요일 저녁 캐치테이블 후기⏰,<b>오제제 강남점</b>  위치: 서울특별시 강남구 강남대로 358 강남358타워 2층 201호 ⏱ 영업시간: 11:00-21:00... 6시에 오제제에서 만나기로 해서 5시50분에 미리 캐치테이블로 원격등록을 하고 방문했습니다! 6시부터는... ,with Luv,20260322
https://blog.naver.com/choida92/224158832559,강남역 카츠 맛집_내돈내산 : &lt;<b>오제제 강남점</b>&gt;,"맛집 <b>오제제 강남점</b> ✔️ 오제제 A set &lt;로스카츠, 히레카츠, 자루우동&gt; (40,000원) 여자 2명이서 이 세트 시키면 완전 배부르게 먹을 수 있음 내 기억에 자루우동을 조금 남겼던 듯 면발 오동통하고 쫜득하니... ",이러려고 돈 벌지,20260125
https://blog.naver.com/ltsmee/224235378872,<b>오제제 강남점</b>｜내돈내산 등심 안심 돈카츠 말차우동 강남맛집,#내돈내산 #오제제 #강남맛집 영업시간 매일 11시 ~ 21시 위치(강남역 4번 출구) 서울 강남구 강남대로 358 연락처 070-8691-4659 회사 동료와 퇴근하구 저녁 먹으러 간 <b>오제제 강남점</b> 돈까스 맛집으로 완전 유명한... ,Happy Life,20260331
https://blog.naver.com/trappys2/224156846577,김밥맛집 <b>오토김밥 강남본점</b> 닭강정이랑 같이먹는 오토김밥... ,쩝쩝박사 장이 픽 베스트3 안에 드는 맛있는 김밥 <b>오토김밥 강남본점</b> 평일 10:00-21:00 토 10:00-20:30 * 14:30... 나온 #강남맛집 #강남김밥맛집 오토김밥 본점에 갔다. 여기저기 김밥맛집이 있는데 오토김밥은... ,trappy,20260124
https://blog.naver.com/aannajang/224259280940,<b>오토김밥 강남본점</b> 내돈내산 테이크아웃 추천 후기,"START <b>오토김밥 강남본점</b> 서울 강남구 테헤란로4길 46 쌍용플래티넘밸류 상가 1층 102호, 103호 ☎️ 0507... 도움이 되셨다면 공감을 눌러주세요❤️ 그럼이만 END #<b>오토김밥강남본점</b> #오토김밥 #내돈내산... ",안나장의 기록,20260420
https://blog.naver.com/sasshi/223520837993,<b>강남</b> 분식맛집 <b>오토김밥</b> 닭강정 <b>강남본점</b>에서,강남 분식맛집 오토김밥 닭강정 강남본점에서 요즘 외근이 잦다보니 분식을 먹을일이 많아진다.... <b>오토김밥 강남본점</b> 메뉴 <b>오토 김밥 강남본점</b>은 키오스크로 주문이 가능하였는데 대표메뉴인 고추냉이김밥부터... ,패션왕의 패션놀이터,20240722
https://blog.naver.com/ceomom-/223825535178,&lt;<b>오토김밥 강남본점</b>&gt; 내돈내산 솔직후기,유명하게된 &lt;오토김밥&gt;✨✨ 실제로 뉴욕타임즈와 생활의 달인에도 나온 맛집이랍니다 함께 가보실까요오 이미 너무나도 유명해서 매장이 많지만 저는 강남본점으로 다녀왔어요 &lt;<b>오토김밥 강남본점</b>&gt; 매장... ,엄마는 CEO,20250407
https://blog.naver.com/bright_kwon/223829383977,"강남역 김밥 / <b>오토김밥 강남본점</b>, 키토 느낌 채소 김밥과... ",김밥집이에요 :) <b>오토김밥 강남본점</b> 건강한 채소김밥 강남역 배달 맛집 이쪽으로 운동 다니던 지난... 가볍지만 + 든든한 + 건강한 배달음식 찾다가 오토김밥이 눈에 들어와서 주문해봤다. 쿠팡 멤버쉽을 쭈욱... ,★ 이상하고 멋진 나라의 앨리스 :),20250411
https://blog.naver.com/lovely_weekday/224200019539,강남역 강남세브란스 근처... 혼밥 닭강정 맛집 <b>오토김밥 강남본점</b>,들어간 김밥집인데 진짜 인생 닭강정을 만난 곳이었어요 <b>오토김밥 강남본점</b> 위치 및 영업시간 강남역... 영업시간 10:00-21:00 토요일 -20:30 일요일 휴무 대왕 큰 오토닭강정 콤보세트 오토김밥만 주문하면... ,️성실한 인생 여행기,20260301
https://blog.naver.com/solsolsola_/223849572714,[서울/강남] <b>오토김밥 강남본점</b> 배달후기(양재시민의숲... ,<b>오토김밥 강남본점</b> 서울 강남구 테헤란로 4길 46 주소 : 서울 강남구 테헤란로4길 46 쌍용플래티넘밸류... 맛있더라 본점은 이태원이고 서울에 여러 가맹점을 두고 있어 배달앱을 켜서 오토김밥 검색하면 쉽게... ,리뷰 남기는 솔라,20250429
https://blog.naver.com/kimkm8922/223834488012,"<b>오토김밥 강남본점</b> 닭강정 한마리, 스팸김밥 포장",때문에 오토김밥 강남점에 들러서 닭강정 한마리랑 스팸김밥을 포장 주문했는데 두 가지 메뉴 다 엄청 맛있게 먹어서 만족하며 남기는 포스팅! 외관 <b>오토김밥 강남본점</b>은 강남역 4번 출구에서 3분 4분... ,일상 여행자 메밀전병,20250415
https://blog.naver.com/858000/224045501197,강남역 혼밥 김밥 맛집 <b>오토김밥 강남본점</b>,오늘은 제가 애정하는 김밥집 소개할게요! <b>오토김밥 강남본점</b>입니다! 회사에서 가까워서 자주 먹어요... ㅎㅎ 오토김밥 근접샷 고추하나 올려먹으면 느끼하지 않고 좋아요 고추냉이김밥 근접샷 순살닭강정... ,쿼카의 행복한 일상,20251018
https://blog.naver.com/nyongmuk/224053442937,[강남] 김밥&amp;닭강정 체인 맛집 &quot;<b>오토김밥</b>&quot; <b>강남본점</b>,고추냉이김밥은 소스도 따로 주세요~ 비건참치는 강남본점에는 없더라구요 다른 참치김밥에 비해... 연관게시물 #오토김밥 #<b>오토김밥강남본점</b> #강남역맛집 #강남역김밥 #강남역점심 #강남역혼밥... ,녕녕먹게찌,20251025
https://blog.naver.com/lyj4705/223700477054,강남역 맛집탐방기 2_<b>오토김밥 강남본점</b>(내돈내산),그렇게 오토김밥 닭강정이 맛있다고 극찬을 했었어서 궁금했는데 먹어보고 진짜 반해버린! 역시 먹잘알 '가오니'님...ㅎㅎ ( ◜‿◝ )*.✧ <b>오토김밥 강남본점</b> 주소: 서울 강남구 테헤란로4길 46... ,뒤죽박죽 빙글빙글,20241224
https://blog.naver.com/lhy816/223880788618,[서울] 강남 맛집 <b>오토김밥 강남본점</b> 김밥+닭강정 세트,:) #내돈내산 강남역 4번 출구에서 1분 정도 거리에 초록색 간판이 눈에 띄는 <b>오토김밥 강남본점</b>... 0 고추냉이 김밥 1줄 + 닭강정 1/4마리 구성 @ 네이버 오토김밥 강남점 처음이니까 기본 오토김밥 먹어볼까... ,ʙᴏɴɪᴛᴀෆ,20250528
https://blog.naver.com/boj031212/224135910332,"[강남] <b>오토김밥 강남본점</b> 후기(스팸김밥, 닭강정 세트)",<b>오토김밥 강남본점</b> 후기입니다. 가끔 배달로도 시켜먹는 곳이에요. <b>오토김밥 강남본점</b> 영업시간... 주문은 키오스크로 하면 되고 김밥 메뉴들은 6000원 콤보 메뉴는 11000원입니다. 콤보메뉴는 닭강정 1... ,grilled egg,20260106
https://blog.naver.com/you-love-sj/223804070879,강남역 김밥 <b>오토김밥 강남본점</b> 김밥덕후가 추천하는 김밥... ,제가 오토김밥을 정말 좋아하는데요. 오늘은 강남역 들를 일이 있어서 본점에 방문해봤어요. 매장 정보 상호명: <b>오토김밥 강남본점</b> 영업시간: 매일 10:00 - 21:00 브레이크타임: 14:30 - 16:00 라스트오더: 20:35 주소... ,행복해지기 위해 경험을 소비합시다,20250321
https://blog.naver.com/diumad/223892676732,<b>오토김밥 강남본점</b> : 김밥 &amp; 닭강정에 보리새우 국물 완벽 조화,간단하면서도 든든하게 먹고 싶다면 <b>오토김밥 강남본점</b> 추천합니다! #오토김밥 #<b>오토김밥강남본점</b> #강남역맛집 #강남닭강정 #오토닭강정 #보리새우국물 #강남역혼밥 #강남김밥집 https://blog.naver.com/diumad/223868096604,"신문공고26년,디움애드:장실장",20250608
https://blog.naver.com/sorang_zn/223672017553,[맛집] 김밥&amp;닭강정 맛집  | <b>오토김밥 강남본점</b>,한 번 더 방문까지 했어용 이 곳을 오게해준 ㅈㅇㅇ와 ㅇㅇㄹ에게 감사를.. ㅋㅋㅋㅋㅋㅋㅋㅋㅋㅋㅋㅋㅋ 체인점이라 지점도 여러개 있더라구요 추천합니당!! #내돈내산 #<b>오토김밥</b> #닭강정 #서울맛집 #<b>강남</b>맛집,selenophileও,20241125
https://blog.naver.com/danbin_blog/223618694779,간단히 배채우기 좋은 <b>오토김밥 강남본점</b> 후기,은슬입니다 : ) 오늘은 간단히 배채우기 좋은 <b>오토김밥 강남본점</b> 후기를 남겨보고자 합니다 ✨ 일단 <b>오토김밥 강남본점</b> 외관은 김밥집이 이렇게 깜찍하더라구요 김밥집이 깔끔하고 트렌디 해서 뭔가... ,…☀️,20241014
https://blog.naver.com/vlemf1461/224081115432,혼밥 :: <b>오토김밥 강남본점</b>] 일주일에 두번은 먹는 강남 김밥... ,☎ 0507-1410-6645 ♥ 영업 10:00 - 21:00 ♥ 강남역 4번출구 진짜 일주일에 두번은 시켜먹는 거 같은 오토김밥 오늘은 강남역 혼밥을 해야해서 <b>오토김밥 강남본점</b>에 방문했어요 :) 강남역 김밥 / 강남역 혼밥 오토김밥... ,소식좌의 식욕을 돋운 찐 맛집,20251123
https://blog.naver.com/5olar/223918578668,[<b>오토김밥 강남본점</b>] 강남역 김밥 닭강정 맛집! 꿀조합 직장인... ,한 끼 해결하고 싶은 분 - 테이크아웃 김밥 + 닭강정 세트로 집에서도 맛있게 먹고 싶은 분 #오토김밥 #<b>오토김밥강남본점</b> #닭강정 #강남김밥맛집 #김밥맛집 #닭강정맛집 #강남역맛집 #강남혼밥 #강남점심맛집,솔라's 스케치북,20250702
https://blog.naver.com/yodavely/223732889951,"강남 분식 맛집, <b>오토김밥 강남본점</b> 내돈내산 후기","간단하게 김밥을 먹고 싶어서 방문했던 곳인데 김밥 재료도 알차고, 닭강정이랑 같이 먹으니 너무 맛있었던 곳이에요 강남역 김밥&amp;닭강정 맛집 <b>오토김밥 강남본점</b> 방문해보세요 두 메뉴가 잘 어울려서... ",구름 일기장,20250121
https://blog.naver.com/ellyjieun/224027531463,동탄 북광장 술집 회식장소 추천 <b>용용선생 동탄북광장점</b> 만족... ,"만족스러운 <b>용용선생 동탄북광장점</b>! 하이볼도 맛있었고, 음식들도 다 맛도리였다~ 용용선생은 언제가도 늘 만족ㅎㅎ 특히 동탄북광장점은 회식 가능한 룸도 있기 때문에 동탄 북광장 회식 장소도... ",Jingni's daily,20250930
https://blog.naver.com/jolbuproject/223448060941,<b>동탄</b>술집) <b>용용선생</b> <b>북광장점</b> / 신메뉴 사천곱짜장 후기... ,"또 신메뉴 나오면 먹어줘야지 바로 달려갔습니다 (하체해서 사실 못달림,,,) <b>용용선생 동탄북광장점</b>... 또 가서 먹고싶어요,,, 생각나,,, 그리고 용용선생 북광장점 직원분들 진짜 친절친절이라 기억에 남네요... ","퇴사하는 그날까지,",20240516
https://blog.naver.com/seodrawing_/224197279887,동탄북광장 맛집 화산마라전골 추천 <b>용용선생 동탄북광장점</b>,#동탄북광장맛집 #동탄북광장술집 #동탄북광장회식 #동탄하이볼 #동탄중국집 #동탄술집 #동탄마라탕 #동탄룸식당 #동탄룸술집 #용용선생 #<b>용용선생동탄북광장점</b> #용용선생메뉴추천 #화산마라전골... ,"서드로잉, 여행을 그리다",20260226
https://blog.naver.com/duddms1232/224147319125,"[화성]동탄북광장 술집,중화풍... 맛집: <b>용용선생 동탄북광장점</b>","<b>용용선생 동탄북광장점</b> 경기 화성시 동탄중심상가2길 2 1층 용용선생 영업시간: 일-목 17:00~02:00 (라스트오더 01:00) 금.토 17:00~04:00 (라스트오더 03:00)  0507-1316-4497 단체석 구비, 포장 o 네이버 예약 동탄북광장 맛집... ",0.eeun.0,20260115
https://blog.naver.com/li_xy/224002197182,동탄 중식 술집 : <b>용용선생 동탄북광장점</b>,우리 부부의 연애시절 최애 술집이었던 용용선생이 집 앞에 없어서 노래노래를 불러서 북광장에서 2동탄 대리탈 생각으로 방문한 그만큼 맛집 <b>용용선생 동탄북광장점</b>! 1층에 있고 주차하기도 쉽다 언제 봐도... ,호두이모의 블로그,20250910
https://blog.naver.com/shirley369/224239548491,[경기/동탄] 동탄 마라맛집 추천 <b>용용선생 동탄북광장점</b>... ,"<b>용용선생 동탄북광장점</b> 위치: 경기도 화성시 동탄구 동탄중심상가2길 1층 영업 시간: 월~목/일 17:00~익일 2:00, 금/토 17:00~익일 4:00 전화 번호: 0507-1316-4497 주차: ⭕️ (상가 3시간 주차 무료) 안녕하세요... ",김주탕씨 안전한 일상,20260403
https://blog.naver.com/niceq9/224211869314,동탄북광장 맛집 '<b>용용선생 동탄북광장점</b>' 마라전골 유린기... ,남편이랑 동탄북광장 맛집 찾다가 <b>용용선생 동탄북광장점</b> 발견했어요! 유레카 싶어서 당장 다녀왔는데... 동탄_하이볼 #동탄_중국집 #동탄_술집 #동탄_마라탕 #동탄_룸식당 #동탄_룸술집 #<b>용용선생</b>_<b>동탄북광장점</b>,져니의 여행기록,20260310
https://blog.naver.com/msb920/224060127534,동탄 반송동 || <b>용용선생 동탄북광장점</b> / 홍콩 분위기의... ,"<b>용용선생 동탄북광장점</b> 주소 : 경기도 화성시 동탄중심상가2길 2 1층 용용선생 영업시간 : 일~목 17:00 ~ 02... 가능 용용선생은 여러 지점이 있는데, 제가 이번에 방문한 곳은 동탄북광장에 있는 북광장점이에요... ",오뚜기밥,20251031
https://blog.naver.com/dear4840/224181860075,동탄북광장 맛집 <b>용용선생 동탄북광장점</b> 동탄북광장 회식... ,"ㅎ <b>용용선생 동탄북광장점</b> 북광장메인거리 앞에 위치한 동탄북광장 맛집 용용선생 건물외관에서부터 뿜어져나오는 이 느낌이 진짜 짱임... 용용선생 진짜 한 때 자주갔는데 돌짜장 나왔다해서,,, 너무... ",MaisonAdmin,20260212
https://blog.naver.com/olive4893/223915085446,동탄 북광장 술집 <b>용용선생 동탄북광장점</b> 화산마라전골 회식,"주점 '<b>용용선생 동탄 북광장점</b>'에 다녀왔는데요. 홍콩 특유의 분위기가 물씬 나고 중화요리로... 동탄 북광장 회식 용용선생 용용선생 북광장점 경기 화성시 동탄중심상가2길 2 (반송동, 아인슈타인 타워) 1층... ",팔랑팔랑올리브의 책이야기,20250628
https://blog.naver.com/beansyeah/224141322315,<b>용용선생 동탄북광장점</b>... 수작 동탄북광장점 | 김치어묵칼국수... ,용용선생 24년 방문글 ⬇️ 화산마라전골 마라마요새우 버터깐풍기 반송동 수작 동탄북광장점 2차... ㅎㅎ 이상 끝 안뇽  #동탄용용선생 #<b>용용선생동탄북광장점</b> #용용선생고추바삭유림기... ,심심풀이 땅콩예,20260110
https://blog.naver.com/hyang6698/224151586981,[동탄] <b>용용선생 동탄북광장점</b>_동탄 대창마라전골부터... ,이미유명한 용용선생 마라화산전골이 유명한 맛찝 “<b>용용선생 동탄북광장점</b>” ⏰영업시간... 와창 필수 동탄 마라전골 유린기 홍콩느낌 뿜뿜 모든메뉴 다 맛있는곳 동탄 용용선생북광장점 추천드립니다,MY Life is,20260119
https://blog.naver.com/gosumdochijj/223443202421,동탄 북광장 반송동 술집맛집 <b>용용선생 동탄북광장점</b>,"동탄 북광장 룸술집 <b>용용선생 동탄북광장점</b> 주소 : 경기 화성시 동탄중심상가2길 2 1층 영업시간 : 월,수... 이번에 방문했던 동탄북광장 용용선생 동탄점도 홍콩스러운 멋이 나는 그런 술집이었어요. 늦은... ",NEVER MIND,20240511
https://blog.naver.com/jjc1421/224013937315,[화성시/반송동] 단체모임 하기 좋은 '<b>용용선생 동탄북광장점</b>',"(진짜 맛있어서 찐텐으로 후기씀 ,,) #동탄맛집 #동탄중식맛집 #용용선생 #<b>용용선생동탄북광장점</b> #나만의또간집 #마라전골맛집 #동탄술집 #동탄회식장소 #동탄핫플 #동탄하이볼 #맛집후기 #맛집기록... ",4'SdaYs,20250919
https://blog.naver.com/woops32/223933665430,동탄 북광장 술집 안주가 맛있는 <b>용용선생 동탄북광장점</b>,분위기 좋은 레트로 감성 인테리어와 비주얼도 맛도 뛰어난 시그니처 메뉴들 가족들과 좋은 시간 보내고 왔답니다. 동탄 북광장 술집 <b>용용선생 동탄북광장점</b> 추천드려요! 동탄 북광장 술집 용용선생,추억을 기록하는,20250714
https://blog.naver.com/iknowitisalame/224251261469,"<b>용용선생 동탄북광장점</b>, 술 마시러 갔다가 돌짜장에 밥까지... ",동탄북광장 술집 용용선생 북광장점 위치 화장실 정보는 글 하단에-! 북광장 메인 한 블럭 뒤... 동탄술집 <b>용용선생 동탄북광장점</b> 내부 분위기 내부로 들어가면 홍콩 느낌 가득한 인테리어가 인상적이에요.... ,♡맛하우스♡,20260413
https://blog.naver.com/dahadastore/224260925121,동탄북광장맛집 _ <b>용용선생 동탄북광장점</b> | 맛집수준의 안주를... ,<b>용용선생 동탄북광장점</b> ️영업시간 17:00 ~ 새벽 2:00 0507-1316-4497 좀 이른시간에 갔는데도 사람이 많았어요 단체가 빠졌을때 후다닥 찍어봤는데 용용선생은 테이블이랑 좌석이 여럿이 단체로 오기 되게... ,동탄사는 화성FC팬 봉마스,20260422
https://blog.naver.com/misuniy/224024927668,동탄 북광장 술집 <b>용용선생 동탄북광장점</b> 동탄북광장맛집... ,맛있고 야채들도 진짜 신선하고 ㅋ 너무 맛있게 잘 먹었었어요 오늘도 밤마실 잘 다녀왔습니다 긴 글 읽어주셔서 감사합니다 #동탄북광장술집 #동탄북광장맛집 #동탄북광장회식 #용용선생 #<b>용용선생동탄북광장점</b>,허밍스토리,20250928
https://blog.naver.com/happyloopyj/224162609420,동탄북광장 맛집 홍콩식 중국집 마라전골 <b>용용선생 동탄북광장점</b>,"마라전골 <b>용용선생 동탄북광장점</b> 주소 경기 화성시 동탄중심상가2길 2 1층 용용선생 영업시간 17~02시, 금토요일은 4시까지 1시간전 라스트오더 연락처 0507-1316-4497 주차 가능 매장은 중국 특유의 느낌이 살려 있고... ",happyloopy님의 블로그,20260128
https://blog.naver.com/ommmmaya_jane/223915492880,"분위기 좋은 동탄 북광장 술집, <b>용용선생 동탄북광장점</b>!","홍콩감성의 용용선생, 소개해드릴게요! <b>용용선생 동탄북광장점</b> ✅ 주소 : 경기도 화성시 동탄중심상가2길 2 1층 ✅ 영업시간 : 17:00~02:00 (휴무일 없음) ✅ 라스트오더 : 01:00 ✅ 주차 : 건물 주차장... ",오지의 마법사,20250629
https://blog.naver.com/disaster_girl/224270982333,"서울 <b>우오하나 신사점</b> 후기｜제철 사시미 모리와와세,아게다시... ","제가 방문한 곳은 <b>우오하나 신사점</b> 입니다. 지인이 서울 갈 때마다 꼭 들리는 곳이라고 해서 기대감을 안고 방문했어요✨ 혹시 웨이팅 있을까 봐 미리 예약하고 갔는데, 덕분에 룸으로 안내받았습니다! 룸... ",자연재해걸이 남긴 기록장 。˃̵͈̑ᴗ❛。,20260430
https://blog.naver.com/jy341/224183819670,<b>우오하나 신사점</b>  이자카야 메뉴 추천 및 솔직후기,<b>우오하나</b> 갓포요리란 칼과 불을 잘 다루어 뛰어난 조리법으로 만든 일본 요리를 의미합니다. 신선한 제철 식재료로 맛있는 요리와 다양한 술을 준비하도록 노력하겠습니다. ☑️ 영업시간 매일 17:00 - 01:30... ,"ISFJ, 맛집•일상•재테크",20260214
https://blog.naver.com/solttete/224216134724,갓포<b>우오</b> <b>신사점</b> | 신사 모임하기 좋은 프라이빗 룸 이자카야,갓포<b>우오</b> <b>신사점</b> 서울 강남구 강남대로156길 12 1층 영업시간 17:00~01:30 대학 친구들과 오랜만에 모임을... 그런가 <b>하나</b>씩 집어먹을 수 있게 주심 전복 먼저 먹으라고 하셨는데 전복이 진짜 너무 부드럽고 맛있음... ,지구 블로그 협객,20260314
https://blog.naver.com/wwwnite/224192318340,<b>우오하나 신사점</b> | 가로수길 룸 이자카야에서 사케 한 잔,"<b>우오하나 신사점</b> 기본 정보 •주소: 서울 강남구 압구정로2길 29 •영업시간: 17:00 ~ (변동 가능) •예약: 캐치테이블 가능 •특징: 프라이빗 룸, 사케 종류 다양, 모임/데이트 추천 #우오하나 #<b>우오하나신사점</b>... ",세련된 미식가의 미식칼럼&미식노트,20260223
https://blog.naver.com/hyun_kkeung/224252091592,[신사 맛집] <b>우오하나 신사점</b> 후기(메뉴/가격/예약/주차),<b>우오하나</b> 안녕하세요 오늘은 신사에서 분위기 좋은 이자카야 <b>우오하나</b> 다녀온 후기 남겨볼게요! 외관 외관부터 일본 감성 제대로 느껴지는 곳이에요. 저는 지인의 청첩장 모임으로 방문했어요 메뉴 와... ,소소하게 사부작사부작,20260414
https://blog.naver.com/ssu-world/223545068224,신사 단체모임 룸술집 이자카야 '갓포<b>우오</b> <b>신사점</b>',전복 내장 게우소스 파스타는 인기 메뉴 중에 <b>하나</b>라고 했는데 꾸덕하고 진해서 맛있었다. 근데 이미... ㅎㅎ #신사역술집 #신사동맛집 #신사룸이자카야 갓포<b>우오</b> <b>신사점</b>은 룸 형식에 주차 예약 모두... ,쑤월드 is All You Need!,20240812
https://blog.naver.com/juppyblog-/223539749345,[신사 맛집] 신사 이자카야 갓포<b>우오</b> <b>신사점</b> (모리아와세... ,신사 맛집 모임 장소로 제격인 갓포<b>우오</b> <b>신사점</b> 메 뉴 출처 - 캐치테이블 유동인구가 많은 신사에 위치한 이자카야라 그런지 메뉴가 정말 다양했어요 ! 마음 같아선 <b>하나</b>씩 다 주문해서 맛보고 싶지만 그랬다간... ,여기저기 다니고픈 주피,20240808
https://blog.naver.com/oothroddl/224053818370,프라이빗한 룸에서 즐기는 제철  신사역 술집 갓포<b>우오</b> <b>신사점</b>... ,"안녕하세요 최근 신사역 술집 갓포<b>우오</b> <b>신사점</b>에서 정말 특별한 경험을 하고 왔는데요, 어느새... 뭐 <b>하나</b> 빠지는 게 없다고 느꼈어요. 직원분들도 늘 웃는 얼굴로 친절하게 응대해주셔서 더욱 기분 좋은 시간을... ",oothroddl님의 블로그,20251026
https://blog.naver.com/rlao03/224054426140,"미식이 예술이 되는 공간, 갓포<b>우오</b> <b>신사점</b>","그곳이 바로 갓포<b>우오</b> <b>신사점</b>이에요. 이곳은 음식 <b>하나</b><b>하나</b>에 정성과 철학이 담긴, 진짜 ‘정통 일식’을 경험할 수 있는 곳입니다. 갓포<b>우오</b> <b>신사점</b>의 첫인상은 ‘균형과 절제’입니다. 과하지 않고, 부족하지... ",rlao03님의 블로그,20251026
https://blog.naver.com/my_cup_of_tea_/223824555620,"갓포<b>우오</b>, 신사역 이자카야, 신사동 맛집 - 갓포<b>우오</b> <b>신사점</b>","갓포<b>우오</b> <b>신사점</b> 신사동 이자카야 오랜만에 대학 시절 친구들과의 모임을 위해 장소를 찾던 중... 모찌리도후 - 10,000원 모찌리도후(もちり豆腐)는 일본 전통 요리 중 <b>하나</b>로 부드럽고 쫀득한 식감이 특징인 두부... ",cup of tea,20250407
https://blog.naver.com/goke788/224055585913,"여자 셋의 행복한 회식, 강남구이자카야 갓포<b>우오</b> <b>신사점</b> 후기","엄마가 생선 종류를 잘 몰라도 <b>하나</b><b>하나</b> 설명해 주셔서 편하게 주문할 수 있었어요. 덕분에 셋이서 음식에만 집중하면서 즐겁게 시간을 보낼 수 있었네요. 결론적으로, 강남구이자카야 갓포<b>우오</b> <b>신사점</b>은 엄... ",매일 개념있게 살자,20251027
https://blog.naver.com/apex2pr/224177121958,[신사역/맛집] <b>우오하나 신사점</b> 신사역 맛집으로 추천,"요리로, 우오하나에서 그 진수를 경험할 수 있어요. 특히, 제철 사시미 모리아와세(59,000원)와 참치등살 와라야키(38,000원)는 꼭 한 번 시도해볼 만한 메뉴입니다. <b>우오하나 신사점</b>은 신사역 6번 출구에서 도보로... ",2PR APEX,20260210
https://blog.naver.com/onyouly/224074542859,"룸 술집 이자카야_ 갓포<b>우오</b> <b>신사점</b> [예약, 메뉴, 이용 시간 등]","몰랐음,, 갓포<b>우오</b>는 홀이 <b>하나</b>도 없고 전부 다 룸이에요. 룸은 2-16인까지 가능한 룸들로 구성되어 있고, 일행과 이야기하며 편하게 먹을 수 있어 좋았어요. 요즘같은 연말에 단체 모임, 소개팅, 회식하기에... ",돈 버는 이유,20251113
https://blog.naver.com/madeo250/224055592471,"강남구이자카야 갓포<b>우오</b> <b>신사점</b>, 남편과 함께한 일본 요리... ","그 뒤로는 튀김이랑 조림, 나베 요리도 <b>하나</b>씩 주문했어요. 튀김은 겉은 바삭하고 속은 정말... 또 어떤 메뉴가 기다리고 있을지 기대되네요!  #강남구이자카야 #갓포<b>우오</b><b>신사점</b> #강남맛집 #일본요리 #사시미맛집",은이스토리♥,20251027
https://blog.naver.com/jisoo-log/224029169977,가로수길 룸 이자카야 - 갓포<b>우오</b> <b>신사점</b> 청첩장모임 후기,안녕하세요 슈슈슈 입니다 이번에는 신사역 술집 갓포<b>우오</b> <b>신사점</b> 다녀온 후기를 가져왔어요. 친구가... 제철 사시미 모리아와세 갓포<b>우오</b>의 대표 메뉴 중 <b>하나</b>가 바로 이 사시미 모리아와세예요. 제철 가장... ,지수로그 일상을 여행처럼,20251002
https://blog.naver.com/cjsqhtmf/223712247464,안주맛집 신사역 가로수길 룸이자카야 “갓포<b>우오</b> <b>신사점</b>”,#갓포<b>우오</b><b>신사점</b> 룸 형식으로 되어있는 이자카야에요 룸 아닌데도 3테이블 있긴한데 룸이 더 나은듯 요로케 아늑한 룸 모임하거나 데이트로 딱일 듯? 메뉴가 엄청 많더라구요 <b>하나</b>만 시키자니까 몇개를... ,"미학, 천자매 먹자매 •ܫ•)ｯ",20250102
https://blog.naver.com/sodalited/223660328947,갓포<b>우오</b> <b>신사점</b>에서 즐긴 고퀄 숙성회와 프리미엄 요리,"또 <b>하나</b> 장점은 갓포<b>우오</b> <b>신사점</b>은 프라이빗 룸이 있어서 6명 정도의 단체 손님도 수용 가능하다는 점이에요. 매장이 아주 넓진 않지만 아늑하고, 편하게 모임을 즐길 수 있어서 좋았답니다. 서빙하는 스탭 중... ",블로거C의 365일 일상기록(육아·살림·맛집 리뷰),20241114
https://blog.naver.com/cktksgo/224177090694,[신사역/맛집] 갓포<b>우오</b> <b>신사점</b> 프라이빗한 이자카야,"갓포<b>우오</b> <b>신사점</b> 신사역 근처에서 아늑한 분위기 속에 일본 갓포요리를 즐길 수 있는 곳을 찾고 있다면... 자주 묻는 질문으로는, “예약은 어떻게 <b>하나</b>요?”가 있어요. 전화로 간단히 예약이 가능하니, 방문 전... ",소소한 하루 이야기,20260209
https://blog.naver.com/ohsm3271/223937737644,[ 맛집 | 강남 ] 갓포<b>우오</b> <b>신사점</b> 뭘 시켜도 맛있는 집,저는 갓포<b>우오</b> <b>신사점</b>에서의 경험이 정말 특별했다고 생각합니다. 다양한 음식과 친절한 서비스 덕분에 한 끼가 아닌 <b>하나</b>의 경험으로 다가왔습니다. 다양한 사람들과 특별한 순간을 나누고 싶을 때 이곳을... ,과식주의보,20250720
https://blog.naver.com/lsey2k/223991613454,만카이압구정/갓포<b>우오</b><b>신사점</b>/신사동맛집/이자카야/콘유,갓포<b>우오</b> 주소:서울특별시 강남구 강남대로156길 12 1층 내가 자주가는 이자카야 맛집이예요. 음식이... 이자카야글에는 안빠지는 콘유 주소:서울 강남구 신사동 517-25 모찌리도후는 가면 <b>하나</b>로안되요 .. 이거... ,대치도치맘 일상♥️,20250901
https://blog.naver.com/shinypd/224151652473,피자 맛집 미국 캘리포니아 감성 가득한 <b>우피후피 압구정점</b>,"압구정 피자 맛집 <b>우피후피 압구정점</b> 소개 ▶ 매장명 <b>우피후피 압구정점</b> ▶ 주소 서울시 강남구 압구정로54길 14, 1층 ▶ 운영시간 매일 10:30 - 03:00 라스트오더 02:30 ▶ 주차 유료주차 가능 ▶ 예약 네이버예약... ",★ 샤이니의 경제 비즈니스 정보 ★,20260119
https://blog.naver.com/raintaro/224183412843,<b>우피후피 압구정점</b> 압구정로데오 피자 맛집 24시간 숙성발효... ,맛집 우피후피가 어떤 방식으로 이를 실천하고 있는지 직접 확인해 보고자 방문을 결정했습니다. 압구정로데오피자맛집 <b>우피후피 압구정점</b> 가게 정보  주소 : 서울 강남구 압구정로54길 14 1층  위치... ,모세스 (MOSES) 의 음악 여행,20260214
https://blog.naver.com/leedal_/224089342955,압구정로데오 맛집 양식 <b>우피후피 압구정점</b>,같은 우피후피! 그리고 하나의 꿀팁!!! <b>우피후피 압구정점</b> 네이버에 검색하면 이렇게 혜택과 쿠폰을 받을수 있어요 베이컨 크림 파스타를 주문해보았습니다 사이드 디쉬라서 양이 조금 적긴한데 미국스러운... ,이달소: 이달의 소비기록,20251126
https://blog.naver.com/qhals981024/224070811302,양식 외국감성 가득한 데이트 장소 <b>우피후피 압구정점</b> 솔직후기,바로 그 이름은 <b>우피후피 압구정점</b>! 외관부터가 진짜 이국적이에요. 여기 한국 맞아? 할 정도로... <b>우피후피 압구정점</b>도 예외가 아니었어요. 테이블에 있는 태그에 휴대폰을 톡 대면 메뉴판부터 진행 중인... ,단짝친구와 작전일지,20251110
https://blog.naver.com/julbokhome/224183912709,미국보다 맛있다는 압구정로데오 피자 맛집 &lt;<b>우피후피 압구정점</b>&gt;,"아, &lt;우피후피&gt;는 피자나 파스타 외에 소주, 하이볼, 와인, 위스키 등 다양한 주류도 있어서 캐주얼한... 미국보다 맛있는 피자 &lt;<b>우피후피 압구정점</b>&gt;에서 즐거운 대화를 나누며 배부르고 맛있는 식사를 마쳤어요.... ",줄복이와 함께 하는 홈스위트홈,20260214
https://blog.naver.com/tiffany_f9/224129961758,"24시간 숙성 피자 전문점, 압구정 피자 맛집 <b>우피후피 압구정점</b>","피자가 맛있는 <b>우피후피 압구정점</b> 영업정보 ⏰ 영업시간 매일 10:30 - 03:00 02:30 라스트오더 365일... 아예 주차가 안되는 곳도 꽤나 있어서 걱정했는데, 우피후피 역삼점은 발렛으로 주차를 할 수 있다. 바로... ",Tifferent 블로그 ♥ 먹고 사는 이야기,20260101
https://blog.naver.com/cjdwn555/224176206895,서울 압구정 피자 맛집 <b>우피후피 압구정점</b> 로데오역 하프앤하프,그래서 간단하게 저녁을 먹으려고 해서 늦게까지 여는 피자집인 우피후피에 다녀왔어요. <b>우피후피 압구정점</b> 외부 서울 압구정 피자 맛집 <b>우피후피 압구정점</b>의 외부 모습입니다. 압구정로데오역 5번 출구로... ,우당탕탕 대학원생의 하루,20260210
https://blog.naver.com/sijifs/224070519157,[압구정로데오역/피맥/<b>우피후피압구정점</b>] 피맥하기 좋은 신사동... ,"<b>우피후피 압구정점</b>, 실내 <b>우피후피 압구정점</b>의 실내 모습이다. 우피후피는 오전 10시에 오픈을 하여 새벽 2시 30분까지 브레이크타임 없이 계속 운영이 되고 있다. 일을 하다가 중간에 작은 피자 간식을 사러... ",[MitakuyeOyasin] 사진-책-연극-뮤지컬-동물-스페인,20251110
https://blog.naver.com/h1222/224201926268,압구정 피자 맛집 <b>우피후피 압구정점</b> 밀워키팻보이 뉴올리언즈... ,제주도에서 시작해서 압구정 피자 맛집으로 올라온 <b>우피후피</b>에 다녀왔습니다! 매장 내부가 미국 분위기가나게 꾸며져 있어 데이트 장소로 가기도 좋고 사진 찍기에도 멋있는 공간이었는데요 맛있고 건강한... ,체린의 일상 속 여행,20260303
https://blog.naver.com/junseokkim21/224254999025,압구정로데오맛집 <b>우피후피 압구정점</b> 평일 런치 메뉴 후기,안녕하세요 압구정로데오맛집 중 압구정피자맛집 으로 인기 많은 <b>우피후피 압구정점</b>에서 런치... 맛집인 우피후피는 사실 제주도에서 피자 맛집으로 소문이 난 곳으로 압구정점은 25년에 문을 열었다고... ,김피디의 이작가야,20260416
https://blog.naver.com/moff2023/224101611776,압구정 양식 데이트 피자 맛집 <b>우피후피 압구정점</b>,오늘은 압구정 양식 데이트 <b>우피후피 압구정점</b> 후기인데요! 저희 커플이 또 피자를 워낙 좋아하는데 이번에 압구정 피자 맛집이 오픈했다고 하여 발 빠르게 방문을 해봤습니다! 우피후피는 제주도에 3개의... ,Story made Our dream,20251207
https://blog.naver.com/happynangnang/224077621029,압구정로데오 맛집 양식 데이트하기 좋은 <b>우피후피 압구정점</b>,"#압구정로데오맛집 #압구정로데오술집 #신사동맛집 #우피후피 1. 위치, 영업시간 &amp; 주차 <b>우피후피 압구정점</b> 서울 강남구 압구정로54길 14, 1층 ⏰️매일 10:00 ~ 03:00 라스트오더 02:30 ☎️Tel : 0507-1420-1733 주차 가능... ",맛있으면 0칼로리♥️,20251116
https://blog.naver.com/eun1197/224098773802,압구정로데오 맛집 양식 <b>우피후피 압구정점</b> 분위기 좋은 피자집,"전문점인 우피후피가 신사동에 압구정점으로 오픈했다고 해서, 서울 데이트로 방문해서 소개해... 좋았어요 <b>우피후피 압구정점</b> 압구정로데오 맛집 양식당으로 지하철역 인근에 위치하고 주차는 매장 앞에 발렛... ",은겅의 즐거운 하루,20251205
https://blog.naver.com/helenabonbon/224165376058,압구정 피자 맛집 <b>우피후피 압구정점</b> / 제주에서 온 24시간... ,맛집 우피후피(Whoopy Hoopy) 압구정점 피자 후기 남겨볼게요~ 가끔은 밥하기 싫고 맛있는 피자가 당기는... <b>우피후피 압구정점</b> 서울 강남구 압구정로54길 14 1층 영업시간 : am10:30-다음 날am03:00 전화번호 : 0507-1420... ,Helena's ordinary,20260130
https://blog.naver.com/pretty6144/224082796731,압구정 양식 데이트 <b>우피후피 압구정점</b> 피자 리뷰,PLACE-Restaurant <b>우피후피 압구정점</b> 주소 서울 강남구 압구정로54길 14 1층 영업시간 매일 10:00 - 03:00 02:30... 우피후피 피자는 일단 도우가 굉장히 특별합니다. 24시간 숙성 발효 도우라 그런지 일반 피자보다... ,UrbanBelle_SH,20251120
https://blog.naver.com/besthonest/224214473789,압구정로데오맛집 미국식 피자 <b>우피후피 압구정점</b>,<b>우피후피 압구정점</b> 주소 서울 강남구 압구정로54길 14 1층 영업시간 매일 10:30~03:00 주차 가능 안녕하세요... 오랜만에 방문한 압구정로데오 쪽에 압구정피자맛집으로 알려진 <b>우피후피 압구정점</b>이 있다고 하여... ,트루스의 참 리뷰,20260312
https://blog.naver.com/i_am_bambi/224193052616,압구정로데로역 피자 맛집 데이트 추천 &lt;<b>우피후피 압구정점</b>&gt;,<b>우피후피 압구정점</b> 압구정 / 압구정로데오역 피자 맛집 서울 강남구 압구정로54길 14 1층 ⏰ 매일 10:30... 올라간 우피후피 시그니처 메뉴 중 하나로 바로 맛보고 싶어서 주문해보았다 렌치소스가 생각보다... ,먹부부의 먹킷리스트,20260223
https://blog.naver.com/aofl514/224133777690,[압구정로데오역 맛집] <b>우피후피 압구정점</b> / 정통 아메리칸... ,압구정피자 #압구정피자맛집 #압구정로데오피자맛집 #신사동맛집 #신사동피자 #신사동피자맛집 #압구정동피자맛집 #압구정찐맛집 #압구정찐피자맛집 #압구정로데오찐피자맛집 #우피후피 #<b>우피후피압구정점</b>,"sᴇɪᴢᴇ ᴛʜᴇ ᴅᴀʏ, sᴇʀᴇɴᴅɪᴘɪᴛʏ",20260104
https://blog.naver.com/kdkk_/224062903822,압구정로데오 맛집 양식 피맥이 가능한 <b>우피후피 압구정점</b>,가능한 <b>우피후피 압구정점</b> 우피후피는 이미 제주도에서 핫한 곳이지만 압구정점에도 새롭게 오픈했답니다 진득하게 숙성된 도우라 진짜 쫄깃하고 맛있습니다! 압구정에 피자집이 정말 많지만 여기처럼... ,다겸블로그,20251103
https://blog.naver.com/geeyeonl/224170452542,압구정로데오 피자 맛집 “<b>우피후피 압구정점</b>” 페퍼로니피자... ,"<b>우피후피 압구정점</b>인데 여기 한마디로 표현하면 ‘미국 감성 찐으로 이식해 온 피자집’. <b>우피후피 압구정점</b> 드레스 본식 가봉 끝나고 나니까 체력 완전 바닥, 당 떨어지고 허리도 아프고 정신 혼미한... ",복잡한 세상 행복하게 사는 이야기,20260203
https://blog.naver.com/duswns202/224033153620,트와이스 영화 <b>원 인 어 밀리언</b> CGV 단독 개봉일 정보 10주년... ,<b>원 인 어 밀리언</b> 감독 와사비마요 출연 TWICE 개봉 2025.10.20. 트와이스 영화 <b>원 인 어 밀리언</b> CGV 단독 개봉일 정보 10주년 다큐멘터리 어느새 데뷔 10주년을 맞은 트와이스 TWICE 가 걸어온 10년 동안의 발자취를... ,색시주뇨비의 영화블로그,20251007
https://blog.naver.com/nahe0904/223685230589,한남동 카페 <b>원인어밀리언</b> 분위기 좋은 카페 추천,<b>원인어밀리언</b> oneinamillion 위치 서울 용산구 이태원로 54길 31 전화번호 02-794-2414 영업시간 11:00~23:00 *실내 애견동반 가능(하네스 필수) #한남동카페추천 으로 많이 뜰정도로 예전부터 유명한 카페 <b>원인어밀리언</b>... ,나혜의 여행노트,20241207
https://blog.naver.com/cij_bookshelf/224053723878,트와이스 10주년 덕질의 기록 | <b>원 인 어 밀리언</b> 관람 &amp; 팝업... ,트와이스 10주년 덕질의 기록 | <b>원 인 어 밀리언</b> 관람 &amp; 팝업 스토어 후기 안녕하세요! 도서... 2025.10.20 10주년 기념 다큐영화 &lt;<b>원 인 어 밀리언</b>&gt; 관람! 트와이스 10주년 기념 덕질 그 첫 번째는 바로!!! 원 인 어... ,청인재의 아카이브,20251025
https://blog.naver.com/rormwnd1/224236283023,<b>원인어밀리언</b> ㅣ 주류도 판매하는 한강진역 테라스카페,"<b>원인어밀리언</b> 메뉴 소개 원인러밀리언은 커피, 논커피, 티, 수제 과일차까지 음료 종류가 꽤 다양한데요. 여기에 병맥주랑 칵테일까지 판매하는 카페라 저녁 시간대에 가볍게 한잔 하러 오기도 괜찮은... ",일상큐레이터 ㅣ취향기록장,20260402
https://blog.naver.com/abirdcage/223476656314,한남동 카페 <b>원인어밀리언</b> 테라스 맥주 시원한 수박주스,한남동 카페 <b>원인어밀리언</b> 테라스 맥주 시원한 수박주스 내 친구 유나씨가 대전에서 놀러온 날은... 한남동카페 <b>원인어밀리언</b> 일 년 전인가 이 년전에 이 맞은편 건물 2층이 라페름이었지요 라페름에서... ,평범하지만 특별한 매일,20240612
https://blog.naver.com/jisoo-log/224270986318,카페 -  타닥타닥 솥밥 더룸 한남 &amp; <b>원인어밀리언</b> 내돈내산 후기,"바삭하게 눌은 고소한 향이 올라오는데, 배는 이미 부른데 자꾸 손이 가더라구요 ㅎㅎㅎ 그리고 방문한 #<b>원인어밀리언</b> 저녁시간에 처음 방문했는데 분위기 좋더라구요 ! 그리고 커피 디카페인으로 변경... ",지수로그 일상을 여행처럼,20260430
https://blog.naver.com/wls0474/224040322348,게임존 + 굿즈 목록 정리 &amp; &quot;<b>원 인 어 밀리언</b>&quot; 무대인사 예매!,VER.) 9종 중 1종 랜덤 증정 (1-2) 사전예약자 &amp; 영화(<b>원 인어 밀리언</b>) 티켓 소지자 마이크로 캔... 트와이스 10주년 영화 <b>원인어밀리언</b> 무대인사 소식이 공개되었습니다! 10월 20일 월요일 CGV... ,소설같은세상 시즌3,20251014
https://blog.naver.com/orlry/224259015300,<b>원인어밀리언</b> 이태원 카페 추천,출처 <b>원인어밀리언</b> 야외 테라스에서 즐기는 여유로운 시간 -<b>원인어밀리언</b> <b>원인어밀리언</b>카페는 한남동 카페거리에 위치해 있습니다:) 한강진역 3번 출구에서 도보 5분 거리에 있어요! 인테리어 출처-<b>원인어밀리언</b>... ,오를리의 콘텐츠랩,20260420
https://blog.naver.com/ordinarypacks/224244438067,한남동 옷가게 직원 최애카페_<b>원인어밀리언</b>,곳이 <b>원인어밀리언</b>이었다 맛과 분위기 그리고 끼니를 챙기기에도 좋은 곳이라고 하셨다 지체없이 바로 go! 입구부터 유럽풍! 너무 이쁘다!! 현관에 들어서면 바로 키친이 보인다 타일과 조명 그리고 켜켜이... ,ordinarypacks,20260407
https://blog.naver.com/yoouree8894/224266814635,웨딩밴드 투어 하루 데이트 | 한남동 땀땀 점심 + <b>원인어밀리언</b>... ,카페 | <b>원인어밀리언</b> ☕  서울 용산구 이태원로 (한강진역 3번 출구 근처) ⏰ 월~토 11:00~23:00 / 일 11:00... 됩니다  #한남동맛집 #땀땀쌀국수 #고메이494 #<b>원인어밀리언</b> #한남카페 #미락식당 #안산맛집... ,유리 하루,20260427
https://blog.naver.com/sinjin831/224031399692,한강진역 테라스 카페 한남동 <b>원인어밀리언</b> 추천,서울 한강진역 테라스 카페 한남동 <b>원인어밀리언</b> 추천 Camera : Sony ZV-E10 + SELP 1650 글/사진/영상 ssobi... 원어밀리언 3. 메뉴판 메뉴도 다양하게 있었어요 커피를 비롯해 시그니처 메뉴와 디저트도 있었고... ,쏘비 투어리스트,20251004
https://blog.naver.com/onyooo_/224238576502,한남동 한강진 벚꽃뷰카페 테라스 분위기 좋은 <b>원인어밀리언</b>,좋았던 <b>원인어밀리언</b> 카페 후기 시작할께요~ <b>원인어밀리언</b> 카페 앞은 이미 벚꽃으로 가득해서 사진찍는 사람들이 많았어요 <b>원인어밀리언</b> 서울 용산구 이태원로54길 31 ⏱️매일 11:00 - 23:00 ️ 인근 공영주차장... ,일상 속 끄적임⋆ ｡ﾟ☾ ﾟ,20260402
https://blog.naver.com/9203_/224092460334,한남동 <b>원인어밀리언</b> 분위기좋은 야외테라스 카페,안뇽하세요 뿡요예용 오늘은 한남동 분위기 좋기로 유명한 야외테라스 카페 <b>원인어밀리언</b> 후기입니다!... 한남동 분위기좋은 야외테라스 카페 <b>원인어밀리언</b> © 2025. 뿡요 영업정보  서울 용산구 이태원로54길 31... ,뿡요로운 생활,20251129
https://blog.naver.com/acg_log/224254371496,한남동 카페 <b>원인어밀리언</b> 후기 | 밥 먹고 우연히 들어간 카페가... ,카레 먹고 나오는 길에 우연히 발견한 카페가 있어서 후기 가져왔습니다 ´ `)ﾉ .* <b>원인어밀리언</b> 위치... 지도 <b>원인어밀리언</b> 업체 제공 사진 음료 메뉴도 다양해요! 수제 과일티가 있는 걸 보면 역시 사장님이... ,꽁 ❇,20260416
https://blog.naver.com/dntdj10/224237133161,한남동 카페거리 <b>원인어밀리언</b> 카페 데이트 | 논현역 영동스낵... ,<b>원인어밀리언</b> 카페  매일 11시 ~ 23시 연중무휴 ✔️ 애견동반 카페 주차는 한강진역 공용주차장 저는 디카페인만 마셔서 디카페인 라떼 맛있기 쉽지 않은데 여기 디카페인라떼 진짜 고소하고 맛나더라구요!!!... ,some day,20260401
https://blog.naver.com/kkoma_bread/224237004682,서울 한남동 디저트 카페 <b>원인어밀리언</b>,카페 <b>원인어밀리언</b>에 다녀왔습니다!  주소 : 서울 용산구 이태원로54길 31  영업시간 : 매일 11시 ~ 23시  6호선 한강진역 3번출구에서 385m 서울 한남동 디저트 카페 <b>원인어밀리언</b>에 다녀왔어요! 그라운드시소... ,꼬마 식빵의 빵끗로드,20260406
https://blog.naver.com/turkeydia/223468585119,"[한남동 맛집/카페] 이태원 우육미엔, <b>원인어밀리언</b>에서 평일... ","한남동 친구 모임 이태원 우육미엔, <b>원인어밀리언</b> 오랜 만에 친구들 만나기로 했는데 약속 장소를... <b>원인어밀리언</b> 원래 가려던 카페가 문을 닫고 ㅠㅠ 어쩔 수 없이 좀 더 방황하다 찾은 곳이에요. 평소에도... ",레나님의 조곤조곤 푸드 블로그,20240604
https://blog.naver.com/hilowkek81/224258510969,한남동 카페 <b>원인어밀리언</b>,지나가다 테라스자리가 예뻐 보여서 선택한 <b>원인어밀리언</b> 카페 바로앞이 공원이라 더 좋았던 곳이에요. <b>원인어밀리언</b> 서울특별시 용산구 이태원로 54번길 31 영업시간 화-토: 11시-23시 일-월: 11시-22시 꽃나무... ,♡,20260423
https://blog.naver.com/maibi/224045647466,양요섭 - One in a Million <b>원 인 어 밀리언</b> 우주메리미 OST... ,양요섭의 &quot; One in a Million(<b>원 인 어 밀리언</b>) (우주메리미 OST Part.4) &quot; &lt;앨범소개&gt; 양요섭 - One in a Million(<b>원 인 어 밀리언</b>) (우주메리미 OST Part.4) SBS 새 금토드라마 '우주메리미' OST... ,::까망냥이 놀이터::,20251018
https://blog.naver.com/wls0474/224049108089,251020 트와이스 10주년 다큐멘터리 영화 [<b>원 인 어 밀리언</b>... ,<b>원 인 어 밀리언</b> 감독 와사비마요 출연 TWICE 개봉 2025.10.20. 트와이스 데뷔 10주년 다큐멘터리 <b>원 인 어 밀리언</b> (영문명 : ONE IN A MILLION 혹은 ONE IN A MILL10N) 트와이스 데뷔일인 10월 20일에 맞춰서 개봉한 원 인 어... ,소설같은세상 시즌3,20251021
https://blog.naver.com/ohbaraba/224148182270,<b>동탄</b> 양식 맛집 분위기 좋고... 맛있는 <b>웬즈데이</b> <b>센트럴파크점</b>,동탄 양식 맛집 분위기 좋고 뇨끼 파스타가 맛있는 웬즈데이 위치 주차 동탄 양식 맛집 동탄 센트럴파... 웬즈데이 2호점이 생각이 나 궁금하기도 해서 점심을 먹으러 방문했다 <b>웬즈데이 동탄센트럴파크점</b>... ,오박이네 ^0^,20260115
https://blog.naver.com/qiqikey/224270155438,동탄양식맛집 &quot;<b>웬즈데이</b>&quot; <b>동탄센트럴파크점</b> 방문 후기... ,"<b>웬즈데이 동탄센트럴파크점</b> 경기도 화성시 동탄구 동탄공원로2길41 101호, 102호 0507-1398-5744 11시-21시... 된 #동탄센트럴파크맛집 웬즈데이! 항상 센트럴파크를 오가다 많이 봤었는데 그동안은 한번도 방문해보지... ","핑크폴라로이드, 세상을 찍자",20260430
https://blog.naver.com/kjinjyoung/224270693058,맛집) <b>웬즈데이</b> Wednesday <b>동탄 센트럴파크점</b>/ <b>동탄 센트럴</b>파... ,간만에 만난 친구와 방문한 <b>웬즈데이 동탄 센트럴파크점</b> 오후 애매한 시간에 만나서 카페에서 시간을 보내다가 의도치 않게 브레이크 타임 후 오픈런 했다. 안에 들어가면 반겨주는 예쁘게 진열된 와인병들... ,"JINLOG, 지니의 일상 기록지",20260430
https://blog.naver.com/chosun0711/224238691282,"동탄 센트럴파크맛집, 파스타... 추천 <b>웬즈데이 동탄센트럴파크점</b>",동탄 센트럴파크맛집 파스타 좋아하는 아이가 있다면 추천 <b>웬즈데이 동탄센트럴파크점</b> 안녕하세요... 중이신 분들이라면 동탄 센트럴파크맛집 웬즈데이 꼭 한 번 들러보세요! 오늘도 맛있게 잘 먹었습니다 :),탐나는 라이프,20260402
https://blog.naver.com/dkfmaspt7/224169364623,<b>동탄</b> 양식 맛집 완벽했던 기념일 <b>데이</b>트 맛집 <b>웬즈데이</b>... ,"동탄 센트럴파크맛집으로 <b>웬즈데이 동탄센트럴파크점</b>은 분위기, 접근성, 음식 퀄리티까지 다 갖춘 곳이었어요. 데이트, 기념일, 가족 모임까지 어떤 상황에도 잘 어울리는 레스토랑이라 다음에 또 오고 싶다는... ",류미의 계절,20260203
https://blog.naver.com/sheepup24/224273728718,동탄 파스타 맛집 데이트 하기 좋은 <b>웬즈데이 동탄센트럴파크점</b>,"맛집 웬즈데이는 영천동과 반송동 두지점으로 운영을 하고 있는데 , 저는 반송동에 위치한 동탄 센트럴파크점으로 방문을 해보았어요 ! <b>웬즈데이 동탄센트럴파크점</b>은 센트럴파크 카페거리 내에 위치해 있어... ",먹고 운동하는 나의 일상,20260503
https://blog.naver.com/yul_412/224205607501,동탄 파스타 맛집 센트럴파크... <b>웬즈데이 동탄센트럴파크점</b>’,동탄 센트럴파크 지나갈때마다 가보고싶었던 양식 맛집 ‘<b>웬즈데이 동탄센트럴파크점</b>’ 바깥... 맛집 웬즈데이는 동탄 센트럴파크 공영주차장 바로 앞이에요 주차하고 바로 오기에도 동선상 아주 좋은 위치... ,율이의 요모조모,20260305
https://blog.naver.com/yunworld_/224277583169,동탄 파스타/피자 양식 맛집 : <b>웬즈데이 동탄센트럴파크점</b>... ,"오늘의 포스팅은 동탄 센트럴파크에 위치한 양식 맛집 웬즈데이 방문후기입니다! 태온이 어린이집... <b>웬즈데이 동탄센트럴파크점</b>의 영업시간은 화, 수, 목 11:00~21:00 라스트 오더 20:00 금, 토, 일 11:00~22:00... ",Yuna world♥,20260507
https://blog.naver.com/beansyeah/223830299493,<b>웬즈데이 동탄센트럴파크점</b>... 웬디스라자냐 | 센트럴파크... ,안녕하세용 콩예입니닷 청첩장 모임이 있어서 센트럴파크에 있는 웬즈데이라는 양식집을 방문하게 되었습니다!ㅎㅎ 맛있더라구요~~ <b>웬즈데이 동탄센트럴파크점</b> 가게는 동탄센트럴파크주차장 맞은편에 바로... ,심심풀이 땅콩예,20250412
https://blog.naver.com/iversonchoi7/224186785151,<b>웬즈데이 동탄센트럴파크점</b>... 스테이크가 맛있는 동탄 양식 맛집,노상공영주차장이나 동탄센트럴파크 주차장에 하시면 됩니다. 주차를 하고 식당으로 가면 정열적인 빨간색의 외관이 눈에 띄는 <b>웬즈데이 동탄센트럴파크점</b>이 보입니다. 웬즈데이는 3명의 남자들이 수요일에... ,"아빠매너티의 국내, 미국 기업 분석",20260218
https://blog.naver.com/dms4819/223729739458,동탄맛집추천 - 동탄파스타 맛집 ‘<b>웬즈데이</b>(<b>동탄센트럴파크점</b>)’,0507-1398-5744 <b>동탄</b>파스타 분위기 맛집! <b>웬즈데이</b> <b>센트럴파크점</b>에 다녀왔어요  경기 화성시... 예쁘죠 <b>동탄</b><b>데이</b>트코스로 딱 좋아요 단체예약이나 대관도 가능한 매장이라 연말 연초 분위기 좋은 곳에서 좋은... ,･ﾟ✧ 하루 하루 ✧･ﾟ,20250118
https://blog.naver.com/llldanbeelll/224207609867,동탄 양식 맛집 <b>웬즈데이 동탄센트럴파크점</b> 스테이크가 맛있는... ,"단체O,포장O,아기의자O <b>센트럴파크</b> 바로 앞에 위치한 <b>동탄</b> 스테이크 맛집 <b>웬즈데이</b>! 공영주차장이 바로 앞에있어서 주차도 편리하고 아이와 공원에서 뛰어놀거나 <b>데이</b>트 하고 난뒤, 식사공간으로 너무 좋았어요... ",단 하루,20260307
https://blog.naver.com/subinok/224140986148,동탄 양식 맛집 분위기 좋은... <b>웬즈데이 동탄 센트럴파크점</b>,"동탄 양식 맛집 웬즈데이 총평 분위기 좋은 동탄 레스토랑 찾는 분 데이트, 기념일, 브런치 맛집 찾는 분 스테이크와 파스타 둘 다 즐기고 싶은 분 맛, 분위기, 가성비 좋은 <b>웬즈데이 동탄 센트럴파크점</b>... ",◈ 여운이 있는 보금자리 ◈,20260109
https://blog.naver.com/wild-rose-candy/224179321132,동탄 양식 데이트하기 좋은 피자 맛집 <b>웬즈데이 동탄센트럴파크점</b>,"<b>웬즈데이 동탄센트럴파크점</b>은 2023년 동탄에서 시작된 미국 스타일 이탈리안 레스토랑으로 동탄데이트 코스 추천으로도 소개팅 장소 추천으로 언급되고 있다. 센트럴파크, 공영주차장 바로 앞에 위치하고 있어... ",맛집 카페 다니는 일상,20260210
https://blog.naver.com/berrycess/224173185850,<b>웬즈데이 동탄센트럴파크점</b> 대관 가능한 동탄 데이트 명소,"동탄센트럴파크로 스테이크 먹으러 가요~ 동탄센트럴파크 주차장에서 보이는 웬즈데이가 이래요... 동탄센트럴파크 맛집 동탄 데이트, 동탄 소개팅, 동탄맛집 <b>웬즈데이 동탄센트럴파크점</b> 070-5055-0744 경기... ",♧재영요안과 함께 캠핑&맛집♧,20260205
https://blog.naver.com/lyy982052/224270023814,맛집 <b>웬즈데이 동탄센트럴파크점</b> 모임 하기 좋은 동탄 데이트... ,동탄 센트럴파크 맛집 거리에 위치하고 있는 동탄 파스타 맛집 <b>웬즈데이 동탄센트럴파크점</b> 깔끔한... 맛집 웬즈데이 동탄센프럴파크점 데이트로 기분 좋은 모임으로 찾아가 보셔도 좋을 듯! #동탄맛집... ,즐거운 일상~,20260430
https://blog.naver.com/joen1204/224239443571,<b>동탄 센트럴파크</b>맛집 <b>웬즈데이</b> <b>센트럴파크점</b> 콘비네이션 피자... ,"웬즈데이 센트럴파크점에서는 다양한 이벤트를 하고 있어요. 리뷰이벤트로 후식 아이스크림도... <b>웬즈데이 동탄센트럴파크점</b>은 꼭, 웬즈데이가 아니더라도 에브리데이 가고싶은 그런 동탄 센트럴파크맛집이었... ",에크리의 뷰티로그,20260403
https://blog.naver.com/fourj22/224138041856,<b>웬즈데이 동탄센트럴파크점</b> 맛있는 라자냐 추천,좋을 것 같아요ㅎㅎ 동탄 센트럴파크 근처에서 연말 분위기 좋은 데이트 장소나 단체 모임 가능한 양식 맛집을 찾고 계신다면 <b>웬즈데이 동탄 센트럴파크점</b>은 한 번쯤 방문해볼 만한 곳입니다! 추천드려요~,다니미니부부의 여행일기,20260107
https://blog.naver.com/dharma90/224147313058,"동탄 맛집 <b>웬즈데이 동탄센트럴파크점</b>, 창가에서 즐긴 여유로운... ",정기휴무 #동탄맛집 #동탄파스타맛집 #동탄양식맛집 #동탄청첩장모임 #동탄와인 #동탄센트럴파크맛집 #동탄뇨끼맛집 #동탄라자냐맛집 #<b>웬즈데이동탄센트럴파크점</b> #동탄데이트코스 #동탄분위기좋은식당... ,박가공간,20260115
https://blog.naver.com/jin568900/223738187498,동탄파스타 맛집 <b>웬즈데이 동탄 센트럴파크점</b>,동탄파스타 맛집 <b>웬즈데이 동탄 센트럴파크점</b> 동탄 센트럴파크에 맛있는 파스타 집이 오픈했어요 빨간색 간판이 눈에 띄어서 오픈하면 가봐야지 했던 동탄맛집 웬즈데이 센트럴 파크점 방문 후기... ,Joyful J.NA,20250125
https://blog.naver.com/altomedialtd/224096984339,강남역 가성비 초밥 맛집... 퀄리티 다 잡은 <b>은행골 강남역점</b> 총평,<b>은행골 강남역점</b> 위치 : 서울 서초구 서초대로75길 34 3층 은행골 영업시간 : 월 ~ 토: 11:00 - 22:30 / 매주 일요일 휴무 매장번호 : 02-592-4988 1. 강남역맛집 은행골 매장 외부 강남역 거리 한복판에서 은행골이 들어선... ,생활의 달인,20251203
https://blog.naver.com/dana9092/224228285280,강남역 참치초밥 모둠초밥 맛집 <b>은행골 강남역점</b>,강남역 참치초밥맛집 모둠초밥맛집 은행골 강남점 나에게 인생초밥집이 어디냐를 묻는다면... 중간지점인 강남역에서 만나기로 한 날. 이번엔 <b>은행골 강남역점</b>에 다녀왔다. 건물 내 주차가 안되다보니 인근... ,해피데이 샌디 하우스✨,20260324
https://blog.naver.com/haein3758/224096837745,강남역 밥집 <b>은행골 강남역점</b> 초밥과 참치회 맛집,초밥과 참치회가 맛있는 강남역 밥집 <b>은행골 강남역점</b> 강남에서 친구들이랑 약속 잡을 때마다 항상... 위치 및 외부 강남역 골목에 자리 잡은 은행골 간판이 멀리서도 딱 보일 만큼 존재감이 느껴졌어요.... ,⋆｡ﾟ☁︎｡⋆｡ ﾟ☾ ﾟ｡,20251203
https://blog.naver.com/huggie_/223894919156,[강남역 맛집] <b>은행골 강남역점</b>,출연하셨다고 하니 나만의 맛집이었던 곳이 알고 보니 전국구 유명 맛집이었던 것으로 ... 초밥 좋아한다면 은행골은 꼭 와보시길 다른 초밥집과는 다른 매력이 강한 곳이다! 강남역 맛집 <b>은행골 강남역점</b>이었다!,연쇄냠냠마,20250610
https://blog.naver.com/wlgml712/223970721815,강남역 맛집 <b>은행골 강남역점</b> 초밥맛집추천,"현재 <b>은행골</b>은 <b>강남역점</b>, 뚝섬점, 수유점, 대학로점, 명동점, 종로구청점, 신사점, 시청점, 용산점, 홍대<b>역점</b>, 홍대점, 여의도점, 서울대입구<b>역점</b>, 영등포점, 목동점, 본점신관, 가산점, 금천구 시흥점, 철산점... ",말랑찌야,20250814
https://blog.naver.com/besthonest/223993023358,강남역 회식 맛집 초밥이 맛있는 <b>은행골 강남역점</b>,즐비한 강남에서 연예인들이 즐겨 찾는 맛집으로 자리매김하고 있는 <b>은행골 강남역점</b>에 다녀왔는데요!... 본격적으로 강남역 맛집인 은행골의 메뉴를 살펴보았는데요! 대표 메뉴인 다양한 초밥들과 참치회... ,트루스의 참 리뷰,20250902
https://blog.naver.com/sjn1203/224242163596,<b>은행골 강남역점</b>: 강남역... 단골 스시 맛집! 강남역 점심 추천!,"은행골 강남점은 포인트 적립 서비스를 개시했습니다. 핸드폰 번호를 통해 포인트를 적립하며 5번... <b>은행골 강남역점</b> 메뉴 &amp; 가격 은행골 강남역 메뉴는 모듬 및 기본 초밥 진 초밥 22,000원 선 초밥 17... ","나미의 관심, 사고, 생활",20260406
https://blog.naver.com/dmswldu718/223906610879,강남역 데이트 맛집 <b>은행골 강남역점</b> 입에서 살살 녹았던 초밥집,서울 서초구 서초대로75길 34 3층 은행골 02-592-4988 11:00 - 22:30 일요일 휴무 일단 한접시회 퀄리티 보고가실게요..! 진짜 참치 퀄리티까지 살아있었던 강남역 초밥 진가를 보여줬던 <b>은행골 강남역점</b> 좀더... ,맛집 가려고 근로소득 버는 아로미❤️,20250621
https://blog.naver.com/blog_supporter/224246378357,강남역 점심 맛집 / <b>은행골 강남역점</b> 선초밥 / 깔끔한 초밥 맛집... ,강남역 점심 맛집 / <b>은행골 강남역점</b>  유명인 사인이 엄청나게 많이 붙어있어서 한번쯤 가보면 좋은 강남역 놀거리 맛집 은행골에 다녀온 후기 공유드렸는데요! 강남역에 놀러갔을 때 다녀오는... ,슬기로운 여행 생활,20260409
https://blog.naver.com/cakim_91/223728905128,가성비 강남 초밥집 강남역 데이트 맛집 <b>은행골 강남역점</b>,괜찮아서 강남역 데이트 맛집 으로 너무 딱인 강남 초밥집 <b>은행골 강남역점</b> ! 은행골 초밥만의 매력이 있어서 역시 정기적으로 가줘야하는 초밥맛집 #강남역데이트맛집 #강남역맛집 #강남역회식맛집 #은행골... ,CAKIM X LifeLog,20250117
https://blog.naver.com/khsbomul1/223868572049,<b>은행골 강남역점</b> | 강남역 데이트 맛집 믿고 먹는 초밥,"<b>은행골 강남역점</b> 서울 서초구 서초대로75길 34 3층 은행골 ⏰ 월-토 11:00~22:30 *매주 일요일 휴무  주차 불가 ✔️포장, 예약, 단체 자리가 엄청 많아서 단체도 문제 없을것 같았어요 입구쪽에는 강남역/신사점... ",cloudy mOon,20250517
https://blog.naver.com/antonina/223842293283,강남역 데이트 맛집 <b>은행골 강남역점</b>,"은행골 강남점,신사점은 사장님 이름으로 받은 연예인 사진이 벽면에 가득~!!!! BTS, 변우석, 블랙핑크, 지코, 육성재! 흑백요리사 정지선 쉐프님까지~~ 메뉴소개 강남역 데이트 맛집 <b>은행골 강남역점</b>의 메뉴... ",친절한 안또의 일상 이야기,20250422
https://blog.naver.com/jn9426/223969752392,<b>강남역</b> 데이트 맛집 20년 전통의 <b>은행골</b> 초밥 <b>강남역점</b>,맛집이라고 익히 소문은 들었으나 이제서야 강남역 데이트 맛집으로 가 본 <b>은행골 강남역점</b> 20주년... 등장~ 은행골 강남역 내부 창문 너머로 보이는 생활의 달인에도 소개되었던 강남 데이트 맛집의 흔적ㅋㄷ... ,바쁜벌꿀,20250813
https://blog.naver.com/mang0-/224233680629,"강남역 초밥 맛집, <b>은행골 강남역점</b> 가마도로·연어초밥... ",얻고 강남역점에 다녀왔어요 <b>은행골 강남역점</b>은 강남역10번출구에서 도보로 5분 정도만 걸으면 도착해요 처음엔 저 천막이 은행골 입구인 줄 알았는데 우측의 건물 엘리베이터를 타고 3층에 있어요 엘리베이터... ,맹고망고,20260329
https://blog.naver.com/yyzzi/224257141594,강남 초밥 맛집 <b>은행골 강남역점</b>,"(유료) 강남 초밥 맛집 _ <b>은행골 강남역점</b> 안녕하세요, 오늘은 강남역에 있는 <b>은행골 강남역점</b>에 다녀온 후기입니다 은행골은 3층에 있구요 엘베 사용가능해요 엘베에서 내리자마자 연예인들 싸인이... ",brûlée,20260418
https://blog.naver.com/yooou-/223858401553,<b>은행골 강남역점</b> 강남역 맛집 강남 초밥,권위자더라구요 <b>은행골 강남역점</b> 운영시간 11:00-22:30 매주 일요일 정기휴무 전화번호 (02-592-4988) 매장 분위기 및 좌석 강남역 은행골에 들어서자마자 가장 먼저 눈에 들어오는 건 천장을 가득 채운 연예인... ,"여행도 밥심, 한 끼 가이드",20250507
https://blog.naver.com/mingminge02/224247306639,강남역 맛집 추천 초밥은 <b>은행골 강남역점</b>｜BTS 맛집,추천 은행골은 생활의 달인에도 두번 나왔고 BTS 멤버들 사인도 있음 요것만 봐도 벌써 기대감 upup 강남역 맛집 추천 <b>은행골 강남역점</b>은 당연히 포장도 가능! 근데 40도의 따뜻한 밥으로 만드는 초밥이라 포장... ,밍밍이's 일상,20260410
https://blog.naver.com/evh9721/223866229355,강남 초밥 강남역 데이트 맛집 <b>은행골 강남역점</b>,"강남역 데이트 맛집 또는 회식장소로 완전 좋은 <b>은행골 강남역점</b> 먹방 후기! 개인적으로 초밥은 회도... 만드는 은행골,, 내 사랑❤️ <b>은행골 강남역점</b> 강남 초밥 맛집 주소 : 서울 서초구 서초대로75길 34 3층... ","예비신부 알짜노트 : 웨딩,뷰티,맛집 기록",20250515
https://blog.naver.com/lv5photo/224173640872,강남 데이트 가볼만한곳 초밥 점심맛집 <b>은행골 강남역점</b>,#강남데이트 #강남역데이트 #강남가볼만한곳 #강남역가볼만한곳 #강남초밥 #강남역초밥 #강남맛집 #강남역맛집 #은행골 #<b>은행골강남역점</b> #강남역은행골 #강남은행골,LV5 Photographer,20260206
https://blog.naver.com/witty_withyun/224053151670,[강남역 맛집] 내돈내산... 퀄리티도 좋은 ‘<b>은행골 강남역점</b>’,"오랜만에 얼렁뚱현표 짠샷 <b>은행골 강남역점</b> 서울 서초구 서초대로75길 34 3층 은행골 일요일 정기휴무 월-토 11:00-22:30 ☎️ 02-592-4988 남/녀 화장실 구분, 예약, 포장, 단체이용가능 강남역 뒤쪽 삼겹살 야장... ",ღ 꼬꼬마 ISTJ's 웨딩로그 ღ,20251025
https://blog.naver.com/wabyx/224108365379,[2x 또간집] 강남역 소개팅... 르네 마그리트 <b>을지다락 강남역</b>점,을지다락은 한 번 더 찾았습니다 <b>을지다락 강남역</b> 첫번째 을지다락 갔을 때 같이 갔던 언니를... 가봤습니다 강남역 소개팅 식당 추천할만한 곳을 늘 평일 점심 친구들과 가는 저 단 둘이라고 말하니까... ,Wasabi: 와비 사는 비하인드,20251213
https://blog.naver.com/daheeprint/224238152527,<b>을지다락 강남역</b>파스타 청모하기 좋은 곳,"이번에 다녀온 곳은 <b>강남역</b> <b>을지다락</b>. 이미 감각적인 공간으로 유명한 곳이라 궁금했는데, 직접 가보니 왜 청모 장소로 많이 찾는지 알겠더라. <b>강남역</b>은 약속 잡기 좋은 위치인 만큼 식당 선택지가 정말 많다.... ",디자인이 즐거운 고디GODI,20260402
https://blog.naver.com/sarangchai_/224021947337,<b>강남역</b> 스테이크 가성비 좋은 파스타 맛집 <b>을지다락</b> 후기,그동안 <b>강남역</b>에서 스테이크 먹으려면 비싼 곳만 가야하나 싶었는데 <b>을지다락</b>은 가성비도 좋고 분위기도 좋아서 완전 만족했답니다! 이제 어떤 곳인지 자세히 알려드릴게요~ 1. 약속장소 위치: 서울시 <b>강남</b>구... ,사랑채마켓 바른먹거리,20250927
https://blog.naver.com/vividoasis/223957596694,<b>강남역</b> 한식 소개팅 대신 양식 럭셔리한 분위기 <b>을지다락</b>,"강남역 한식 소개팅 대신 양식 럭셔리한 분위기 <b>을지다락 강남역</b> 한식 소개팅 대신 양식 럭셔리한 분위기 을지다락 1. 위치정보 위치 서울시 강남구 강남대로96길22, 2층 운영시간 평일 11:30-21:15 (브레이크 타임... ",비비드 오아시스 :: vivid oasis,20250803
https://blog.naver.com/hyeee_eee/224227106968,"<b>강남역</b> 파스타 맛집 <b>을지다락</b>, <b>다락</b>로제파스타/찹목살스테이크... ",맛있는 점심을 먹으러 강남역 파스타 맛집 을지다락에 방문했다. <b>을지다락 강남역</b> 주소 : 서울 강남구 강남대로96길 22 2층 전화번호 : 0507-1343-9474 영업시간 : 매일 11:30 ~ 21:15 라스트오더 20:30 2호선 강남역... ,HYE's DAILY,20260323
https://blog.naver.com/yongham1110/224270256645,"<b>강남역</b> 파스타 <b>을지다락</b> 청첩장 모임, 데이트 장소",남편하고 야무지게 클리어 했습니다- 강남역 분위기 좋은 파스타 맛집 찾고 계신다면 을지다락 추천해요! <b>을지다락 강남역</b> 주소: 서울 강남구 강남대로96길 22 2층 전화번호: 0507-1343-9474 영업시간: 11:30 - 21:15... ,Ham'c blog,20260430
https://blog.naver.com/ghddpdnjs2/224277086294,<b>강남역</b> 점심 맛집 파스타 맛집 소개팅 <b>을지다락</b>,강남역에서 만나기로 약속을 했는데요 맛있는 파스타가 너무 당겨서 엄청 핫한 <b>을지다락 강남역</b>... 먹으면서 강남역 데이트 성공적으로 마무리하고 돌아왔어요 맛있는 양식 당기실 때 을지다락 꼭 한번 방문해... ,예옹이네,20260506
https://blog.naver.com/citytable/224200976197,강남역 파스타 맛집 <b>을지다락 강남역</b> | 신논현 데이트 핫플... ,"맛과 분위기, 그리고 재미 요소까지 고루 갖춘 보기 드문 공간이라는 생각이 들었던 <b>을지다락 강남역</b>. 강남역 파스타 맛집을 찾는 이들에게는 안정적인 맛의 선택지가 될 것이고, 특별한 날의 강남 청모... ",도시의 식탁,20260302
https://blog.naver.com/ssongjiyo/224161032285,<b>강남역</b> 파스타 <b>을지다락</b>에서 오므라이스까지,"<b>을지다락 강남</b>점 ✔️ <b>강남역</b> 파스타 중에서도 언제나 인기많은 곳 ✔️ 오므라이스, 카츠산도 등 다른 메뉴도 맛있어요✨️ <b>을지다락</b> 영업정보  주소: 서울 <b>강남</b>구 역삼동 818-6 ⏰️ 영업시간: 11:30~21:15  주차: X... ",Jihoney's blog,20260202
https://blog.naver.com/sooquirtle/224220594618,<b>강남역</b> 파스타 청모하기 좋은 <b>을지다락</b> 주차정보,"<b>강남역</b>에서 데이트, 맛집, 청모, 친구모임 등등 해결할경우가 많은데 그럴때 은근히 갈곳이 마땅치 않은곳이 <b>강남</b>..! 오늘 간 <b>을지다락</b>은 모든 조건을 충족하는곳인데 맛은물론 분위기도 좋으면서 친절해서... ",원미랑수짱이랑,20260318
https://blog.naver.com/cafechucaron/224159794353,<b>강남역</b> 파스타 맛집 <b>을지다락</b> 주차,및 주차안내 역삼문화공원 제1호공영주차장에 주차 해시태그 정리 #강남역파스타 #강남역데이트 #<b>을지다락</b> #<b>강남역</b>맛집 #강남데이트코스 #강남파스타맛집 #분위기좋은레스토랑 #강남모임장소 #데이트맛집,왓더혤WHAT the HYEL,20260126
https://blog.naver.com/jjinss77/224145548654,<b>강남역</b> 파스타 옥수수뇨끼 맛집 <b>을지다락 강남</b>,#강남역파스타 #옥수수뇨끼 #점심 #을지다락강남 #<b>을지다락강남역</b> 서울 강남구 강남대로96길 22 2층 11시30분-21시15분 강남역 파스타 찾으셨나요 을지다락 강남 다녀왔어요 강남역 11번 출구에서도 12번 출구에서도... ,찰라의기록장,20260113
https://blog.naver.com/tiffany_f9/224267329697,<b>강남역</b> 파스타가 맛있는 <b>을지다락</b>,"ㅎㅎ <b>강남역</b> 파스타 맛집을 찾고 있다면 부담없이 추천할 수 있는 <b>을지다락 강남</b>점 소개팅, 애프터 하시는 분들도 많이 보여서 데이트 장소로도 좋아 보인다. 조용한 분위기는 아니고, 적당한 소음이 있어... ",Tifferent 블로그 ♥ 먹고 사는 이야기,20260427
https://blog.naver.com/0902ab/224086546901,<b>을지다락 강남역</b> 브런치 주차 메뉴 가격정보 솔직 후기,<b>을지다락 강남역</b> 브런치 주차 메뉴 가격정보 솔직 후기 1. 위치랑 주차는 어떻게? 위치 서울시 강남구... 인테리어랑 분위기 매장은 강남역 11번 출구에서 걸어서 3분쯤 위치도 좋고 유동 인구도 많아서 데이트나... ,LocalShelter,20251124
https://blog.naver.com/dnation09/223957555369,<b>강남역</b> 파스타 맛집 우아한 분위기 <b>을지다락</b>,"강남역 파스타 맛집 우아한 분위기 <b>을지다락 강남역</b> 파스타 맛집 우아한 분위기 <b>을지다락 강남역</b> 파스타 맛집 우아한 분위기 을지다락 1. 위치·영업시간·주차 위치: 서울 강남구 강남대로96길 22, 2층 운영시간... ",오늘,20250803
https://blog.naver.com/jeolmi820/224178716042,<b>강남역</b> 파스타 <b>을지다락 강남</b> 오픈런 데이트 성지,강남역 파스타 맛집으로 이미 유명한 을지다락 강남점에 몇 년 만에 다녀왔어요. 예전에 한 번... ⓒ 글/ 사진 절미 All rights reserved <b>을지다락 강남역</b> 서울 강남구 강남대로96길 22 2층 0507-1343-9474 영업시간 11:30-21... ,절미 그랜드오픈,20260212
https://blog.naver.com/joohee195/224123720757,<b>강남역</b> 파스타 맛집 데이트 소개팅 장소 추천 <b>을지다락</b>... ,<b>을지다락 강남역</b> 강남역 파스타 오늘은 강남역 놀거리로 방탈출을 즐긴 후 저녁에 파스타를 먹으러... 강남구 강남대로96길 22 2층 을지다락은 강남역 11번과 12번 출구에서 도보 5분내 거리로 매우 가까운... ,내 이름은 찐쬬찌,20251227
https://blog.naver.com/bangsil47/224227412881,강남역 파스타 분위기 좋은 <b>을지다락 강남역</b> 데이트 맛집,강남역 파스타 <b>을지다락 강남역</b> ⏰ 영업시간 : 매일 11:30~21:15 ☎ 전화번호 : 0507-1343-9474 ️ 위치... 예뻤던 강남역 파스타 맛집 을지다락! 커트러리도 예뻐서 먹기 전부터 기분이 좋아지더라고요. 옆테이블은... ,방실로그,20260326
https://blog.naver.com/dlrwnsaka/224008068657,<b>강남역</b> 양식 데이트 맛집 파스타가 맛있는 <b>을지다락</b>,에세이 <b>강남역</b> 양식 <b>을지다락</b>은 데이트하는 분들이라면 한번즘 거쳐간 곳이다. 나도 여러번 왔었고 아들도 <b>강남</b>에서 친구를 만나면 제일 먼저 생각나고 찾는 곳이라고 했다. 가격은 합리적인데 맛의 퀼리티가... ,그린백,20250915
https://blog.naver.com/sohwa91/224226535319,"<b>강남역</b> 파스타 맛있는 곳, <b>을지다락</b>",안녕하세요 솨임돵~ 남자친구가 삼성 <b>강남</b>스토어에서 이번에 새로나온 폰 픽업을 간김에 오랜만에 <b>강남</b>에서 데이트를 했는데요~ 양식이 먹고 싶어서 찾아보다가 <b>강남역</b> 파스타로 유명한 <b>을지다락</b>에 다녀왔어요!... ,˚✧₊❁⁎솨의봄날⁎⁺˳❁✧༚,20260323
https://blog.naver.com/ohifh1209/224265615190,"다녀오다 발견한 압구정파스타 맛집, <b>을지다락 압구정도산공원</b>","<b>을지다락 압구정도산공원</b> #압구정 브런치 압구정 쪽은 팝업때문에 한 번씩 들르게 되는데, 팝업... 압구정 브런치로 딱 맞는 을지다락의 분위기 내부는 생각보다 아늑하고 코지한 느낌이었어요. 마블 패턴... ","물한모금,사진한장",20260426
https://blog.naver.com/i_thinkkkk/223972528277,<b>압구정 도산공원</b> 맛집 <b>을지다락</b> 양식 레스토랑 추천,"총평 <b>을지다락 압구정</b>은 <b>도산공원</b> 레스토랑 중에서 분위기와 맛, 그리고 가격까지 고루 만족스러운 곳이었어요 게살 매콤 리조또는 중독성 있는 매운맛과 게살의 담백함이 어우러져 기억에 남았고 납작... ",murmur,20250816
https://blog.naver.com/thescentofrose/224236713821,"추천 <b>을지다락 압구정도산공원</b>, 브런치 먹기 좋은 도산공원... ","압구정로데오역에서 10분 정도 걸으니까 도착함! <b>을지다락 압구정도산공원</b>은 전용 주차장이 없어서... 다락오므라이스 / 16,000원 을지다락 시그니처 메뉴를 먹어보고 싶어서 다락오므라이스... ",My Food Diary,20260401
https://blog.naver.com/boogie_about_town/223978065203,<b>압구정</b>로데오 파스타 <b>을지다락</b> <b>도산공원</b>,<b>을지다락 압구정도산공원</b>점 압구정로데오 파스타 <b>을지다락 압구정도산공원</b> 서울특별시 강남구... 저녁에도 조명이 은은한 게 예쁠 것 같아요 압구정로데오 파스타 을지다락 도산공원 메뉴판 을지로에서... ,맛따라멋따라,20250821
https://blog.naver.com/qkrwls7510/224187239505,<b>압구정</b> 파스타 <b>을지다락</b> <b>도산공원</b> 오므라이스 로제파스타... ,"압구정 파스타 맛집 압구정 도산공원에서 데이트할 때마다 어디 갈지, 밥은 어디서 먹을지 매번... 특히 압구정에서 파스타 맛집 찾으시는 분들은 후기 참고해 보시길 바랄게요~ <b>을지다락 압구정도산공원</b>... ",박제이의 어서옷쇼,20260218
https://blog.naver.com/jeni_167/224254733223,<b>압구정</b> 파스타 <b>을지다락</b> <b>도산</b>,가능 압구정로데오 역에서 도보 5분 이내에 자리하고 있는 <b>을지다락 압구정도산공원</b>점 도산공원 및... 하는 곳 다음에 파스타 먹으러 또 가야지 #압구정파스타 #을지다락도산 #<b>을지다락압구정도산공원</b>,JENI-Travel LOG,20260416
https://blog.naver.com/lovedmsal87/224214875113,압구정 브런치 맛집 파스타 맛있는 <b>을지다락 압구정도산공원</b>,"써볼게요~ <b>을지다락 압구정 도산공원</b> 압구정 파스타 압구정 브런치 을지다락 위치, 주차, 영업시간 주소 서울 강남구 언주로168길 25 2층 지하철 수인 분당 압구정로데오역 5번 출구에서 520m미터 오분 거리에... ",Barbie♡,20260313
https://blog.naver.com/songyum84/224098382969,<b>압구정</b> 파스타 <b>을지다락</b> <b>도산공원</b> 시그니처 메뉴 추천,<b>을지다락 압구정 도산공원</b>점 서울 강남구 언주로168길 25 2층 ⏰매일 11시 30 - 21시 15 브레이크타임 15시... #을지다락 #을지다락도산공원 #을지다락압구정 #압구정파스타 #압구정데이트 #압구정역맛집... ,꿈꾸는 토리,20251204
https://blog.naver.com/yumang313/224258561903,"[<b>압구정</b> 맛집]<b>을지다락</b> <b>도산공원</b>은 소개팅, 데이트 장소로구나","봄이구나, <b>을지다락</b> <b>도산공원</b>은 소개팅, 데이트 장소로구나 갑자기 뭔소리냐면, 남편이랑 밥먹고 왔다는 의미입니다. 매장은 오른쪽 베이지색 건물 2층에 있습니다. 간판이 눈에 번쩍 띄진 않으나 찾기 어려운... ",파워있고싶은블로그,20260420
https://blog.naver.com/41988/224248113060,"<b>압구정</b> 브런치 맛집 <b>을지다락</b> <b>도산공원</b> 후기, <b>압구정</b> 파스타 추천",그래서 자연스럽게 압구정 브런치 맛집을 찾다가 예전부터 가보고 싶었던 <b>을지다락 압구정도산공원</b>점... 을지다락 도산공원점 주차장은 근처 유료 주차장을 이용하시라는 안내문이 부착되어 있더라고요. 특히... ,짱멜의 일상기록,20260410
https://blog.naver.com/kghbn93/224166278547,압구정 파스타 “<b>을지다락  압구정도산공원</b>”,"압구정에서 파스타가 땡길 때, 점심이나 데이트 코스로 방문하기 좋은 <b>을지다락 압구정도산공원</b>점에... ㅋㅋㅋ 을지다락 강남역점도 입구가 문이 아닌 느낌으로 독특하게 만들어져 있었는데, 압구정도산공원... ",사계록,20260131
https://blog.naver.com/6607144/224026318033,<b>압구정</b>로데오 양식 맛집 추천 <b>을지다락</b> <b>도산공원</b>,&quot; 고 외쳐서 이번엔 을지다락 도산공원점에 다녀왔어요 :) 저번에 강남역점이 너무 신기한 문이었어서... ㅎㅎㅎ 압구정로데오 양식 맛집 <b>을지다락 압구정도산공원</b>점은 위글위글집 도산 옆옆 건물이라 찾기... ,EAT PLAY LOVE,20250930
https://blog.naver.com/a_real/223971831186,압구정 로데오 가성비 파스타 맛집 <b>을지다락 압구정 도산공원</b>,<b>을지다락 압구정 도산공원</b> 영업시간 오전 11시 30분 ~ 오후 9시 15분 (라스트 오더 오후 8시 30분) 압로... 감각적으로 을지다락 딱 써져 있어서 찾기 쉬울 거예요! 건물 2층에 위치하고 있어요 건물 들어가자마자... ,Do ah Better Me,20250815
https://blog.naver.com/train95/224173660769,밀고 입장하는 압구정 로데오 파스타 <b>을지다락 압구정도산공원</b>,좋은 <b>압구정</b> 맛집 <b>을지다락</b>이에요. 매장 이름처럼 마치 <b>다락</b>방으로 들어가는 듯 숨은 공간으로 책장 말고 짠 하고 들어갈 때가 제일 신나는 순간이었습니다. 근처에 위글위글 <b>도산</b>도 있어서 밥 먹고 바로... ,다르다 떠나다=33,20260206
https://blog.naver.com/ddu_bidang/224239158456,"[압구정/청담] 압구정로데오 브런치, <b>을지다락 압구정도산공원</b>... ",위글위글 도산을 지나서 우측 2층에 위치한 <b>을지다락 압구정도산공원</b>점 건물에 엘리베이터는 없었고... 외국인 손님들이 끊임없이 들어오는 압구정 브런치 맛집 을지다락 단백질 야무지게 채우려고 추가... ,놀아보장고,20260403
https://blog.naver.com/standingjuhee/224208061973,<b>을지다락 압구정도산공원</b>... 신비한 압구정로데오 파스타 맛집,"맛집 <b>을지다락 압구정도산공원</b>은 압구정로데오역에서 제일 가까워요 5번출구로 나와서 맛집들이 많은... 카운터에 충전기, 물, 냅킨 등이 구비되어있으니 이용 가능하고 을지다락은 피클을 요청해야 주신다고... ",Judee is Always Happy,20260307
https://blog.naver.com/gksquf230/224204486783,"압구정 파스타 맛집 <b>을지다락 압구정도산공원</b>, 메뉴 후기 또간집",압구정 도산공원 쪽에서 모이기로 했는데 워낙 힙한 곳도 많고 새로 생기는 핫플도 많아서 고밍고밍하다 결국 저희의 발길이 닿은 곳은 바로 압구정 파스타 맛집 <b>을지다락 압구정도산공원</b>점! 아는 맛이... ,광주여기 Gwangju here,20260304
https://blog.naver.com/jinheeloo/224256863845,<b>압구정</b>로데오 브런치 <b>을지다락 압구정</b> 파스타 <b>도산</b> 데이트,주말의 압구정로데오 브런치였어요. 위치 <b>을지다락 압구정도산공원</b> 운영시간 월 - 금 : 11시 30분 - 21시... #압구정로데오브런치 #압구정로데오맛집 #을지다락도산공원 #을지다락압구정 #압구정파스타... ,아마도 아트,20260418
https://blog.naver.com/yerim8482/224195033976,<b>압구정</b> 맛집 <b>을지다락</b> <b>도산공원</b> <b>압구정</b>로데오 파스타,압구정 파스타 을지다락 도산공원점 내부 해가 엄청 잘 들었던 내부.. 사진 엄청 잘나오고요. 따뜻하고... 찐으로 또 오고 싶은 압구정 맛집! 파스타 진짜 맛있었던 <b>을지다락 압구정 도산공원</b>점 압구정로데오... ,Princess Strong,20260225
https://blog.naver.com/jin__everyday/224229079242,<b>압구정</b> 파스타 맛집 <b>을지다락</b>  <b>도산공원</b> 점심 데이트 코스,#압구정파스타 #압구정점심 #도산공원맛집 #을지다락 #압구정데이트 #도산공원파스타 #압구정소개팅 #<b>을지다락압구정도산공원</b> <b>을지다락 압구정도산공원</b> 주소 : 서울 강남구 언주로168길 25 2층 ☎️ 전화번호... ,여행 이중생활,20260325
https://blog.naver.com/jjidde/224112311034,강남역 한우 맛집 <b>일편등심 강남점</b> 구워주는 고기집,문을 밀고 들어가니 컨셉 충실 귀여운 소가 반겨주는 <b>일편등심 강남점</b> 이번에는 아쥬 고급지게 강남역... 나도 일편등심 먼저 생각나겠지? 테이블당 1대 2시간 주차가능 ( YBM강남센터 주차장 이용 / 주차권 )... ,지혜의 먹는일상로그,20251216
https://blog.naver.com/flutistpark/224092578294,[강남/논현] <b>일편등심 강남점</b>,미친 퀄리티의 1++등급 소고기를 부위별로 예쁜 자개함에 내어주시는 <b>일편등심 강남점</b> 고기도 다... 1테이블당 최대 2시간까지 지원 강남역 근처 직장인 분들 연말에 회식장소로 일편등심 가시면 될듯…!,hye,20251129
https://blog.naver.com/jiyoon8367/223436556638,강남역 한우 맛집 <b>일편등심 강남점</b>,"진짜 꽃이 핀 것 같은, 딱 보기에도 예쁜 강남역 한우 맛집 일편단심의 #마블링 좀 보세요! 직원분들이... 강남역 한우 맛집 <b>일편등심 강남점</b>에서 맛본 살치살 앤드 등심 확실히 등심은 씹을수록 고소함이 쫘악... ",알콩달콩쥰이네,20240504
https://blog.naver.com/h5tcjstk/224092623438,맛집 연말모임장소 추천 가성비와 맛 모두 합격 <b>일편등심 강남점</b>,대로편 바로 이면도로에 위치하고 있고 찾기 정말 쉬워요 ❤️ (길치 돼지 인증 ) 2.강남역 한우 맛집 연말모임장소 추천 가성비와 맛 모두 합격 <b>일편등심 강남점</b> 분위기 일편등심은 지하로 내려가야 입장가능... ,♥DODO Hey me♥,20251129
https://blog.naver.com/diningtour/223935546703,강남역 한우 <b>일편등심 강남점</b> 등심스페셜 세트 콜키지프리 후기,"250714 강남역 한우 <b>일편등심 강남점</b> 등심스페셜 세트 콜키지프리 후기 안녕하세요. 푸드 인플루언서... 일편등심 세트는 등심, 꽃갈비, 한우 한마리, VIP 세트 등으로 고기의 부위와 그램 수에 따라 다양하게... ",달달맛 찾아떠나요,20250716
https://blog.naver.com/melodycong2__/224082396317,강남역 한우 구워주는 고급스러운 고기집 <b>일편등심 강남점</b>,"최상급 한우를 먹을 수 있는 강남역 맛집, 강남역 한우 맛집 &lt;<b>일편등심 강남점</b>&gt;에 다녀왔습니다. *협찬받아 직접 작성된 후기입니다. <b>일편등심 강남점</b> 주소: 서울 강남구 테헤란로 1길 20 지하 1층 ⏱️영업시간... ",웰컴투 Melody 콩,20251120
https://blog.naver.com/sally9476/223948204735,강남역 한우 <b>일편등심 강남점</b> 투쁠한우 중 마블링 최고등급 9등급,"강남역 맛집 강남 고기집 강남역 한우 <b>일편등심 강남점</b>  서울 강남구 테헤란로1길 20 지하1층 일편등심... ✔ 강남역 소고기 맛집 일편등심은 콜키지 프리 진행 중이며, 와인과 위스키가 가능합니다 *메인메뉴... ",예쁘고 귀엽고 맛있는게 짱이야,20250726
https://blog.naver.com/s2eoheepark/223467992270,"<b>일편등심 강남점</b>, 강남역한우맛집, 콜키지프리",마블링 좋은 한우 맛집을 찾고계신 분들이라면 꼭 추천하고 싶다. 재방문 의사 100% #강남역한우 #강남역소고기 #강남역고기집 #일편등심 #<b>일편등심강남점</b> #강남일편등심 #강남역맛집 #강남역소고기맛집,Sincerity in every Plaire,20240603
https://blog.naver.com/wooback_blog/224013502200,강남역 한우 고급스러웠던 <b>일편등심 강남점</b> 후기,"맛집인 일편등심은 지하철역 11번 출구 인근 활기찬 상권에 자리하고 있다. 건물 지하 1층에 자리하고 있으며, 입구가 양쪽으로 나있기 때문에 어느 쪽으로 입장해도 좋다. 내부 분위기 <b>일편등심 강남점</b>의... ",우블 일기장,20250918
https://blog.naver.com/purulover/224120360197,강남역 맛집 프리미엄 투뿔 한우를 맛볼 수 있는 <b>일편등심 강남점</b>,한국적인 인테리어로 꾸며진 일편등심. 칸막이로 나뉘어져 있어서 프라이빗한 식사가 가능함. 냉장고에는 고기가 숙성되고 있다. 이동 가능한 화로. 물레방아 등 볼거리도 있는 <b>일편등심 강남점</b>. 문이... ,Blossom day,20251223
https://blog.naver.com/rladkdud10/223469288671,등급 한우를 직접 구워주는 소고기 맛집 ‘<b>일편등심 강남점</b>’,1층 <b>일편등심 강남점</b> 영업시간 : 평일 11:00~23:00 [라스트 오더 22:00] 주말 11:00~22:00 [라스트 오더 21:00]... 말씀으로는 일편등심에서 직접 만든 특수 육수여서 따로 겨자나 식초를 뿌리지 않아도 맛있다면서... ,평범한 애용이는 맛집 기록 중,20240604
https://blog.naver.com/mtb69/224118801617,강남역 한우 맛집 <b>일편등심 강남점</b> 방문 후기,#강남역한우 #강남역맛집 #강남역고기집 #강남역일편등심 #<b>일편등심강남점</b> #강남역투뿔한우 #강남역투뿔한우맛집 #강남투뿔한우일편등심 #일편등심강남역 #강남역한우회식 #강남역한우맛집,HRLabs ~,20251222
https://blog.naver.com/akqjqtk232/223418438291,강남역 맛집 <b>일편등심 강남점</b> 맛있는 한우한마리 A셋트,"소고기 <b>일편등심 강남점</b>은 가성비 좋은 구성으로 점심식사를 할 수 있는 런치 세트는 물론 일편등심 세트로 한우 한마리를 먹을 수도 있고 단품메뉴로 특등심, 특부채, 꽃살치, 치마살, 새우살, 특안심도... ",하라쇼의 Daily,20240417
https://blog.naver.com/kkoshooo/223554142192,강남역 한우 맛집 <b>일편등심 강남점</b> 강남 소고기 추천,"강남역 한우 맛집 <b>일편등심 강남점</b>의 메뉴입니다! 일편등심 세트메뉴, 단품 메뉴 등으로 다양하게 구성되어 있고 육회, 냉면, 한우된장밥 등의 다양한 사이드 메뉴도 있습니다. 주류도 다양하게 준비되어 있고... ",YOO FINE,20240820
https://blog.naver.com/whitedeer11/224160957148,맛집 직장인 회식 추천 신논현역 고기집 <b>일편등심 강남점</b> 후기,#강남역한우맛집 #강남역고기집 #신논현역고기집 #강남역한우 #신논현역한우 #<b>일편등심강남점</b> 1. 강남역 한우 맛집 일편등심 직장인 회식 추천 신논현역 고기집 <b>일편등심 강남점</b> 위치 &amp; 찾아가는 길  서울... ,This is the moment,20260127
https://blog.naver.com/kiestree/223557412863,강남역 소고기 맛집 일인자 <b>일편등심 강남점</b> 리뷰,강남역 소고기 맛집 <b>일편등심 강남점</b> 투뿔 No 9등급 한우 찐 맛집 안녕하세요. HYEN입니다. 오늘은 강남역 찐 소고기 맛집 사진만 봐도 다시 설레는 <b>일편등심 강남점</b>에 다녀왔습니다. 찐찐찐찐~ 완전 찐이야... ,핸냥시그널,20240822
https://blog.naver.com/ghdtnwl72/223808457452,"강남 한우 맛집, 최상급 No.9 1++소고기 <b>일편등심 강남점</b>","안녕하세요 뚜블리입니다 주말에는 남편과 <b>일편등심 강남점</b>에 다녀왔어요~ 강남 한우 맛집으로 1... 맛집, <b>일편등심 강남점</b> 상위 4% 최상급 1++ BMS No.9 주소: 서울 강남구 테헤란로1길 20 지하1층 강남역 11번... ",뚜블리의소소한일상,20250324
https://blog.naver.com/youjung133/223769128412,강남역 소고기 &quot;<b>일편등심 강남점</b>&quot; 투뿔 한우 데이트 강추,소고기 &quot;<b>일편등심 강남점</b>&quot; 투뿔 나인등급 한우는 입에서 사르르 녹는 맛이더라구요 일편등심 한우 육향 진짜 도른맛이에요!!!!! 은은한 단내까지 느껴지는 감칠맛 끝판왕 한우 육향에 완전 반했네요 최근에... ,먹고 살기 밥빠용,20250222
https://blog.naver.com/skylove78222/224121553916,"강남역 한우 데이트 맛집,분위기까지 완벽한 <b>일편등심 강남점</b>... ","강남역 한우 맛집 <b>일편등심 강남점</b> 안녕하세요~ 매일이 꽁냥꽁냥한 일상,민트입니다. 주말에 오빠랑 강남역 한우 맛집으로 소문난 일편등심에 다녀왔어요. 매장위치,영업시간 방문한 일편등심 강남역 11번... ",꽁냥꽁냥한 일상♥,20251224
https://blog.naver.com/pyblog/224249255875,[강남 소고깃집] <b>일편등심 강남점</b> 직접 구워주는 1++ 한우 품질,"소고기구이 · <b>일편등심 강남점</b> ■ 업체 소개 <b>일편등심 강남점</b>은 서울 강남구 테헤란로1길 20... 메뉴로는 특등심(45,000원), 특부채살(43,000원), 런치세트(79,000원, 평일 오후 2시까지), 한우불고기전골(21,900원)... ",pyblog님의블로그,20260415
https://blog.naver.com/ssukgul9/223924121141,[리뷰] <b>임곡칼국수 동탄 본점</b>,"오늘 썩슐랭 가이드에 리뷰할 곳은 집 근처 최대 존엄 맛집인 <b>임곡칼국수 동탄 본점</b>입니다. 기존에... 리뷰: 동탄 임곡칼국수 임곡칼국수는 동탄 2 신도시, SRT &amp; GTX 동탄역 근처의 앨리스빌에 있습니다.... ",썩굴's Neverland,20250706
https://blog.naver.com/li_xy/223989058300,동탄 샤브칼국수 맛집 : <b>임곡칼국수 동탄본점</b>,<b>임곡칼국수 동탄본점</b>! 동탄역 근처 병원 갈일 생겨서 음식점 찾아보다가 발견한 샤브칼국수 전문점 일부러 찾아왔다! 앨리스빌 상가에 있는 임곡칼국수 주차 상가주차장 무료 - 7번 게이트로 나오기 영업시간 11... ,호두이모의 블로그,20250830
https://blog.naver.com/pjh255/224262970816,<b>동탄</b> 맛집 없다고요? <b>임곡칼국수</b> 있는데!,동탄역 근처 동탄 임곡칼국수 매장정보 위치 경기 화성시 동탄구 동탄역로 102 엘리스빌상가 2층 2031호... * 혼밥 식당 찾으시는 분 * 미나리 칼국수 좋아하시는 분 부담없는 한 끼로 <b>임곡칼국수 동탄본점</b>... ,"아이와 함께하는 모든 순간, J희스토리♡",20260423
https://blog.naver.com/zuiaini18/223916649322,동탄샤브샤브 동탄칼국수 추천 정말 맛있는 <b>임곡칼국수 동탄본점</b>,마음에 들어버렸는데 맛까지 정말 맛있어서 여기는 앞으로 단골각이에요 ㅠㅠ 언넝 강서방도 데리고 와야겠습니다 ㅎㅎㅎ <b>동탄</b>역 맛집 <b>동탄</b> 샤브샤브 <b>동탄</b> <b>칼국수</b> <b>임곡칼국수</b> 너무너무 추천합니다! 왕추천이요!!!,빈니의 행복한 순간들♡,20250630
https://blog.naver.com/with_jia/223943819859,<b>임곡 칼국수 동탄 본점</b> 아이와 가기 좋은 식당 추천,사이) <b>임곡 칼국수 동탄 본점</b> 만 3세 아이와 방문 후기 Gate 6 근처에 주차 후 엘리베이터 타고 2층으로... 최고는 임곡 칼국수네요. 제 후기가 동탄에서 아이 데리고 칼국수 먹으러 가려고 조사 중인 부모님들께... ,지아와 함께 성장하는 하루,20250723
https://blog.naver.com/mumin23/223924143367,동탄 샤브샤브 자가제면 <b>임곡칼국수 동탄본점</b>,<b>임곡칼국수 동탄</b>역 엘리스 [얼큰] 한우 차돌 양미쌈 샤브<b>칼국수</b> / 참기름 볶음밥 후기  주소 경기 화성시 <b>동탄</b>역로 102 엘리스빌상가 2층 ⏰ 영업시간 11:00 - 21:00 (일요일 휴)  전화번호 0507-1481-1631  주차장... ,프로 동탄러 '먹대장'의 삶은 여행 ._.,20250706
https://blog.naver.com/skygood1214/223910850718,동탄 샤브샤브 <b>임곡칼국수 동탄본점</b> 얼큰차돌샤브샤브에... ,쫀득한 칼국수! 참기름 볶음밥도 배불러도 꼭꼭 드셔보셔야 해요! 참기름을 정말 넉넉히 둘러주셔서 어찌나 고소하던지 정말 마무리로 최고였어요. 동탄 샤브샤브 맛집을 찾고 있다면 &quot;<b>임곡칼국수 동탄본점</b>&quot;은... ,좋아하는 것에 진심,20250625
https://blog.naver.com/wjddms4004/223920194549,[<b>동탄</b>맛집]<b>임곡칼국수</b>,안녕하세요~ 오늘은 동탄 칼국수 맛집 임곡칼국수에 다녀왔습니다! 엘리스빌에 위치하고 있어... 샤브칼국수 먹고 온 솔직후기 작성해 볼게요 <b>임곡칼국수 동탄본점</b> 위치: 경기도 화성시 동탄역로 102... ,정돌 블로그,20250703
https://blog.naver.com/tripee/223916251898,동탄역 맛집 &lt;<b>임곡칼국수 동탄본점</b>&gt; 동탄 샤브샤브 칼국수,"법 동탄역 맛집 &lt;<b>임곡칼국수 동탄본점</b>&gt;은 앨리스빌 상가 2층에 위치하고 있어요! 1층 광장 부분에서도 잘 보이는 위치더라구요 ㅎㅎ 임곡칼국수 가게 앞으로는 자가제면 입간판이 서있었는데요! 네, 맞아요!... ",트리피의 Trip to everything,20250630
https://blog.naver.com/ajumma93_/224095381818,<b>동탄</b> 샤브<b>칼국수</b> 맛집 <b>임곡칼국수</b> 방문후기｜가격·대기·총평,"구좌리스탈 칼국수 찾다가 발견했지 뭐예요 !!!! 바로 달려가봤습니당ㅎㅎ <b>임곡칼국수 동탄본점</b> &lt;&lt;위치... &lt;&lt;총평&gt;&gt; 동탄 임곡칼국수,, 왜이제 알았지!! 샤브육수부터 면, 고기, 김치까지 전반적으로 깔끔하고... ",줌마미의 소소한 일상 기록 :),20251202
https://blog.naver.com/luvms418/224015564389,만 원대 식사 가능한 <b>동탄</b>역 <b>임곡칼국수</b>,"있는 동탄 음식점, 추천해 드릴게요! ◠ ̫◠ <b>임곡칼국수 동탄본점</b> 경기 화성시 동탄역로 102... 자신 있게 추천합니다 #동탄역맛집 #동탄역 #임곡칼국수 #동탄임곡칼국수 #동탄회식 #동탄점심맛집... ",우당탕탕 얼레벌레 김네기 일상,20250920
https://blog.naver.com/happyhoons_life/223947849899,"동탄역 칼국수 맛집, <b>임곡칼국수 동탄본점</b>","임곡칼국수 본점 다녀왔습니다. <b>임곡칼국수 동탄 본점</b> 9.0/10 칼국수를 시켰습니다. 얼큰/맑은이 있던데요, 얼큰으로 시켰습니다. 얼큰도 충분히 맑습니다. (얼큰이 너무 맛있었네요) 12000원 가격에, 샤브샤브... ",즐거훈 생활,20250726
https://blog.naver.com/riphi_/224013306878,[2<b>동탄</b>/영천동] 자극적이지 않은 깔끔한 샤브 <b>칼국수</b> <b>임곡</b>... ,등O 칼국수 같은 스타일을 좋아하는데 거기는 1인분 주문이 안 되므로... 어디 없나 하고 보다가 동탄역 부근에 있길래 가 보았다. <b>임곡칼국수 동탄 본점</b> 경기 화성시 동탄역로 102 엘리스빌상가 2층 2031호... ,:: Helping People live better lives ::,20250918
https://blog.naver.com/hyang6698/223892011012,[<b>동탄</b>] <b>임곡칼국수 동탄</b>_<b>동탄</b> 자가제면 <b>칼국수</b> 샤브샤브 맛집,엄청많은데 <b>임곡칼국수</b>는 <b>동탄</b>이 <b>본점</b>! 기대감뿜뿜 오픈한지 얼마안되서 외관 내부 둘다 깔끔 그자체 테이블넓찍넓찍하고 13개 정도 테이블로 깔끔하고 편안한 내부였어요 52명까지 수용가능해서 단체모임... ,MY Life is,20250608
https://blog.naver.com/een730706/223952967183,"[<b>동탄</b>] <b>임곡 칼국수</b> / 샤브<b>칼국수</b>, <b>동탄</b>역 맛집, 오산동, 깔끔한... ","<b>임곡칼국수</b>의 특징은 프랜차이즈가 아닌, 이곳 <b>동탄본점</b> 한 곳뿐이고 자가제면 <b>칼국수</b>라는 점!  비교적 새로 오픈한 식당이라, 깨끗하고 넓은 편입니다! 다닥다닥 붙어 있지 않아서 넘 좋아용 점심에 단체로... ",피크짱 블로그,20250730
https://blog.naver.com/moonooq/224087858771,251117_1123,"시켜줘야겠다ㅎ <b>임곡칼국수 동탄본점</b> 소고기 샤브 칼국수 12,000 원래 샤브샤브 먹을 때 고기 한꺼번에... 등촌샤브칼국수 동탄역점 소고기 샤브 세트 20,000 테토녀가 말아주는 볶음밥,,! 바구니랑 은혜언니... ",Moon's daily,20251125
https://blog.naver.com/nxslkxm/223864684171,한 달 만에,<b>칼국수 동탄</b>역쪽에 새로 오픈한 '<b>임곡칼국수</b>' 가성비 굿굿 추천합니다 매운 것도 못먹는 사람들이... 구읍뱃터 <b>본점</b>'  다음날 1시 느지막히 체크아웃하고 숙소 근처에 있던 '영종백합<b>칼국수</b>' 아니 근데 여기... ,슬이슬쩍,20250513
https://blog.naver.com/audghk0306/223838355150,→▶[금침대와 금쇼파_어찌 돌침대 흙침대와 비교하랴]... ,→▶[금침대와 금쇼파_어찌 돌침대 흙침대와 비교하랴]♥♥1만원권에 감추어진 용비어천가와 일월오봉도 그리고 대한민국지도와 태극기 건이감곤 문양 위 제품명:DS-글로리아 와인가죽 순금 온돌쇼파 위... ,온돌박사,20250418
https://blog.naver.com/leesam1359/223420782935,→▶하남시 ♥♥춘향골남원추어탕 가마솥밥조리기... ,"황도면옥 <b>칼국수</b> 육풍 정육점 된소 종로상회 황솔촌 조선화로집 맛있는제주만들기 모미가김치찌게... 할매<b>칼국수</b>,동대문구 서울시립대로 마포숯불갈비,강남구 신도브레뉴 지하1층 영광보리굴비 전문점... ",생명의 침실,20240419
https://blog.naver.com/leesam1359/223425323713,"→▶문경맛집,“초계한우”에 설치한 ♥♥즉석가마솥밥... ","할매<b>칼국수</b>,안양시 임가네착한밥상,창원시 마산합포구 백제삼계탕 13월 <b>본점</b>,안성시 다온가마솥밥,창원진해구 백제13월 삼계탕,고양시 스타필드 용호낙지,파주시 명태명가,함안군 어반선생 생선구이,동대문구... ",생명의 침실,20240424
https://blog.naver.com/ubouno/223458734419,"수원화성 튀김덮밥 먹으러 가는 곳, <b>저스트텐동 행리단길점</b>","일식 스타일의 바삭한 튀김 전문점 <b>저스트텐동</b> 여름 냉우동은 추가 필수 2024. 4. 23 스타필드 수원... 생겨났는데, <b>행리단길점</b>도 그 중에 한 곳!! 11시 반 오픈 시간에 맞춰 도착했건만 내부사정으로 12시 오픈... ",멋과 맛을 찾아 다니는 여행,20240526
https://blog.naver.com/rmldua24/224140707269,"수원 행궁동 <b>저스트텐동 행리단길점</b> 텐동, 마제소바 내돈내산... ",곳이 저스트텐동! (행리단길에 일식집 존많. 조상님이 노하실 듯) <b>저스트텐동 행리단길점</b> 행리단길 맛집 · 텐동 전문점 ⏰️ 영업시간 11:30 - 20:00 (LO. 19:30)  휴무일 연중무휴  전화번호 0507-1324-7144  주차여부... ,"찐리뷰 맛집, 다잇슈",20260109
https://blog.naver.com/daa__on/224272851792,조-하:: 레전드 <b>텐동</b>이라구요? <b>저스트텐동</b> 수원<b>행리단길점</b>,"연휴맞이~ 행궁동 놀러갔다가 다녀온 <b>저스트텐동</b> 수원<b>행리단길점</b>! <b>저스트텐동</b>은 서울에서도 먹을 수 있긴한데 그냥 <b>텐동</b> 땡긴 겸,, 다녀왔어유ㅎㅎ 오후 4시 56분에 도착했는데 브레이크타임이 있어서 4분정도... ",온 - 블리의 일 상,20260502
https://blog.naver.com/szerok/223693477010,수원 화성 행궁동 맛집 일식 <b>저스트텐동 행리단길점</b>,불가 저스트텐동 외부 팔달 시청 바로 맞은편 행리단길로 들어와서 조금 걸으면 <b>저스트텐동 행리단길점</b> 발견 가능! 초록색 외관으로 쉽게 눈에 띄어요ㅎㅎ 평소에 느끼한 걸 싫어해서 텐동을 피했는데 친구가... ,먹고사는 영소,20241214
https://blog.naver.com/huyaa_/224153858670,수원 행궁동 맛집 <b>저스트텐동 행리단길점</b> (+주차 꿀팁),내돈내먹 수원 맛집 추천 <b>저스트텐동 행리단길점</b> [매장 정보 및 위치] 경기도 수원시 팔달구 신풍로 25... #수원행궁동 #수원행궁동맛집 #행궁동저스트텐동 #행리단길맛집 #행궁동데이트 #저스트텐동행리단길,후야 잡;지,20260120
https://blog.naver.com/qkfkrl6861/223946700261,텐동이 생각날 땐 행궁동으로 _ <b>저스트텐동 행리단길점</b>,"<b>저스트텐동 행리단길점</b> #행궁동맛집 #행리단길텐동 #수원텐동맛집 ▶주소 : 경기 수원시 팔달구... 저스트텐동 12,900 키리모찌 4,000 튀김 닭껍찔 교자 7,500 총 37,300원 음식을 기다리면서 가게를 더 둘러보았는데... ",KHE 아카이브,20250725
https://blog.naver.com/ggamdol_home/224108589725,<b>저스트텐동 행리단길점</b> 라스트오더 시간 꼭 알고 가세요,잠실에서 일할 때 송리단길에서 저스트텐동에 가본 적이 있는데요 현재의 생활변경에는 텐동집이 없어서 못갔었든요~ 행리단길에 종종가는데 맛집 찾다가 저스트텐동이 있어서 <b>저스트텐동 행리단길점</b>에... ,깜돌집사의 탐험일지,20251213
https://blog.naver.com/lhyang22/223422965299,[수원행궁동] <b>저스트 텐동 행리단길점</b> / 일식 튀김덮밥 맛집... ,<b>저스트텐동 행리단길점</b>&gt;은 초록색 외관에 아담한 크기의 가게로 수원화성행궁 오른편의 행리단길... 이집의 시그니처 메뉴인 &lt;저스트한상&gt;을 주문했어요. 프랜차이즈 식당인 이곳의 메뉴는 아래와 같아요.... ,여행하는 안제,20240429
https://blog.naver.com/lj3435/223598921137,수원] 내돈내산 행궁동 텐동 맛집 추천 &quot;<b>저스트텐동 행리단길점</b>&quot;,"말해뭐해 무조건 시키세요(๑˃́ꇴ˂̀๑) 다음에 저스트텐동에 또 방문하게 된다면 키리모찌는 무조건 시킬거에요!! 행궁동에서 맛있는 텐동집을 찾고 계신다면, &quot;<b>저스트텐동 행리단길점</b>&quot; 추천드릴게요 :D",정이다움's Daily log,20240927
https://blog.naver.com/wodllove2/223510367126,(채소)한상 에비한상 텐동 맛집 <b>저스트 텐동 행리단길점</b>,위치한 텐동 맛집 <b>저스트 텐동 행리단길점</b> 포스팅입니다 행궁동 지나다닐 때마다 항상 줄 서 있던... 근데 저스트텐동 장국 대신 나오는 따뜻한 국물이 있는데 그 국물이 진짜 댕맛있어요  완전 으른들이... ,뚱기,20240712
https://blog.naver.com/lovemyself66/223438414390,비주얼이 폭발적인 행궁동 텐동 맛집 <b>저스트텐동 행리단길점</b>,행리단길에 방문하시는 분들에게 강력히 추천드리는 텐동 맛집이 있어 추천드립니다. <b>저스트텐동 행리단길점</b> 주소 : 경기 수원시 팔달구 신풍로 25 1층 전화번호 : 0507-1324-7144 &lt;영업 시간&gt; 11:30 - 21:00... ,하루를 행복하게,20240507
https://blog.naver.com/her25h/223438507867,수원 행궁동 맛집 수원 화성 텐동 수원 <b>저스트텐동 행리단길점</b>... ,"수원 <b>저스트텐동 행리단길점</b> 영업시간: 매일 11:30-21:00 Break Time 15:00-17:00 Last Order 14:30. 20:30 위치: 경기... 수원 저스트텐동 행리단긴점 메뉴판이에요! 다양한 텐동 메뉴가 있었어요 간장새우, 순살게장, 연어... ",머기의 먹이생활,20240507
https://blog.naver.com/emery62/223423707269,수원 행궁동 텐동 맛집 | <b>저스트텐동 행리단길점</b>,안녕하세요오 오늘은 수원 행궁동에 아주아주 유명한 텐동 맛집 <b>저스트텐동 행리단길점</b>에 다녀왔어요!! 저스트텐동 다른 지점은 가봤는데 행리단길 지점은 처음 가봤는데 깔끔하고 만족했습니다!! 사실... ,사진 못찍는 블로그,20240422
https://blog.naver.com/3766274gh/223555549898,[食]행궁동의 오리지널 텐동집 '<b>저스트텐동 행리단길점</b>',행궁동의 저스트텐동은 수원에서 먹을수있는 텐동중에서 손에 꼽는 맛집이다. 오픈한지 오래됐지만 주말에 가면 웨이팅도 피할 수 없는 맛집인데 평일에 시간이 되어 다녀왔다. <b>저스트텐동 행리단길점</b>은... ,뚜벅뚜벅 청춘록,20240821
https://blog.naver.com/m_tem/223418252687,"푸짐한 텐동 한상, <b>저스트텐동 행리단길점</b>","수원 행궁동에 위치한 텐동맛집 <b>저스트텐동 행리단길점</b> 후기에요 :) 저스트텐동 맛있다고 익히 들었는데, 막상 한번도 맛보지 못했었는데 드디어..! <b>저스트텐동 행리단길점</b> 주소: 경기 수원시 팔달구 신풍로 25... ","맛집탐방, 그리고 일상기록",20240417
https://blog.naver.com/cjg05149/223422161934,[ 행리단길 맛집 ] 수원 행궁동맛집 <b>저스트텐동 행리단길점</b>,오늘의 리뷰 <b>저스트텐동 행리단길점</b> 안녕하세요 ~! 오늘은 행리단길 텐동맛집을 소개시켜드릴게요... 하다가 저스트텐동과 스폐셜한상으로 선택 !!! 가격은 저스트한상 14.9 생선 한상 18.9 락토(채소)한상... ,살롱드한결 나영실장,20240421
https://blog.naver.com/teddyispoodle/224114403303,행궁동 당일치기 맛집 <b>저스트텐동 행리단길점</b>에서 친구들이랑... ,맛집 <b>저스트텐동 행리단길점</b>이었답니다! 다른 지점의 저스트텐동도 이렇게 귀염귀염 인테리어를 하고 있을 지 나중에 확인 해봐야겠어요!~~! 그럼 식사하고 넘어가서 대화하기 좋은 행리단길 카페 추천드리며... ,동숲주민 테푸 ૮꒰˵• ﻌ •˵꒱ა,20251218
https://blog.naver.com/sozza_/223505398006,<b>저스트텐동</b> 화성 수원 <b>행리단길점</b> 리뷰,"저스트텐동 수원 행리단길점 <b>저스트텐동 행리단길점</b> 월~일 11:30 - 21:00 브레이크 타임 15:00 - 17:00 라스트오더 14:30, 20:30 오늘 소개해 드릴 음식점은 한 달 전에 남편과 함께 갔었던 수원 행리단길에 위치한... ",blog.,20240708
https://blog.naver.com/esf-jimin/223436543822,맛집 고소한 튀김덮밥을 즐길 수 있는 <b>저스트텐동 행리단길점</b>,맛집과 느낌 있는 카페들이 가득한 이곳은 바로 행리단길 이예요 그리고 행궁에서 행리단길로 들어가는 길에 바~로 보이는 텐동 맛집을 소개합니다^^ <b>저스트텐동 행리단길점</b> 경기 수원시 팔달구 신풍로 25 1층... ,ESF-Ji Min :),20240504
https://blog.naver.com/whyd_house/223876688681,<b>저스트텐동 행리단길점</b> 리뷰,"갑자기 텐동을 먹고싶어 검색하게 된, &quot;<b>저스트텐동 행리단길점</b>&quot; 리뷰입니다. 행궁 초입이자, 행리단길... 저스트한상 + 이치방 생맥주 + 모찌 + 냉우동 주문하였고요, 약 10분정도 소요되서 메뉴가 준비되었습니다.... ",Why.D 하우스,20250524
https://blog.naver.com/6607144/223993016482,가로수길 맛집 <b>정돈 신사점</b>,<b>정돈 신사점</b> 주소 : 서울 강남구 강남대로160길 28 영업시간 : 매일 11:00 -21:30(15:30 - 17:00 브레이크타임... 많은데 정돈 돈까스는 그냥 뭐 고기 부위 상관없이 다 부드럽더라구요 ㅠㅠㅠㅠ 역시 둥근 안심돈카츠의... ,EAT PLAY LOVE,20250902
https://blog.naver.com/kickic1/224001862425,"가로수길 돈까스 맛집 <b>정돈 신사점</b> 찐리뷰! 주차, 예약, 웨이팅... ",1시간 가량 배부르고 기분 좋게 먹고 나온 정돈의 밤. <b>정돈 신사점</b>은 매장 앞에서 발렛주차가 가능합니다. 매장 앞에서 비상등 켜고 계시면 바로 도움받으실 수 있으실 꺼에요! 위치는 신사역에서 매우 가까우니... ,조댕의 잡다구리한 박스,20250909
https://blog.naver.com/kksl416/223940742059,신사역 맛집 <b>정돈 신사점</b> 돈까스에 진심인 곳,다른 매장을 가도 이렇게 같은 맛난 돈까스를 먹을 수 있다니 다른데 놀러가서도 정돈 돈까스는 다시 먹어보러 갈 것 같다 ㅎㅎ #<b>정돈신사점</b> #정돈 #신사역맛집 #신사역돈까스 #신사역돈카츠 #신사맛집... ,쏨일상,20250720
https://blog.naver.com/alicec__/223992938750,신사역 돈까스 맛집 인생 치킨카츠를 만나다 <b>정돈 신사점</b>,"맛집 <b>정돈 신사점</b>에 도착했어요, 외관이 깔끔하고 단정해서 첫상인상부터 합격^_^ 정돈은 체인점이 아니라 전국 모든 매장이 직영점이더라고요. 그래서 어느 매장을 방문해도 맛이 일정하고 서비스면으로도... ",마녀의 은밀한 연구실,20250902
https://blog.naver.com/221_sunn/224021209453,신사역 가로수길 맛집 원조의 힘을 보여주는 돈까스 <b>정돈 신사점</b>,"돈까스집 정돈에서 고른 건 B세트 대표 (39,800원)! 구성은 등심 &amp; 안심 돈까츠 + 치킨카츠 or 생선카츠(택1) + 카레였는데, 저는 치킨카츠로 선택했어요.  세트메뉴 &amp; 포장 혜택 <b>정돈 신사점</b>은 세트 구성이 알차게... ",오늘도 선샤인,20250925
https://blog.naver.com/soato42/224076136615,두툼한 돈카츠가 맛있는 신사역 돈까스 맛집 <b>정돈 신사점</b>,<b>정돈 신사점</b> 위치 : 서울 강남구 강남대로160길 28 영업시간 : 매일 11:30~21:30 (브레이크타임 15:30~17:00) 신사역 돈까스 맛집 정돈은 신사동 세로수길 안쪽에 있어요. 신사역에서도 가까운 위치에 있고 가로수길... ,잡동사니,20251117
https://blog.naver.com/jjunhyein/224001730504,"신사역 맛집 | ‘<b>정돈</b>‘ <b>신사점</b> 안심돈카츠, 치킨카츠 후기",근데 심지어 할인까지  출처) 네이버 사진에는 메뉴가 잘 안보이니 네이버에서 가지구 왔어욤 <b>정돈 신사점</b> 주문 메뉴 및 후기 가로수길 맛집 정돈에서 점심을 먹어보도록 하겠습니당 흐 먼저 카레가 나왔어요!... ,"hyeniverse, 혜니벌스",20250909
https://blog.naver.com/sorucook/224097379038,신사역 가로수길 돈까스 맛집 <b>정돈 신사점</b> 메뉴 추천,"<b>정돈 신사점</b>  위치 : 서울 강남구 강남대로160길 28 ⏱️ 영업시간 : 매일 11:30-21:30 브레이크 타임 15:30-17:00  전화번호 : 0507-1322-0924 ✨ 특이사항 : 포장, 배달 가능  주차정보 : 주차 가능 (발렛 5,000원) 정돈은... ",soru's cooking studio,20251203
https://blog.naver.com/minimons/223601259278,"★<b>정돈 신사점</b> 등심돈카츠, 안심돈카츠 후기",#맛집 #정돈 #<b>정돈신사점</b> #등심카츠 #등심돈카츠 #안심카츠 #안심돈카츠 위치 및 영업시간 [정돈] 본점은 혜화점 / 내가 방문한 지점은 신사점이다. 위치 : 신사역 8번출구 / 미슐랭 음식점 [미미연가] 앞에 위치... ,Doctor SSimple,20240930
https://blog.naver.com/dddandyda/223440725846,신사역 돈까스 가로수길 맛집 돈카츠가 맛있는 <b>정돈 신사점</b>,돈까스 정돈 한번 소개해 드려보겠습니다! 드디어 방문하게 된 수제 돈카츠 전문점 <b>정돈 신사점</b> 입구가 굉장히 귀엽게 생겼더라구요~ 워낙 돈카츠를 좋아하기도 하고 많은 돈카츠 맛집도 가보았는데 정돈은... ,모라카노,20240508
https://blog.naver.com/jiddongs831/223721873302,가로수길 돈까스 맛있는 <b>정돈 신사점</b>에서 데이트,"개인적으로 부드러운 안심 돈까스를 유행시킨 곳이 정돈이 아닐까 생각할 정도로, 저도 신랑도 너무너무 좋아하는 가로수길 돈까스 맛집 <b>정돈 신사점</b>에 다녀왔어요! 애플스토어에 들를 일이 있었는데 애플... ",빈둥거림의 달콤함,20250110
https://blog.naver.com/bb11nnn/224075482926,신사역 돈까스 맛집 &lt;<b>정돈 신사점</b>&gt; 세트메뉴 추천!!,"(3,000원) 정돈 매장 앞 주차 후 발렛 요청! ✅ 대표 메뉴 안심카츠 등심카츠 치킨카츠 카츠샌드 ✅ 배달, 포장, 단체 이용 가능 <b>정돈 신사점</b> 내부 <b>정돈 신사점</b>의 내부입니다. 보통 돈까스집 생각하면... ",안녕하세요◠‿◠,20251114
https://blog.naver.com/cincoj/224029774883,가로수길 맛집 <b>정돈 신사점</b> 히든메뉴는 치킨카츠!,"테이블 간격도 넉넉해서 쾌적했고, 모든 것이 깔끔하게 잘 정돈되어 있어 친구, 가족, 지인과 대화하기 좋았고 혼합하기 좋은 신사역 맛집을 찾는 분들도 가기 좋은 조용한 공간이었습니다. <b>정돈 신사점</b> 메뉴... ",The September Issue,20251002
https://blog.naver.com/wjstkzo0036/223707374901,신사역 돈까스 <b>정돈 신사점</b> - 가로수길 맛집 솔직 후기,신사역 돈까스 <b>정돈 신사점</b>에 방문했습니다. 제가 한 6년 ~ 7년 전 즈음에 대학로 혜화에 있던 정돈에 방문한 적이 있습니다. (당시에는 대학로 혜화에만 지점이 있었던 것 같습니다.) 추운 날 1시간 넘게 웨이팅... ,N년차마케터의 기록일지,20241227
https://blog.naver.com/munji_manji/224097985922,도산공원 데이트 돈가스 맛집 <b>정돈 신사점</b>,안녕하세요 오늘은 신사 일식 돈가스 맛집 <b>정돈 신사점</b> 후기 들고 왔음용 <b>정돈 신사점</b> 서울 강남구... 사실 정돈은 체인점이라서 이미 엄청 유명하고 어딜가나 웨이팅이 장난이 아니라구 하더라구요 저도... ,먼뛰뛰의 일상,20251228
https://blog.naver.com/moment_storage/224020347854,신사역 가로수길 맛집 <b>정돈 신사점</b> 극강의 부드러움을 자랑하는... ,점심약속으로 정돈을 다녀왔는데 충격적일 정도로 부드러운 식감과 맛에 감동을 받아 남편도 꼭 데리고 와야겠다고 생각했다. 오늘 방문한 곳은 가로수길에 위치한 '<b>정돈 신사점</b>' ! 깔끔한 분위기에서... ,리디아의 시선,20250924
https://blog.naver.com/cinear4007/224030753936,강남 신사동 돈까스맛집 <b>정돈 신사점</b> 점심 식사 후기,"<b>정돈 신사점</b> 그리고 정돈의 장점 중 하나가 기본으로 제공되는 된장국조차 재료가 정말 좋습니다. 그냥 된장에 뜨거운물만 부어서 나오는 그런 된장국이 아니라 당근,버섯 등 재료가 많이 들어있어서 돈까스... ",보기보기 보기플레이어의 일상,20251003
https://blog.naver.com/jjiiaaee614425/224010749209,신사역 맛집 <b>정돈 신사점</b> 겉바속촉 일본식 돈까스 안심카츠... ,"맛집 정돈이 바로 회사 앞이라 <b>정돈 신사점</b>에서 보기로 했어요. <b>정돈 신사점</b> 위치/ 주차  서울 강남구 강남대로160길 28 신사역 맛집 <b>정돈 신사점</b>은 3호선, 신분당선 신사역에서 도보 5-10분 정도 걸리는 위치.... ",너도 크고 나도 크는 육아✨,20250916
https://blog.naver.com/hyeryung_324/224079684663,가로수길 맛집 깔끔한 정통 수제 돈카츠 ‘<b>정돈 신사점</b>’,#신사역맛집#가로수길맛집#신사역돈까스#가로수길돈까스#신사돈까스#신사역맛집추천#가로수길맛집추천#신사역돈까스맛집#가로수길돈까스맛집#신사역돈까스추천#<b>정돈신사점</b>#정돈돈까스#정돈#정돈신사... ,퇴근 후 지구정복(✿◕‿◕✿),20251118
https://blog.naver.com/hangfu8/224087196987,강남 돈까스 맛집 <b>정돈 신사점</b> 메뉴 등심 안심 후기 내돈내산,"영업시간 매일 11:30~21:30 브레이크 타임 15:30~17:00 라스트 오더 14:30, 20:30 발렛가능 (3,000원) 포장/배달 가능 * 매장 식사 고객 포장 20% 할인 강남 돈까스 맛집 <b>정돈 신사점</b> 다녀왔어요 4년 전에 정돈... ",행푸｜daily archive,20251125
https://blog.naver.com/nahyeonks/224236854653,<b>강남</b>역 점심 맛집 런치코스 단체모임 재방문한 <b>주신당</b>,"강남역 점심 맛집 런치코스 단체모임 재방문한 <b>주신당 강남</b>역 점심 맛집으로 알려진 곳은 많죠, 그 중에서도 주신당으로 결정한 이유가 있었어요. 지난번에 방문했다가 런치코스가 새로 리뉴얼되어서... ",하늘을 닮은 아이,20260401
https://blog.naver.com/atang83/224188416169,<b>강남</b> 청첩장모임 장소 요즘 뜨는 핫플레이스 <b>주신당</b>,위치 및 접근성 <b>주신당 강남</b>은 강남역 11번 출구에서 걸어서 약 3분 정도면 도착해요. 강남역 일대는... 칵테일 및 주류 주신당은 칵테일로도 자주 언급되는 곳이잖아요. 시그니처인 십이지신 칵테일을 주문했는데... ,Ellie’s note,20260219
https://blog.naver.com/jjun2989/224027377264,<b>강남</b>역 회식 맛집 십이지신 칵테일 룸식당 <b>주신당</b>,역시나 <b>주신당 강남</b>을 처음 방문했을 때와 마찬가지로 기억에 남는 시간을 만들고 왔네요. 모두 즐겁게... 강남역 회식 장소로 선택한 주신당은 강남역 11번 출구에서 도보로 3분 거리에 위치해 있답니다.... ,깐깐한 그녀의 리뷰 이야기,20250930
https://blog.naver.com/sgt0090/224178647638,<b>강남</b>역 청첩장모임 장소 분위기 맛집 <b>주신당</b>,"위치 및 접근성 <b>주신당 강남</b>은 강남역 11번 출구에서 도보로 3분 정도라 접근성이 정말 좋아요. 강남역... 주신당 시그니처인 십이지신 칵테일을 중심으로 주문했는데, 비주얼부터 확실해서 다들 사진부터 찍게... ",뎐이의 소소한 일상 : ),20260210
https://blog.naver.com/ldh__3239/224253656884,<b>강남</b>역 청첩장 회식 모임 선택한 룸식당 <b>주신당</b>,"#협찬 강남역 청첩장 회식 모임 선택한 룸식당 주신당 이번에 축구동호회 형들이랑 오랜만에 얼굴... 강남청첩장모임 기준으로 룸 있는지, 이동 편한지, 중간에 자리 안 옮겨도 되는지 보고 <b>주신당 강남</b>으로... ",kkami's,20260415
https://blog.naver.com/mango8tango/224219670399,강남역 술집 추천 <b>주신당 강남</b> 맛집 칵테일 전통주 조용한... ,"주신당 다른 지점도 입구부터 압도되는 신비한 분위기가 트레이드마크더라구요. 강남역 술집 추천 <b>주신당 강남</b>점은 지하 1층에 있었는데, 내려가는 계단 분위기부터 완전 멋있었어요! 강남 맛집 술집 주신당... ",말랑말랑 life,20260317
https://blog.naver.com/wwwlolwww/223869016450,<b>강남</b> <b>주신당</b> 양 쥐 개 토끼 칵테일 오컬트 분위기의 술집 후기,다음엔 신당점으로도 한 번 가보고 싶다  #주신당 #<b>주신당강남</b> #강남역술집 #주신당후기 #주신당칵테일 #<b>주신당강남</b>칵테일 #강남역모임 #강남역칵테일 #강남칵테일,M I L O V I _blog,20250517
https://blog.naver.com/blackhole_chinese/224189852278,<b>강남</b>역에서 제일 신비로운 술집 발견: <b>주신당</b> 추천해요,강남역 술집 강남역 <b>주신당 강남</b>역 칵테일 <b>주신당 강남</b> 강남역 술집 주신당 주신당은 예전에 인스타에서 한 번 보고 컨셉이 독특해서 꼭 가보고 싶었던 술집인데요! 강남에도 생겼다고 해서 바로 방문했죠!... ,묘한 교육 연구소,20260220
https://blog.naver.com/aboutcheny/224178139257,<b>주신당 강남</b> 점심코스 후기 강남역 조용한 룸술집 찾는다면,#<b>주신당강남</b>점 #강남역맛집 #강남역런치 #강남역소개팅 #강남역데이트 #강남역술집 #주신당런치 #강남핫플 #강남역청모 #강남역소개팅맛집 #강남역소개팅맛집술집 #강남역조용한룸술집 #강남역술집추천,어바웃 체니 뷰티로그,20260210
https://blog.naver.com/bodyrental/224264210367,<b>강남</b>역 맛집 룸 회식의 성지였던 <b>주신당</b>,접근성이 좋은 강남역 룸 회식 주신당 제가 자주 방문하는 <b>주신당 강남</b>은 역과의 거리가 매우 가깝다는게 포인트에요. 회식 자리라면 술도 자연스럽게 마시는 시간이기 때문에 식당으로 가는길 뿐만 아니라... ,Joy의 달콤한 일상이야기 :),20260424
https://blog.naver.com/jung4553/224269580226,드디어 찾아낸 <b>강남</b> 청첩장 모임 끝판왕 <b>주신당</b>,방문했던 <b>주신당</b>은 <b>강남</b>역 11번 출구에서 도보로 5분이면 도착했어요 <b>강남</b> 메인 거리에 위치한 1층 건물에 기와로된 지붕이라 초행길에서도 쉽게 발견했어요 <b>강남</b> 청첩장 모임 장소 주변에는 주차할만한 공간도... ,SO FINE,20260430
https://blog.naver.com/wnfusmlekd/223952198689,<b>강남</b>역 소개팅 맛집 술집 분위기 좋은 칵테일바 <b>주신당</b>,강남역 소개팅 맛집 술집 분위기 좋은 칵테일바 <b>주신당 강남</b>역 근처에서 요즘 제일 핫한 분위기 있는 술집은 여기 주신당이라고 할 수 있을것같다. 최근 케데헌 인터뷰하는 베뉴도 되었었고 특별한 칵테일과... ,함께 살아가기,20250730
https://blog.naver.com/nahyeonks/224254688882,<b>강남</b>역 청첩장 모임 <b>주신당</b> 센스있는 메뉴,"<b>강남</b>역 청첩장 모임 <b>주신당</b> 센스있는 메뉴 지난 주에 회사 입사동기 형님들이랑 <b>강남</b>역 청첩장 모임 자리를 마련했었는데요, 형님들 취향이 너무 달라서 장소 선택이 고민이었습니다. 회사랑 가까운 <b>주신당</b>을... ",하늘을 닮은 아이,20260416
https://blog.naver.com/wabyx/224109920809,[2x 또간집] <b>강남</b>역 소개팅 맛집 술집 추천 <b>주신당</b> (ft.... ,이번에도 두 번 간 집 소개입니다 여기도 강남역 소개팅 맛집 추천할 만한 곳이에요 여긴 분위기가... 바로 <b>주신당 강남</b>입니다 <b>주신당 강남</b> 프리미엄 한식뷔페도 개시했대요 저는 한식뷔페를 먹으러 간 건... ,Wasabi: 와비 사는 비하인드,20251215
https://blog.naver.com/atang83/224179966274,<b>강남</b>역 청첩장 모임 추천 맛집 룸식당 <b>주신당</b>,강남역 청첩장 모임 추천 맛집 룸식당 주신당 서울 강남역 청첩장 모임 추천 맛집 다녀왔어요. 가성비... <b>주신당 강남</b> 주소: 서울 강남구 강남대로96길 9 B1 전화번호: 0507-1349-4225 영업시간: 매일 11:00 - 02:00 며칠 전... ,Ellie’s note,20260211
https://blog.naver.com/sgt0090/224188393586,<b>강남</b>역 분위기 술집 1티어 맛집 <b>주신당</b> 후기,<b>강남</b>역 분위기 술집 1티어 맛집 <b>주신당</b> 후기 <b>강남</b>역 분위기 술집 1티어 맛집 <b>주신당</b> 후기 <b>강남</b>역 분위기 술집 1티어 맛집 <b>주신당</b> 후기 <b>강남</b>역에서 약속을 잡으면 늘 비슷한 고민이 생겨요. 사람이 워낙 많다 보니... ,뎐이의 소소한 일상 : ),20260219
https://blog.naver.com/yesyall/224027712587,<b>강남</b>역 소개팅 맛집 힙한 술집 - <b>주신당</b>,"힙한 인테리어, 맛있는 안주, 시끄럽지 않은 분위기까지 모든 게 좋았던 강남역 데이트 술집 <b>주신당</b>. <b>강남</b>역 맛집 술집을 찾고 있다면 추천하고 싶다. 일단 안으로 들어오면 입구랑은 다른 힙한 지하세계가... ",놀러와,20250930
https://blog.naver.com/fidelity22/224152588034,분위기 좋은 <b>강남</b>역 술집 추천| <b>주신당</b>,바로바로 주신당 입니다 :) 위치 서울 강남구 강남대로96길 9 B1 영업시간 매일 11:00-02:00 15:00- 17:00... 독보적인 분위기의 <b>주신당 강남</b>역 술집 추천합니다! 칵테일 한잔 두 잔 먹다 보면 취할 수 있으니 주의 ㅎㅎㅎ,예리한 도라이버,20260120
https://blog.naver.com/beybey1260/224261454283,강남역 룸 회식장소 감성터지는 <b>주신당 강남</b>점,"강남역 룸 회식장소 감성터지는 <b>주신당 강남</b>점 입소문이 자자한 강남 룸식당이길래 주신당에 오랜만에 다녀왔어요. 주신당은 강남 한복판에서 감각적인 한식 주점으로 알려져있는데, 여러 지역에 지점이... ",❤J salon❤,20260422
https://blog.naver.com/partygombrush/223906000877,<b>강남</b>역 회식 딱 좋은 프라이빗한 룸식당 <b>주신당</b>,강남역 회식 딱 좋은 프라이빗한 룸식당 <b>주신당 강남</b>역 회식 딱 좋은 프라이빗한 룸식당 <b>주신당 강남</b>역 회식 딱 좋은 프라이빗한 룸식당 주신당 십이지신 컨셉 강남역 회식 추천 강남역 회식 자리를 찾던 중... ,곰쓰 아틀리에,20250620
https://blog.naver.com/ch_privacy/223853182587,"<b>지미존스 역삼역점</b> 점심 후기 (메뉴, 빌리클럽 칼로리, 내돈내산)",안녕하세요 *<b>지미존스</b> 샌드위치* <b>역삼역점</b> <b>역삼</b>역 인근에서 간단한 점심 빵없는 건강한 식사 하고싶을때 가기좋은 <b>지미존스</b> 내돈내산 후기입니다. <b>지미존스</b>는 강남역-<b>역삼</b>역 근방에 두 군데가 있습니다. 이제... ,건빵이네 부자되기 프로젝트,20250502
https://blog.naver.com/jinni615/223805141331,"<b>지미존스 역삼역점</b> 정통 아메리칸 샌드위치, 역삼역 점심 추천... ","역삼역에 오픈한 소식을 듣고 가볼 수밖에 없었다. 그럼 바로 지미존스 후기 고고! <b>지미존스 역삼역점</b>... 빌리클럽부터 데리야끼 로스트 비프, 미트볼 파마산, 스파이시 지미, 스파이시 치킨 랜치 등등 다양한... ",진니의주방이야기,20250321
https://blog.naver.com/catseyesung/223805147108,샌드위치 <b>지미존스 역삼역점</b>... 언위치 역삼역점심메뉴 강추,"<b>지미존스 역삼역점</b> 얼티밋 포커 샌드위치 터키톰 언위치 역삼역점심메뉴 강추 음, 올해 초였나요?... 오히려 엄마가 궁금해하지 않았다면 지미존스 3호점 역삼역점 오픈 사실도 몰랐을 거예요. 그렇게 엄마가... ",달꿈이의 소소한 일상,20250321
https://blog.naver.com/kimtjy/224159065152,"[<b>지미존스 역삼역점</b>] 지미존스 메뉴, 내돈내산 솔직후기","[<b>지미존스 역삼역점</b>] 지미존스 메뉴, 내돈내산 솔직후기 ● 방문일자 : 2026.01.24 ● 점심에 양꼬치랑... <b>지미존스 역삼역점</b> 이탈리안 클럽/스파이스 지미 <b>지미존스 역삼역점</b> 이탈리안 클럽/스파이스 지미... ",서른날다 리뷰 블로그,20260125
https://blog.naver.com/kangsy0203/223805005219,점심 추천 정통 아메리칸 샌드위치 <b>지미존스</b> 3호점 <b>역삼역점</b> 후기,떵이 입니다 오늘은 미국에서만 맛볼 수 있던 The Sandwich of Sandwiches 미국 정통 오리지널 샌드위치 <b>지미존스</b>가 아시아 최초로 한국에 상륙한 후 1호점 강남<b>역점</b> 2호점 광화문점에 이어 <b>지미존스</b> 3호점 <b>역삼역점</b>이... ,떵이의 오즈나라,20250321
https://blog.naver.com/zzong2_king/224273530248,샌드위치 '<b>지미존스</b>(JIMMY JOHN'S) 샌드위치' <b>역삼역점</b>,<b>역삼</b>역 직장인 점심 맛집 미국식 샌드위치 &quot;<b>지미존스</b> 샌드위치&quot; <b>역삼역점</b> 안녕하세요 둘이서 4인분... 0507-1469-2149 <b>역삼</b>역 근처에 있는 미국식 샌드위치 맛집 <b>지미</b> 샌드위치 점심 먹으려고 와봤어요 <b>역삼</b>역 4번... ,둘이서 4인분 먹는 쫑이짱네,20260503
https://blog.naver.com/arumi__/224240622940,"내돈내산 <b>지미존스 역삼역점</b>, 찐미국인 신랑도 인정한 미국맛... ","내돈내산 <b>지미존스 역삼역점</b>, 찐미국인 신랑도 인정한 미국맛 샌드위치 빌리클럽 후기 ( 9 / 10 ) 7... 델리샌드위치 #지미존스추천 #미국샌드위치 #역삼역점심 #샌드위치맛집 #로스트비프샌드위치 #강남역맛집... ",에찌부부,20260406
https://blog.naver.com/hyeonsoongworld/223840767812,"역삼: 빵까지 맛있는 샌드위치 맛집, <b>지미존스 역삼역점</b>","역삼 점심 추천 빵까지 맛있는 샌드위치 맛집, <b>지미존스 역삼역점</b> 역삼역 근처에는 샐러드나 샌드위치... 역삼역점심추천 #직장인점심추천 #강남점심 #강남샌드위치 #강남존맛 #강남점심추천 #지미존스... ",여기는 숭이세상,20250420
https://blog.naver.com/disney_jjang/223802026171,[강남/역삼역 맛집] <b>지미존스 역삼역점</b> 내돈내산 솔직 후기... ,#내돈내산 #<b>지미존스역삼역점</b> #지미존스역삼 #신규오픈맛집 #역삼역샌드위치 #역삼샌드위치 #역삼역샌드위치맛집 #역삼샌드위치맛집 #지미존스 #지미존스메뉴추천 #지미존스칼로리 본 포스팅은 내돈내산... ,드즈느로그❤️,20250319
https://blog.naver.com/0307khy/223804965378,미국식 샌드위치 맛집  <b>지미존스 역삼역점</b> 신선한 언위치에... ,"아삭아삭하고 신선한 양상추 안에 햄, 베이컨, 프로볼로네치즈, 루꼴라 크리미한 지미페퍼마요... 역삼역<b>지미존스</b> #<b>역삼역점</b>심메뉴 #미국샌드위치 #미국식샌드위치 #언위치 #immyjohns #Jimmyjohnskorea #The_Sandwich_of... ",그녀가 그리는 하루,20250321
https://blog.naver.com/sonsiktak/224236034413,역삼 미국맛 샌드위치 맛집 <b>지미존스 역삼역점</b>,"<b>지미존스 역삼역점</b>인데 역삼역 4번출구 바로 앞에 있다. 들어가자마자 미국느낌 팍~ 나는 샌드위치 집이다. 가격은 조금 비싼편인듯 싶음, 지미 필리(9,700원)이랑 콜라를 주문했다. 신메뉴여서 맛에 대한... ",손식탁,20260331
https://blog.naver.com/heeri1212/223804812130,미국 정통 오리지널 샌드위치 <b>지미존스 역삼역점</b> 점심 맛집... ,"미국 정통 오리지널 샌드위치, <b>지미존스 역삼역점</b> 되겠습니다. 강남역점,광화문점에 이은 3호점 지미존스 샌드위치 역삼역점 오픈 요즘 역삼역 점심 맛집 핫플! 여기 뉴욕 한복판? ㅎ 미국 정통 오리지널... ",핫플핫템 꿀레시피,20250321
https://blog.naver.com/mjda20/223805078509,<b>역삼역 점</b>심 맛집 정통 아메리칸 샌드위치 <b>지미존스</b> 직장인... ,역삼역 샌드위치 맛집 다녀온 이야기입니다. 1. 위치 <b>지미존스 역삼역점</b>은 역삼역 4번 출구에서... 역삼역점심 #역삼역샌드위치맛집 #역삼역<b>지미존스</b> #<b>역삼역점</b>심메뉴 #미국샌드위치 #미국식샌드위치 #언위치,에나의 런치박스,20250321
https://blog.naver.com/eel_95/223849854649,역삼역 :: <b>지미존스 역삼역점</b> — 미국 오리지널 샌드위치... ,"매장 정보 가게명: <b>지미존스 역삼역점</b> 주소: 서울 강남구 테헤란로 141, 1층 역삼역 4번 출구에서 도보... 있어서 역삼역 근처 지미존스에 들렀어요. 8시 오픈이라 출근길에 잠깐 들르기 딱 좋더라고요. 일단... ",쩡's 일상이야기,20250501
https://blog.naver.com/hodragonk94/224194254243,[역삼역 맛집] <b>지미존스 역삼역점</b> - 9시에 혼밥하러 들어갔다가... ,늦은 리뷰 죄송 ㅠㅠㅠ #역삼역맛집 #<b>지미존스역삼역점</b> #역삼역혼밥 #역삼역저녁 #역삼맛집 #강남샌드위치 #역삼샌드위치 #직장인혼밥 #저녁혼밥 #샌드위치맛집 #루꼴라샌드위치 #트러플머쉬룸... ,으야아아 여행기,20260224
https://blog.naver.com/roah-/223804956318,<b>역삼역 점</b>심 맛집 정통 아메리칸 샌드위치 <b>지미존스</b> 후기,이번 메뉴 다 맛있어서 다음엔 스파이시 지미를 먹어볼까 생각중이다. 역삼역 인근에서 정통 아메리칸 샌드위치 맛보고 싶다면 <b>지미존스 역삼역점</b> 꼭 방문해 맛보셨으면 좋겠다. (지미존스가 아시아 최초로... ,La vida es bella,20250321
https://blog.naver.com/nhjpp7/223976116047,역삼역 직장인점심추천 역삼역혼밥 <b>지미존스 역삼역점</b> 내돈내산,간단하게 역삼역 혼밥으로도 추천해요 <b>지미존스 역삼역점</b> 와이파이 비번입니다 지미존스는 미국대표 샌드위치 브랜드라고해요 서브웨이만 먹다 핫한 지미존스가 있어서 비교해보려고 방문했어요ㅎㅎ... ,쥬worldෆ,20250819
https://blog.naver.com/joara127/223804976407,<b>역삼역 점</b>심 맛집 <b>지미존스</b> 정통 아메리칸 샌드위치 추천,"강남역점, 광화문점에 이어 이번에 역삼역에 3호점을 오픈했다고 해요! 이제 역삼역 점심 맛집으로 지미존스의 맛을 느낄 수 있다니 샌드위치 러버인 저 바로 달려가봅니다 <b>지미존스 역삼역점</b> 지미존스 주소... ",아라가는이야기,20250321
https://blog.naver.com/seoulsal2bbacksae/223802412289,"한국 3번째 매장 <b>지미존스 역삼역점</b>, 샌드위치 웨이팅 후기",강남 역삼 샌드위치 맛집 &quot;<b>지미존스 역삼역점</b>&quot; 안녕하세요! 뚜비또밥입니다 ㅎㅎ 제가 오늘 직장 동료들과 한국에 지미존스 3번째 매장이 역삼역에 오픈을 했다는 소식을 듣고 부리나케 다녀왔는데요!... ,식욕은 없어도 배는 고프니까,20250319
https://blog.naver.com/busymandu/223979543161,[강남역 맛집/역삼역 맛집] <b>지미존스 역삼역점</b> : 샌드위치기는... ,"<b>지미존스 역삼역점</b> 영업시간 월 ~ 금 08:00 ~ 22:00 주말 09:00 ~ 22:00 마지막 주문 21:30 - 빵이 진짜 킥 다른... 보통은 서브웨이에 가서 샌드위치를 먹는 편인데, 어느 날 요 지미존스에 대한 이야기를 듣게 됐다. 함께... ",민첩한 만두의 오래 살이,20250822
https://blog.naver.com/ddurududu/223421090604,[수원 정자동] 중식맛집 &quot;<b>짬뽕관 수원정자점</b>&quot; 방문기,안녕하세요~ 먹탐러 밤양갱이에요  정자동 지킴이로서 동네에 생긴 신상 중식 맛집 &quot;짬뽕관&quot; 을 소개해 드릴게요 :D <b>짬뽕관 수원정자점</b> 수원시 장안구 장안로53번길 3 1층 101호 T. 0507-1429-0898 영업시간 짬뽕관... ,맛있는거 먹으러 여행갈래?,20240419
https://blog.naver.com/eos2205/223421038271,수원 정자동 중국집 24시 밥집 <b>짬뽕관 수원정자점</b>,"오늘은 정자사거리에 새로 오픈한 수원 24시 중국집 <b>짬뽕관수원정자점</b> 다녀왔어요 수원 정자동 중국집 짬뽕관 운영시간 월-목 10:30 ~ 23:00 금-일 10:30 ~ 21:30 매주 수요일 정기휴무일 배달, 포장, 예약... ",득템연구소,20240419
https://blog.naver.com/hi-seo/223417019687,<b>짬뽕관 수원정자점</b> :: 영화동해장 / 수원짬뽕전문점,"<b>짬뽕관 수원정자점</b> ☎️ 0507-1429-0898 ⏰ 월,화,목 10:30 - 23:00 금,토,일 10:30 - 21:30 (매주 수 정기휴무)  단체... 깔끔한 인테리어가 돋보이는 짬뽕관 내부에는 4인석 테이블이 6개 정도 배치되어 있고 내부가 꽤... ",hiseo blog,20240416
https://blog.naver.com/axv231/223420301376,[수원 영화동] <b>짬뽕관 수원정자점</b>: 정자사거리에 위치한 짬뽕맛집,"짬뽕관” 큰도로변에 있어서 찾기도 좋고, 주차도 가능한곳!! 24시 오픈이라고 써있는데 정자점은... 수원정자사거리에서 맛있는 #중식맛집을 찾으신다면 #<b>짬뽕관수원정자점</b> 추천드려요!! 이 글은 리뷰노트를... ",졍블로그,20240419
https://blog.naver.com/bonitadasom94/223483365670,수원 정자동 맵기 조절까지 가능한 <b>짬뽕관 수원정자점</b>,위치 &amp; 정보 상호: <b>짬뽕관 수원정자점</b> 위치: 경기도 수원시 장안구 장안로53번길 3 1층 101호 전화번호: 0507-1429-0898 영업시간 11:00 ~ 23:00 매주 수요일 정기휴무 <b>짬뽕관 수원정자점</b> 안녕하세요 치즈입니다. 오늘은... ,살찐치즈 일상리뷰어 Blog,20240618
https://blog.naver.com/wjdwpdud1234/223539724020,수원맛집 매운짬뽕맛집 <b>짬뽕관 수원정자점</b> 배달리뷰,<b>짬뽕관 수원정자점</b> 경기도 수원시 장안구 장안로53번길 3 1층 수 정기휴무 월 ~ 금 11:00 - 22:00 토 ~ 일... 파는 짬뽕관에서 주문하기로 결정! 매운맛은 1단계로 주문함~ 탕수육 세트로 주문! 그리고 배달도... ,review,20240807
https://blog.naver.com/happydaily94/223473754130,[<b>짬뽕관 수원정자점</b>] 수원 영화동 짬뽕 맛집 / 깨끗한 매장에서... ,<b>짬뽕관 수원정자점</b> 수원 영화동 매운짬뽕 맛집 (맵기조절 가능) 매주 수요일 정기휴무 매일... #짬뽕맛집 #수원짬뽕 #수원짬뽕관 #짬뽕관 #짬뽕관정자점 #영화동짬뽕 #짬뽕 #해물쟁반짜장 #탕수육 #리뷰이벤트... ,행복한 맛집기록ing_,20240609
https://blog.naver.com/hjhj9602_/223615408062,"수원 | &quot;<b>짬뽕관 수원정자점</b>&quot;,내돈내산",맨날 #배달 시켜먹는 #배달맛집 <b>짬뽕관</b>! #매장식사 더 맛있을꺼 같아서 맘 먹고 방문해봤어요! #짬뽕 #짜장 #중국집 #중식맛집 #영화동_맛집 #영화동_식당 #영화동 #로컬맛집 #<b>수원</b>맛집 #중식맛집 #중국음식맛집... ,혲니기록,20241011
https://blog.naver.com/ov__sol/223647971827,"영화동, 맵기조절 가능한 짬뽕 잘하는집 “<b>짬뽕관</b>” <b>수원정자점</b>",&quot;<b>짬뽕관 수원정자점</b> &quot; 위치 : 수원시 장안구 장안로 53번길 3 ☎️번호 : 0507-1429-0898 ⏰영업시간 : 11:00~21... 짬뽕관 인계점 에서 맛있게 먹은 기억이 있어서 오늘은 친구집 근처 “수원정자점 짬뽕관” 을... ,예도리님의 블로그,20241105
https://blog.naver.com/jieun_1127/223391806347,수원 맛있는 중국집 '<b>짬뽕관</b>' <b>수원정자점</b>,먹으러갔던 짬뽕관 집에서 가까운 거리에 생겨서 너무 좋음❤️❤️ 수원시 장안구 장안로 53번길 3 1층... 먹었던 <b>짬뽕관 수원정자점</b> <b>짬뽕관 수원정자점</b> 리뷰 이벤트 중! - 인스타그램 포토 리뷰 - 네이버 영수증... ,햅삐 햅삐 햅삐이,20240322
https://blog.naver.com/hlynooo/223409824288,수원맛집 수원중국집 <b>짬뽕관 수원정자점</b>,벚꽃구경 갔다가 근처 수원중국집 검색해서 <b>짬뽕관수원정자점</b>을 방문했어요!! 건물 뒷편에 주차장이... 참고하셔도 좋을거 같아요! #짬뽕관 #<b>짬뽕관수원정자점</b> #정자동맛집 #정자동짬뽕 #정자동짬뽕맛집,경기도민 찐리뷰♡,20240409
https://blog.naver.com/atmyplace/223363737671,정자동중국집 <b>짬뽕관 수원정자점</b>! 탕수육이 맛있는 곳!,다양한 짬뽕이 맛있고 푸짐한 곳 <b>짬뽕관 수원정자점</b> 어렸을 때부터 집에서 배달을 해서 먹고 매장에... 본 업체에서 서비스를 제공받아 솔직하게 작성된 글입니다. #정자동짬뽕 #정자동중국집 #수원짬뽕 #짬뽕관,AT MY PLACE,20240224
https://blog.naver.com/han24410041/223409138173,수원중국집 정자동 해장짬뽕맛집&lt;<b>짬뽕관 수원정자점</b>&gt;,수원중국집 정자동 해장짬뽕맛집&lt;<b>짬뽕관 수원정자점</b>&gt; <b>짬뽕관 수원정자점</b> 경기 수원시 장안구 장안로53번길 3 1층 101호 매일 10:30-21:30 매주 수요일 휴무 주차가능 ☎0507-1429-0898 안녕하세요~! 백수로써 맞는 첫... ,고냥이 집사의 일상,20240408
https://blog.naver.com/dltjsal529/223409621957,수원 영화동 점심추천. 수원정자동 중식맛집. <b>짬뽕관 수원정자점</b>.,#수원맛집 #수원정자동맛집 #수원영화동맛집 #수원중국집 #수원중국요리 #짬뽕관 #<b>짬뽕관수원정자점</b> #수원짬뽕맛집 #수원중식당추천 #수원영화동점심추천 #수원해물쟁반짜장 #수원짜장면맛집,맛있는거 먹어야지.,20240408
https://blog.naver.com/heeyeol/223390527195,불맛이 살아있는 얼큰한 짬뽕맛집 &quot;<b>짬뽕관 수원정자점</b>&quot;,탕수육맛집 &quot;<b>짬뽕관 수원정자점</b>&quot; 입니다 주소 수원시 장안구 장안로53번길 3 1층 101호 &quot;짬뽕관... 역쉬 짬뽕관답게 짬뽕종류가 상당하네요~~ 식사뿐만아니라 요리류도 다양하게 준비되어 있어요^^ 저희는 짬뽕... ,항상오늘처럼,20240321
https://blog.naver.com/mimddo/223376799581,짬뽕 맛집 <b>짬뽕관 수원정자점</b>/쫀득한 탕수육과 차돌 짬뽕,<b>짬뽕관 수원정자점</b> 매일 10:00 - 22:00 (라스트 오더 21:30) 주차는 매장 뒤편 3대 가능/방문 전 문의 최근에 많이 보이던 프랜차이즈인데 이제야 방문해 보네요..!! 상호처럼 짬뽕에 진심인 짬뽕관이네욧. 해물짬뽕... ,소소한 밈또 기록장,20240308
https://blog.naver.com/talchul0410/223427672853,수원시 장안구 영화동 맛집 <b>짬뽕관 수원정자점</b>... ,이름 : <b>짬뽕관 수원정자점</b> 도로명 주소 : 경기 수원시 장안구 장안로53번길 3 1층 101호... 짬뽕관입니다. * 매주 수요일은 정기휴무일입니다 * 주차공간을 보유중입니다:) 편하게 방문해주시면... ,이 중에 고르세요!,20240426
https://blog.naver.com/axv231/223353067886,[수원 정자동] <b>짬뽕관 수원정자점</b>: 정자동 중국집 / 짬뽕맛집,주문하는 <b>짬뽕관수원정자점</b> #짬뽕관메뉴 보기편하시도록 네이버에서 메뉴판을 가지고왔어요!... 온 <b>짬뽕관수원정자점</b> 저희동네에 맛있는 중식집이 생겨서 너무 좋더라구요!!! 수원정자동에서 맛있는 중식집... ,졍블로그,20240214
https://blog.naver.com/yichanju/223364133831,[수원 정자동] 수원 정자동 중식 맛집 '<b>짬뽕관 수원정자점</b>' 불맛... ,#짬뽕관 #<b>짬뽕관수원정자점</b> #수원중식 #수원정자동중식 #수원짬뽕 #수원짬뽕맛집 #수원정자동짬뽕 #수원정자동짬뽕맛집 #수원중식배달 #수원정자동중식배달 #수원정자동혼밥 #수원정자동중국집,@daily_juicy,20240224
https://blog.naver.com/yelovesh/223391220379,정자동맛집 <b>짬뽕관 수원정자점</b> 진한 짬뽕맛이 일품인 곳,정자동맛집 <b>짬뽕관 수원정자점</b>에 다녀왔어요 짬뽕관으로 바뀌기 전 ㅊㅇㅋ 시절에도 종종 방문했던... 멘보샤도 궁금 ㅎㅎ 수원 정자동 해장용으로 딱인 짬뽕 맛집 찾고있다면 <b>짬뽕관 수원정자점</b>에 꼭... ,오렌지색 터널,20240321
https://blog.naver.com/s_eni/224228708204,동탄역 술집 소주 땡기는 꼼장어 맛집 - <b>쭈돼집 동탄본점</b>... ,"<b>쭈돼집 동탄본점</b> 메뉴판 동탄 꼼장어 맛집인 쭈돼집 메뉴판입니다! 꼼장어, 쭈꾸미, 무뼈닭발 등등 숯불구이와 철판요리가 인기가 많았어요 :) 저희는 3명이서 벌써 2차로 방문한터라 많이 주문하진 못하고... ",우당탕탕 망나으니,20260325
https://blog.naver.com/bbomshin/224249872796,<b>동탄</b>역 쭈꾸미 맛집 '<b>쭈돼집</b>' 쭈꾸미 삼겹살 SRT 모임 추천,추천 동탄역 인근에 위치한 쭈꾸미와 삼겹살 조합의 <b>쭈돼집 동탄본점</b> 동탄역 먹자골목에 위치한... 근처 식당을 찾는다면 방문하기 만만한 쭈삼집 #동탄역쭈돼집 #쭈돼집 #쭈돼집본점 #동탄역술집 #동탄역맛집,즉흥적인 일상♡,20260413
https://blog.naver.com/jeri0611/223941153977,"오산동쭈꾸미 맛집 <b>쭈돼집 동탄본점</b> 숯불쭈꾸미, 소금꼼장어... ","예랑이랑 동탄에서 유명하다는 오산동쭈꾸미 맛집 ‘<b>쭈돼집 동탄본점</b>’에 다녀왔어요. 쭈꾸미... 위치 &amp; 분위기 쭈돼집 위치는 동화성세무서 건물 1층, 도로변에 있어서 찾기는 쉬웠어요. 우리은행 밑에 있으니... ",쩨리와 또미의 일상,20250721
https://blog.naver.com/dangbee07/224029946739,화성 쭈꾸미 맛집 매콤한 게 땡기면 <b>쭈돼집 동탄본점</b>,맛집 <b>쭈돼집 동탄본점</b>은 동탄역 근처 동화성 세무서 건물 1층에 위치하고 있어요 주차장은 건물... 쭈꾸미 생각나거나 매운 거 생각나면 또 방문할 것 같아요 ㅎㅎ #동탄맛집 #동탄쭈꾸미 #화성쭈꾸미 #쭈돼집... ,골프치는 물리치료사 ⛳️,20251002
https://blog.naver.com/happ_y_hee/224084996109,<b>쭈돼집 동탄본점</b>/화성동탄쭈꾸미,안녕하세요 여러분 오늘 소개해 드릴 곳은 <b>쭈돼집 동탄본점</b>입니다 ㅎㅎ 저녁을 먹기 위해 오후 5시쯤... 철판쭈꾸미로 먹어보고싶네여 :) #동탄역화성리베라CC #화성동탄쭈꾸미 #동탄역맛집추천 #서이추환영,GO AND EAT,20251123
https://blog.naver.com/kih960710/224132629994,"만족하신 석쇠 숯불 쭈꾸미 &amp; 생꼼장어 맛집, '<b>쭈돼집 동탄본점</b>'",주소 도로명 : 경기 화성시 <b>동탄</b>오산로 86-3 103호 지번 : 경기 화성시 오산동 969-1 동화성 세무서 건물이어서 찾기 쉽습니다! 테이블은 12개 정도 있었던 것 같아요! &lt;'<b>쭈돼집</b>' 메뉴&gt; 철판쭈꾸미는 기본쭈꾸미... ,Aris's blog,20260103
https://blog.naver.com/dneltksdl/224000415943,동탄역 맛집 추천 오산동 <b>쭈돼집 동탄본점</b> 마무리 볶음밥이 킥,매콤하고 부드러운 쭈꾸미 생각나 특히 쭈꾸미+삼겹살 조합을 좋아하쥬 그럴땐 동탄역 맛집 추천 #쭈돼집 오산동 쭈삼 맛집 으로 추천하고픈 #<b>쭈돼집동탄본점</b> 영업시간은? 평일 11:00 - 24:00 토요일 15:00 - 22:30... ,오늘 뭐하지?,20250908
https://blog.naver.com/youjj93/224056437846,<b>쭈돼집동탄본점</b> 중독되는 매운맛 탐방❤️,"ㅎㅎ <b>쭈돼집 동탄본점</b>은 동탄쭈꾸미 중에서도 음식의 밸런스가 잘 잡혀 있고, 매운맛이 단순히 자극적이기보다는 풍미가 살아있는 곳이었어요! 깔끔한 매장 분위기와 친절한 응대 덕분에 전반적으로 만족스러운... ",융이쓰럽고 일상 블로그,20251028
https://blog.naver.com/kangeun369/224078302796,[동탄맛집 <b>쭈돼집 동탄본점</b>] 요즘 내가 제일 자신 있게 추천하는... ,"그래서 친구랑 “동탄 쪽에 매콤하고 맛있는 데 없을까?” 이야기하다가 자연스럽게 <b>쭈돼집 동탄본점</b> 얘기가 나왔어요. 최근에 동탄맛집 찾으면 많이 나오기도 하고, 친구도 갔다 왔는데 괜찮았다고 하길래... ",kangeun369님의블로그,20251117
https://blog.naver.com/bellayuyoung/223960875742,동탄쭈꾸미 맛집 <b>쭈돼집 동탄본점</b> 철판 쭈꾸미 삼겹,<b>쭈돼집 동탄본점</b> 동탄쭈꾸미 맛집 철판 쭈꾸미 삼겹 안녕하세요 Bella유앵이에요 오늘은 동탄쭈꾸미 맛집 <b>쭈돼집 동탄본점</b> 소개하여 드릴게요 오랜만에 쭈꾸미 좋아좋아 ㅎㅎ 그럼 시작할게욤 [동탄쭈꾸미... ,Bella유앵's Record♡,20250806
https://blog.naver.com/daily_fit/223973301848,불향가득 쭈꾸미와 꼼장어 화성 쭈꾸미 맛집 <b>쭈돼집 동탄본점</b>,"오늘은 오랜만에 매콤한 쭈꾸미요리가 생각나서 동탄역 롯데백화점 근처에 있는 철판&amp;숯불구이 전문점인 <b>쭈돼집 동탄본점</b>에 다녀왔습니다. 쭈돼집은 쭈꾸미 뿐만 아니라 꼼장어, 껍데기, 닭발 등 다양한... ",요이의 소소한이야기,20250817
https://blog.naver.com/charming_wd/224102883116,<b>동탄</b>역 화성 리베라 CC맛집 <b>쭈돼집</b> 화성 <b>동탄</b> 쭈꾸미 숯불구이... ,화성 동탄 쭈꾸미 맛있는 동탄역술집 동탄역맛집 <b>쭈돼집 동탄본점</b> 추천해요 동화성세무서 건물에... CC맛집 쭈돼집 매장 내부 동탄역포차 동탄역맛집 추천 쭈돼집 매장 내부는 포차 느낌으로 깔끔하게... ,♥매력쟤 드레스룸♥,20251208
https://blog.naver.com/lucky7_travel/224034213482,동탄역 맛집 쭈꾸미 숯불구이 맛집 <b>쭈돼집 동탄본점</b> 주말... ,있어요 동탄 쭈꾸미 맛집 쭈돼집 바로 소개해드릴게요! &quot;<b>쭈돼집 동탄본점</b>&quot; 주소 : 경기 화성시 동탄오산로 86-3 103호 ⏰️영업시간 : 11:00-24:00 공휴일/토요일 15:00-23:00 매주 일요일 휴무 ☎️전화번호 : 0507... ,즐거운 일상 여행,20251007
https://blog.naver.com/prusell/224061489058,동탄역맛집 텐션올라가는... 쫄깃쫄깃쭈꾸미 <b>쭈돼집 동탄본점</b>,"쭈돼지 통탄본점은 불향 가득한 쭈꾸미의 매콤달콤한 양념, 탱글한 식감, 푸짐한 양 그리고 친절한... 한 끼 하실 분들께 자신 있게 추천드려요. 진짜 동탄역맛집 찾으시면 <b>쭈돼집 동탄본점</b> 꼭 한 번 들러보세요.","오손도손, 삼삼오오 빠져드는 이야기",20251102
https://blog.naver.com/rlawlgus0508/223990224828,[동탄] <b>쭈돼집 동탄본점</b> : 단체모임 장소로 핫한 동탄역쭈꾸미맛집,정기휴무 <b>쭈돼집 동탄본점</b>은 동탄역 근처에 위치해서 대중교통으로 방문하기 정말 편리하더라고요 물론 동화성세무서랑 같은 건물이라 주차도 엄청 편했어요 내부 쭈돼집에 들어선 순간 오픈한지 얼마... ,이음로그,20250831
https://blog.naver.com/free_jhp/223941356609,동탄역맛집 동탄맛집 <b>쭈돼집 동탄본점</b> 쭈꾸미삼겹살... ,쭈꾸미삼겹맛집 쭈돼집입니다. 제가 거의 오후 6시30분쯤 도착했는데 이미 모든 테이블이 꽉 차있었습니다. 그래서 예약을 했지요. 대기번호는 2번째. 동탄역맛집 동탄맛집 <b>쭈돼집 동탄본점</b> 의... ,럭키팍의 맛집연구소,20250721
https://blog.naver.com/wjsgpdms93/224058334426,오늘의 맛집 소개 동탄역 <b>쭈돼집 동탄 본점</b>에서 푸짐한... ,오늘은 동탄에 위치한 <b>쭈돼집 동탄 본점</b>에 다녀온 후기를 남겨보려고 해요. 이곳은 이미 많은... 넓고 쾌적한 쭈돼집! 동탄역 회식 장소로 쭈돼집을 많이 찾아주시는 데는 다 이유가 있었습니다. 넓고 쾌적한... ,그 어떤것도 꾸준함을 이길수 없다,20251030
https://blog.naver.com/jina__02/224010198001,화성 쭈꾸미 맛집 찾는다면? 동탄역 맛집 추천 <b>쭈돼집 동탄본점</b>,있는 동탄역 맛집을 소개해 드리려고 해요! <b>쭈돼집 동탄본점</b> 위치 ⏰월~금 11:00~24:00 토 15:00~22:30 (일요일... 분들이 동탄역 맛집 추천 목록에 쭈돼집을 올리는 이유를 알겠더라고요. 메뉴 이곳의 매력은 다양한... ,지나간 하루 일기,20250916
https://blog.naver.com/hyang6698/223990814632,[동탄] <b>쭈돼집 동탄본점</b>_동탄역 숯불구이&amp;철판요리 쭈꾸미... ,숯불꼼장어가 생각나는날 숯불구이 철판요리 맛집 발견 “<b>쭈돼집 동탄본점</b>” ⏰영업시간 월-금 11:00... 찾아왔습니다 쭈돼집 철판요리와 숯불구이 맛집이래요 동탄역에서 2분거리에 위치해있는데 진짜 매일... ,MY Life is,20250901
https://blog.naver.com/jandyinhyung/223975062355,화성 동탄 쭈꾸미 맛집 숯불구이 <b>쭈돼집 동탄본점</b>,안녕하세요 ^^* 오늘은 화성 오산동 동탄역에 있는 숯불구이 쭈꾸미맛집 <b>쭈돼집 동탄본점</b>을 소개해... 매콤함은 달달한 맛으로 잡아 줘야죠~~ 그리고 동탄 맛집 쭈돼집은 숯불구이전문점이라 옷에... ,잔디인형,20250819
https://blog.naver.com/bluesky0518/223969218936,동탄 쌀국수 맛집 <b>창앤호아마이</b> 왕갈비 창스페셜 추천,동탄 쌀국수 맛집 <b>창앤호아마이</b> 창 스페셜 추천 글/사진 /영상 @현 방학 중인 고사미. 기운 빠지지 않고... <b>창앤호아마이</b> 영업시간 매일 10:30~21:00 브레이크 타임도 따로 없고 휴무도 없어서 언제 어느 때고 편하게... ,햇살을 닮은 아이,20250813
https://blog.naver.com/elice3004/224118379444,동탄 쌀국수 원탑 점심 맛집으로 유명한 <b>창앤호아마이</b> 방문 후기,가능 <b>창앤호아마이</b>는 주차가 참 편했습니다. 바로 주차하고 입장 가능한 동탄에 몇 안되는 주차 편리한 점심맛집이예요!! 외부는 창이라고 적혀있습니다. 그리고 호아마이는 베트남어로 노란 매화꽃이라는... ,"똥꼬발랄 삼남매맘의 맛집, 놀집, 궁금한집",20251223
https://blog.naver.com/1001siyeon/223984087392,"맛집, 여기가 찐이다! 왕갈비 듬뿍 푸짐한 한 그릇, <b>창앤호아마이</b>","왕갈비 듬뿍 푸짐한 한 그릇, <b>창앤호아마이</b> 안녕하세요. 리뷰하는 삼남매맘입니다! 평일 점심시간... 사실 맛집을 가도 주차가 불편하면 재방문이 망설여지는데, 창호앤아마이는 그런 불편이 전혀 없어서... ",리뷰하는 삼남매맘,20250826
https://blog.naver.com/bisoli2/224273419005,동탄 쌀국수 맛집 줄서는 능동 <b>창앤호아마이</b>,비 오는 날 따뜻한 국물이 있는 쌀국수가 먹고 싶어 동탄 쌀국수 맛집이라는 <b>창앤호아마이</b>에... 동탄 쌀국수 맛집 능동 <b>창앤호아마이</b> 점심시간에는 대기가 있을 정도로 능동 동탄 쌀국수 맛집으로 유명한... ,"냠냠, Yum-yummy!",20260504
https://blog.naver.com/tjsaud8922/224273754158,가족 모임 장소로도 좋은 동탄 쌀국수 맛집_<b>창앤호아마이</b>,있는 '<b>창앤호아마이</b>'라는 식당을 발견했다 이번 주 화요일에 엄마랑 애플이랑 같이 다녀온 따끈따끈한 후기 시작 매일 10:30 - 21:00 동탄 쌀국수 맛집 '<b>창앤호아마이</b>'는 가게 건물 앞에 주차장이 있어서 어렵지 않게... ,소소한 일상 공유방 :D,20260503
https://blog.naver.com/dbgn236/224058590015,동탄 왕갈비 쌀국수 <b>창앤호아마이</b> 가족모임으로도 좋았던 맛집,"동탄 왕갈비 쌀국수 맛집으로 유명한 <b>창앤호아마이</b> 다녀왔어요~! <b>창앤호아마이</b>는 제가 예전에 한번 방문했었던 곳인데, 맛있는 집인 걸 알아서 또 재방문했어요 ㅋㅋㅋ 요즘 날씨가 급격히 추워져서 뜨끈한... ",여기저기 탐방하는 블로그,20251030
https://blog.naver.com/allisa_kim/224202114175,동탄 쌀국수 맛집 능동 태국음식점 <b>창앤호아마이</b>,맛집 <b>창앤호아마이</b> 에 점심을 먹으러 신랑이랑 다녀왔습니다 동탄 쌀국수 맛집 <b>창앤호아마이</b> 는 가게 앞에 주차 공간이 넉넉하게 있어서 차를 가지고 오기 편하고 좋았네요 주차 공간이 넓어서 모임장소로도... ,우리들의 행복한 시간,20260303
https://blog.naver.com/blueredya/224137030854,동탄 쌀국수 맛집 능동 <b>창앤호아마이</b> 찐 베트남음식 전문점... ,동탄 쌀국수 맛집 <b>창앤호아마이</b>입니다:) 동탄 쌀국수 맛집 <b>창앤호아마이</b> 영업정보 동탄 능동 쌀국수 맛집 <b>창앤호아마이</b> ⏰ 영업시간: 10: 30 - 21:00  위치: 경기 화성시 여울로 138 ️ 주차: 매장 앞 전용 주차장... ,유쾌한 나다 소소한 일상:D,20260107
https://blog.naver.com/biyak/224089167335,동탄 쌀국수 맛집 가족모임 하기 좋은 <b>창앤호아마이</b>,동탄 쌀국수 맛집 가족모임 하기 좋은 <b>창앤호아마이</b>에 다녀왔어요. 남편과 저녁식사를 하러 갔는데... 동탄 쌀국수 맛집 <b>창앤호아마이</b> 외관은 창&amp; 그리고 위쪽에 HOAMAI가 따로 떨어져 새겨져있는게 특이하면서도... ,"사랑하고, 또 사랑받고",20251126
https://blog.naver.com/trak89/224129646603,"동탄 능동 맛집, <b>창앤호아마이</b> (동탄 쌀국수 맛집)","<b>창앤호아마이</b>예요 <b>창앤호아마이</b>, 무슨뜻일까 궁금해서 찾아봤는데요 창 = 코끼리, 호아마이는 즐거운 &amp; 행복이란 뜻을 가진 단어로 직역하면 행복한 코끼리네요 ㅎㅎ 이름이 독특하고 뜻도 귀여워서 오래... ",비터스윗의 달콤쌉싸름한 소비 일기 ♡,20251231
https://blog.naver.com/niar_/224253873969,가성비 넘치는 가족모임 추천 베트남 태국 음식점 <b>창앤호아마이</b>,"오늘 소개해 드릴 곳은 동탄 쌀국수 맛집으로 잘 알려진 <b>창앤호아마이</b>입니다. 이곳은 매장 바로 앞에... &lt; 갈비 쌀국수 &gt; <b>창앤호아마이</b>의 시그니처 메뉴로, 커다란 갈빗대가 통째로 들어가 있어 압도적인... ",보스의 디지털 톡톡,20260416
https://blog.naver.com/xoxo_yeony/223948523559,쌀국수ㅣ N 회차 재방문한 왕갈비 쌀국수 맛집. <b>창앤호아마이</b>,하시면 한 번쯤 방문해 보셨을 듯한 동탄 쌀국수 맛집 #<b>창앤호아마이</b> (이름이 어려워서 아직도... 동탄 쌀국수 맛집 <b>창앤호아마이</b>는 지역화폐 사용 가능 매장입니다! 매장 내부 매장은 약간의 동남아스러운... ,Life is a gift. I don't intend on wasting it.,20250730
https://blog.naver.com/bluesky0518/223553326273,동탄 센트럴파크 쌀국수 맛집 <b>창앤호아마이</b> 점심,동탄 센트럴파크 쌀국수 맛집 <b>창앤호아마이</b> 글/사진 /영상 @현 본디 내가 쌀국수를 즐기는 편이... <b>창앤호아마이</b> 영업시간 매일 10:30~21:00 나한테 이곳을 소개해 주신 분이 자신 있게 말씀하시더라고. 동탄 No.1... ,햇살을 닮은 아이,20240819
https://blog.naver.com/50mmcap/224017914348,동탄 쌀국수 맛집 가족식사 <b>창앤호아마이</b>,"<b>창앤호아마이</b> 솔솔 부는 가을바람이 참 시원하게 느껴지는 요즘입니다. 절로 국물요리가 생각나는데요. 동탄 쌀국수 맛집에서 태국, 베트남 음식을 맛보았어요. 가족식사 장소로 안성맞춤이었던 <b>창앤호아마이</b>라... ",나의 창으로 바라본 세상,20250925
https://blog.naver.com/jettylee/224049533364,동탄 쌀국수 맛집 <b>창앤호아마이</b> 능동 점심 메뉴로 강추,<b>창앤호아마이</b> 사진/글 분홍나무 <b>창앤호아마이</b> 주소: 경기 화성시 여울로 138 ⏰️ 영업시간: 매일 10:30-21:00  주차: 매장 앞 넓은 주차장 ✔️ 예약가능 갑자기 날씨가 쌀쌀해지면서 따끈한 국물요리가 막 땡기는... ,분홍나무의 지극히 개인적인 취향,20251022
https://blog.naver.com/i_lovedjluke/224156543297,동탄 점심 맛집 [<b>창앤호아마이</b>] 현지맛과 똑같은 태국음식점... ,태국음식을 찐으로 잘하는 동탄 점심 맛집 <b>창앤호아마이</b> 다녀왔어요 :) 단독건물에 전용주차장도... 맛집 <b>창앤호아마이</b>에서 쏨땀 한입 먹는순간 여기가 태국이고 여기가 방콕이에요ㅠㅠㅠ 순간 태국에 온줄... ,Coffee is Life,20260123
https://blog.naver.com/dongminn522/224075525006,동탄 가족모임 식당 <b>창앤호아마이</b> 쌀국수 N번째 또간집,"오늘 소개할 곳은 나만의 또간집 “<b>창앤호아마이</b>” 몇년 전 첫 방문 때 반해버려서 그 이후로 태국... 7,000 <b>창앤호아마이</b> 쌀국수부터 팟타이 등 모든 요리가 전부 맛있는 곳이다보니 방문할 때마다 뭘... ",끌리는 곳이라면 어디든 ღ,20251114
https://blog.naver.com/inoinoll/223971331023,"동탄 능동 베트남 요리 찐맛집 <b>창앤호아마이</b>, 쌀국수·팟타이... ","동탄 능동 베트남 요리 맛집 <b>창앤호아마이</b> 방문 후기입니다. 쌀국수, 팟타이, 분짜, 세트모듬까지... 창앤호안마이에서 여름 한정 메뉴로 나온 분짜는 상큼한 채소, 쫄깃한 면, 그리고 노릇하게 구운 고기를... ",모두 다 살아가는 이야기,20250815
https://blog.naver.com/songhee2107/223951375424,동탄 쌀국수 맛집 동탄에서 느끼는 동남아 <b>창앤호아마이</b>,동탄 쌀국수 맛집 <b>창앤호아마이</b> 입니다. 제가 자주 가는 <b>창앤호아마이</b> 이번에 좋은 기회로 홍보할수... 그래도 창앤호아미아 앞만 지나가면 진한 쌀국수 육수 향에 이끌려 또 먹고 싶어지는 그런 마법.. 육수 향이... ,Made by song,20250729
https://blog.naver.com/coygpwjd/224216519883,동탄 가족식사 웨이팅 왕갈비 쌀국수 맛집 <b>창앤호아마이</b>,<b>창앤호아마이</b> 주소 : 경기 화성시 병점구 여울로 138 연락처 : 0507-1392-0990 영업시간 : 매일 10:30 - 21:00... 맛집 <b>창앤호아마이</b>에 방문했습니다! 오는 길 단독 건물을 사용하고 있어서 쉽게 찾아올 수 있었고 주말의... ,혼자서도 잘 다녀요,20260314
https://blog.naver.com/sagak815/224274235998,서울 압구정 맛집 <b>초원 도산대로점</b>/24시간 영업하는 한우 전문... ,매장 정보 ✔ 상호.. <b>초원 도산대로점</b> ✔ 주소.. 서울특별시 강남구 도산대로 232 A동 1층 ✔ 전화번호.. 0507 1362 5949 ✔ 영업시간.. 24시간 영업(연중무휴) ✔ 주차.. 발레파킹 #서울압구정맛집 #초원 #<b>초원도산대로점</b>,사각사마는 뭘 먹고 사나,20260506
https://blog.naver.com/mike8283/224269000330,한우 양념소금갈비 점심 특선 핫플 고기집 '<b>초원 도산대로점</b>',"고기집 '<b>초원 도산대로점</b>'의 외관입니다. 도산공원 사거리 근처에 위치해있으며 압구정역 3번출구에서... 구이류, 별미, 곁들임, 후식류 일품요리, 식사류, 주류 및 음료 메뉴 초원 점심 특선 (오전11시~오후4시... ",곰돌이의 Lifestyle 블로그,20260430
https://blog.naver.com/mardukas/224073726964,"[<b>초원 도산대로점</b>] 논현동 - 가성비 만점의 점심메뉴, 갈비정식","제가 요새 (아 물론 한국에서) 가장 많이 가는 식당을 꼽으라면 아마 <b>초원</b> 강남점/<b>도산대로점</b>일 것 같습니다. 아침에 해장을 하러 방문하기도 하고, 점심때 직원들하고 식사를 하거나 미팅이 있으면... ","먹자, 마시자, 놀러 다니자",20251113
https://blog.naver.com/ksherbet/224244497167,강남 논현동 한우 맛집 <b>초원 도산대로점</b> 우설 슬라이스 솔직 후기,강남 논현동 한우 맛집 <b>초원 도산대로점</b> 우설 슬라이스 솔직 후기 강남 논현동 한우 맛집 초원... 저도 재방문 예약입니당 #도산공원사거리맛집 #논현동맛집 #강남한우맛집 #초원도산대로 #한우맛집 #우설맛집... ,아는만큼 맛있는 건행 라이프,20260407
https://blog.naver.com/ecko0718/224167987307,압구정 <b>초원 도산대로점</b> - 24시간 영업 소고기,압구정 소고기 <b>초원 도산대로점</b> 잘되는 이유가 있는 집 방문 포인트 독특한 모양의 주물럭 통/슬라이스... 절대로 가성비 고깃집은 아닙니다 위치 및 주차 도산대로 대로변에 자리잡은 24시간 소고기집 초원... ,고변호사의 은밀한 미식 일지,20260202
https://blog.naver.com/rkarbfl/224167491901,"전참시 황재균 소고기집, <b>초원 도산대로점</b> 한우전문점 은퇴... ",동료들과 함께한 이날의 장소는 서울 강남구 도산대로 232에 위치한 <b>초원 도산대로점</b> 한우전문점이었는데요. 방송 화면 속 따뜻한 분위기와 정성스러운 음식들이 인상적이었습니다. 특히 은퇴라는 인생의 큰... ,Dyana's English,20260201
https://blog.naver.com/blue85888/224221481710,<b>초원 도산대로점</b> / 맛과 가성비 모두 잡은 양념소금갈비 점심특선,"<b>초원 도산대로점</b>. 주차는 가게 앞 발렛(5천 원) 지난번에는 저녁이라 못 봤는 것 같은데요... 점심으로... 초원의 단품 고기와 식사 메뉴... 양념 소금 갈비 점심특선을 주문하니, 기본 찬이 한상 깔리는데... 요즘... ",스시홀릭의 맛있는 여행,20260319
https://blog.naver.com/comiham/223961180815,<b>초원 도산대로점</b> :: 남영동 초원 분점 내돈내산 맛있게 먹고... ,네이버 <b>초원 도산대로점</b> 메뉴 메뉴가 생각보다 간단해요! 그리고 초원은 투뿔 한우만 사용한다고 하시더라구요 근데 그런거치고 + 위치도 도산대로인점 고려했을 때 가격이 비싼편은 아닌것 같았어요 먼저 시킨... ,적일많벌 많벌많쓰,20250806
https://blog.naver.com/with_ji_/224244179800,강남 압구정 소고기 맛집 모임 하기 좋은 <b>초원 도산대로점</b>,"외관 회식을 위해 방문했는데 너무 맛있게 잘 먹고 와서 소개 드려요 24시간 영업하는 <b>초원 도산대로점</b>... 더플레이스 초원 주메뉴인 주물럭은 등심, 눈꽃살치주물럭, 부챗살주물럭이 있고 갈비메뉴로는... ",지붕이의 탐방기,20260407
https://blog.naver.com/kizaki56/223876766265,압구정 도산공원 맛집 추천 <b>초원 도산대로점</b> 우설 24시 룸식당,다양한 모임 있을때 방문하시면 좋을 것 같아요. #초원 #<b>초원도산대로점</b> #압구정맛집 #도산공원맛집 #도산공원맛집추천 #압구정도산공원맛집 #압구정24시 #압구정룸식당,몽몽의 먹어야 사는 블로그,20250525
https://blog.naver.com/phy1017/223877594787,압구정 <b>초원 도산대로점</b> - 24시 한우 판타지아,남영동 초원이 도산대로 도로변에 있는 (구)봉산집 자리에 오픈했습니다 남영동 초원과 달라진 점이... (9000원) <b>초원 도산대로점</b>에 몇번 들르면서 느낀점을 나열하며 마무리하겠습니다 1.강남의 발렛되는 24시... ,후후의 식도락,20250526
https://blog.naver.com/dragonsky_1009/224256278370,도산공원사거리맛집 <b>초원 도산대로점</b> 24시간,"#<b>초원 도산대로점</b> 주 소 : 서울시 강남구 도산대로 232, A동 1층 전 화 : 0507-1362-5949 영업시간 : 연중무휴... #초원도산대로 #한우주물럭 #한우등심 #한우갈비 #24시간영업 #24시간고기집... ",드래곤스카이의 싱글라이프,20260417
https://blog.naver.com/j1manpark/224208604276,"추어탕 종로 용금옥, 강남 우설 소금갈비 <b>초원 도산대로점</b> 주차",인근 <b>초원 도산대로점</b> 서울 강남구 도산대로 232 A동 3호선 압구정역 3번 출구에서 10분 정도 걸린다... 원래 초원은 남영동 본점에서 시작된 고기집으로 지금은 웨이팅 없이 맛보기 힘든 맛집으로 자리 잡음... ,그럭저럭 고독한 미식가,20260308
https://blog.naver.com/psdrearl/224208078170,"<b>초원</b>, <b>도산대로점</b>, 한우맛집",입성한 <b>도산대로점</b>입니다. 방으로 들어가 메뉴보고 오더합니다 실내는 깔끔하고 고급진 분위기 중요한 모임으로 오기에도 괜찮은 곳이라 느껴집니다 <b>초원</b>은 좋은 숯을 사용합니다 셋팅 기본찬이 양무침... ,슬기로운 성형생활(Dr.이한얼),20260307
https://blog.naver.com/kdh165/224101395807,[도산대로] 현재 나의 1등 식당 '<b>초원 도산대로점</b>',요즘 가장 자주 찾고 있고 가장 만족도가 높은 식당은 바로 <b>초원 도산대로점</b>입니다. 벌써 5~10번 정도... 최고의 우설 초원에 오시면 우설은 꼭 드셔보세요. 레몬과 파 살짝 올려 먹으면 더 맛있습니다. 마블링... ,김동구의 블로그,20251210
https://blog.naver.com/spring5867/224188690311,압구정 <b>초원 도산대로점</b>. 24시간 영업하는 모던 우설 맛집,24시간 영업하는 우설 맛집 <b>초원 도산대로점</b> 압구정 맛집 도산대로에 있는 큼직한 가게들 중 거의 유일(?) 하게 24시간 영업하는 남영동 초원의 도산대로 분점. 밤 늦게 11시쯤 방문했습니다 와 이밤에도... ,■봄이 미식회■,20260219
https://blog.naver.com/gilnoodle/224074797226,등심주물럭과 양념소금갈비 환상의 조합! '<b>초원</b>' <b>도산대로점</b>,남영동의 유명 고깃집 '초원'이 도산대로점을 냈습니다. 안 가볼 수가 없죠. 지인들과 뭉쳐 저녁에... ㅋ) 모임 장소로 딱입니다. 추천!!! <b>초원 도산대로점</b> 강남구 논현동 62-3 (도산대로 232) 010-****-**** 발렛 주차,길선자의 면식수행 골프수행,20251113
https://blog.naver.com/kahee0408/224199844520,용금옥 우설 소금갈비 <b>초원 도산대로점</b> 예약 포장 주차 후기 놀뭐,▪︎상호 : <b>초원 도산대로점</b> ▪︎주소/위치 : 서울 강남구 도산대로 232 A동 1층 초원 압구정역 3번 출구에서 801m ▪︎영업시간 : 매일 0시~ 24시 24시간 영업/연중무휴 ▪︎편의시설 및 서비스 : 콜키지 가능... ,지구만사 리뷰,20260301
https://blog.naver.com/quasweet/224264795041,"강남 양념갈비 맛집 <b>초원 도산대로점</b>, 가성비 점심특선 주말... ",강남 도산대로점이 새로 생겼다고 하더라구요. 점심특선으로 양념갈비와 식사가 포함된 메뉴가 있는데... 영업 도산공원사거리에 위치하고 있는 초원. 새로 생겨서 그런지 외관도 깔끔합니다. <b>초원 도산대로점</b>... ,쫌쫌따리 재테크 일기,20260425
https://blog.naver.com/bsb7411/224121533771,압구정 24시간 고기집 : <b>초원 도산대로점</b> (Feat.... ,"위치, 전화, 영업 시간 주소 : 서울특별시 강남구 도산대로 232 <b>초원 도산대로점</b> 전화 : 0507-1362-5949... 여기까지 압구정 24시간 고기집 <b>초원 도산대로점</b>과 와인바 와인클럽하우스를 소개했어요. 초원은... ",Blaack Log,20251225
https://blog.naver.com/dieat_a_t/224275869945,수원시청역 디저트맛집 <b>카페디아즈</b> 후기,걸 카페 와서 다 먹은 기분이랄까요 케이크 같은 디저트를 좋아하시면 디아즈를 권해도 괜찮을 듯 합니다 이상 수원시청역 디저트 맛집 <b>카페디아즈</b>에서 호나였구요 기회가 되면 또 가보고 싶습니다 수원은 또... ,호나의 성장기,20260506
https://blog.naver.com/1134sin/224036627142,수원시청역 <b>카페 디아즈</b> 케이크 부띠끄,"2층에는 케이크 부띠끄가 있고 4층에는 디아즈 카페 매장이 있어요:) 수원시청역 <b>카페 디아즈</b> 케이크 부띠끄 주소: 경기 수원시 팔달구 인계로166번길 48-7 2층 201호 영업시간: 매일 10:00~21:00 주차: 불가, 근처... ",수연로그,20251010
https://blog.naver.com/azzq11/224242334063,수원 팔달구 <b>카페</b> 레터링 케이크 맛집 인계동 <b>디아즈</b> 수령 및... ,"안 느끼함 - 과일 신선도 좋음 - 레테링 깔끔 고퀄 선물용으로 딱 좋은 레터링 케이크 맛집 디아즈, 추천추천! #<b>카페디아즈</b> #수원팔달구카페 #팔달구카페 #수원케이크맛집 #수원인계동카페 #팔달구인계동카페",먹으면 행복해져요,20260406
https://blog.naver.com/kk0jjin/224154733457,인계동 두쫀쿠 맛집 <b>카페디아즈</b> 수원시청역 디저트 후기,왜 디아즈 '두쫀쿠'여야 할까? 두바이 쿠키 좀 먹어본 사람으로서 <b>카페디아즈</b>가 특별한 이유 3가지만... 시원한 카페 원한다 → 그러면 그냥 <b>카페디아즈</b> 인계본점 가면 됩니다. 괜히 돌아가지 않아도 돼요.... ,❤️꼬꼬찐이❤️,20260121
https://blog.naver.com/qkralskek/224233923454,광교 카페 <b>카페디아즈</b> 갤러리아 광교점,"광교 카페 <b>카페디아즈</b> 갤러리아 광교점 애기를 하루종일 집에서만 보기에 애기도 심심해 할거 같고... 디아즈 리뷰 이벤트도 진행중이예요. 아메리카노 무료증정!! 무조건 리뷰이벤트 해야죵? 커피, 차, 음료등도... ",미나봉 흥이넘치는이야기,20260330
https://blog.naver.com/mimishu/224250538512,스타필드수원디저트맛집 <b>카페 디아즈</b> 생크림케이크 시그니처... ,"아메리카노, 카페라떼, 시그니처 크림라떼, 바닐라라떼가 있고 저는 시그니처크림라테로 주문 했어요... 저는 <b>카페디아즈</b> 가면 항상 먹는 커피인 만큼 완전 추천해요~ 커피안마시는 오빠도 디아즈만가면... ",미미슈U오감만족,20260413
https://blog.naver.com/littlebunnyenglish/224250125528,수원 KT위즈파크 카페::<b>카페디아즈</b> 수원종합운동장점-수원... ,요즘엔 인기많은 두쫀쿠도 판매하고 있는 두쫀쿠 맛집 카페로도 유명하답니다. 수원 KT위즈파크 <b>카페 디아즈</b>는 경기도 수원시 장안구 경수대로 910 지하1층에 있어요! 수원 KT종합운동장 바로 맞은편에 위치하고... ,하나맘의 여행기록,20260413
https://blog.naver.com/ohbaraba/224240969386,수원 버터떡 파는 곳 디저트 맛집 인계동 <b>카페디아즈</b>,많은데 디아즈가 디저트 맛집이라 디저트를 한개는 꼭 주문하는것 같다 수원 버터떡 파는 곳 <b>카페디아즈</b>는 케이크맛집이기도 하다 최고임… 건물 2층에 케이크부띠크가 따로 있어서 케이크 예약 주문은 2층... ,오박이네 ^0^,20260404
https://blog.naver.com/yseslly/224273511960,수원 <b>카페 디아즈</b> 어버이날 케이크 맛집 종합운동장 앞,"수원<b>카페 디아즈</b> 케이크!!! 요기는 십중팔구 모든 메뉴를 좋은 재료를 사용하여 자체 제조하는 주문제작 가능 카페예요!! 넘 소듕해.. 케익이랑 빙수, 청 등등등 속에 들어가는 과일도 엄선하여 최상급으로... ",ES,20260503
https://blog.naver.com/jotang83/224267559068,수원 카네이션 케이크 <b>카페디아즈</b> 어버이날 케이크 센스있는... ,이포스팅은 디아즈로부터 제품을 제공받아 작성된 솔직한후기입니다. 가정의 달 5월이 코앞으로... 수원 인계동 카페 추천 <b>카페디아즈</b> 디저트와 함께 즐기기 좋은 공간 <b>카페디아즈</b> 인계점은 공간도 넓고... ,RainBow,20260428
https://blog.naver.com/till0312/224275538109,수원느좋<b>카페 디아즈</b> 인계동 딸기생크림케이크 맛있는 곳,"합니다ㅎㅎ &quot; &quot; &quot; <b>카페디아즈</b> 좋아하는 분들이라면 서포터즈 모집도 한다고 하니 참고하세요 :) 수원카페맛집 디아즈는 인계동 HP빌딩 4층에 위치하고 있어요 영업시간 월요일 ~ 목요일, 일요일 10:00 - 23:00 (22:30... ",또롱이네,20260505
https://blog.naver.com/jcw2566/224252963904,"수원 팔달구 <b>카페 디아즈</b>, 대형 공간 인계동 케이크 맛집!",앞으로 자주자주 방문할 것 같은 이곳은 <b>카페 디아즈</b>입니다! 케이크 좋아하시는 분들은 꼭 가보시길~ #<b>카페디아즈</b> #수원팔달구카페 #수원인계동카페 #팔달구인계동카페 #인계동카페 #수원대형카페 #팔달구대형카페,맛있는 것만 먹고 싶어용,20260415
https://blog.naver.com/kkby1004/224261053462,"수원 대형 <b>카페</b> 중 압도적인 디저트 맛집, &lt;<b>디아즈</b> 인계점&gt;",딸기 케이크라고 하고 딸기는 정작 거의 없는 케이크가 많은데 디아즈 딸기 케이크는 과일 가득이라... 디저트 수혈 필요할 때마다 다시 오는 거로 찜 #<b>카페디아즈</b> #수원대형카페 #수원디저트맛집 #수원디저트카페,여기 최고야 (따봉),20260422
https://blog.naver.com/greatting_/224244788474,[수원 인계동 <b>카페 디아즈</b>] 나혜석거리느좋카페 방문후기,"네이버 예약이나 직접 가게 전화나 카카오 채널로 하시면 된다고 합니당 또한 디아즈 선불카드도 있고, 민생회복 소비쿠폰 사용 가능해요~ 인계동 나혜석거리 카페 찾는 분들은 <b>카페 디아즈</b>로 방문 해보시길!... ",'_',20260408
https://blog.naver.com/bikbin/224271883628,"수원 수제 생크림케이크 디저트맛집, 유럽풍 고급<b>카페 디아즈</b>... ",간식 배는 또 따로 있잖아요?ㅎㅎ 또 다른 배를 채우러 <b>카페 디아즈</b>를 찾았습니다 티와 생크림... 건물의 디아즈카페가 두군데가 있는데요 저희가 방문한 2층의 부띠끄 카페는 고급 티와 디저트가 메인이고... ,그날의 육아와 일상 기록,20260501
https://blog.naver.com/ymart1103/224254945290,수원시청역<b>카페 디아즈</b>케이크부띠끄 디저트 과일케익  완벽해,테이블생화가 봄봄해 기분도 업 되는 공간이네요 원래 <b>카페디아즈</b>는 인계동에서 작은 티룸카페로 시작해 입소문으로 여러곳의 대형카페를 오픈했는데 워낙 생과일케익으로 유명해 가끔 아트퀸도 방문해... ,아트퀸의여행일기,20260416
https://blog.naver.com/dailychuuu/224270502755,수원스타필드느좋<b>카페</b> 케이크 맛집 <b>디아즈</b> 홀케이크 예약,수원스타필드느좋카페 케이크 맛집 디아즈 홀케이크 예약 어버이날이 코앞으로 다가왔어요 막상 그... 수원<b>카페 디아즈</b>를 보다가 세상에 수원스타필드느좋카페로 또 오픈했지 뭐예요? 7층 식당가에 위치해... ,여행하는 데일리츄,20260430
https://blog.naver.com/soravan/224267918987,수원가정의달케이크 예약주문은 <b>카페디아즈</b>,그래서 나혜석거리 하면 알아주는 대표 카페가 바로 <b>카페디아즈</b>랍니다. 수원베이커리카페 맛의 비결 남녀노소에게 사랑받는 비결이 궁금하시죠? 바로 <b>카페디아즈</b>만의 남다른 재료 퀄리티 덕분입니다. 한 입... ,쫄보 투자자 알뜰 생존기,20260428
https://blog.naver.com/coffeeromans/224246274076,"대형카페 루프탑,400평인데 왜 여기만자리가 없을까, <b>카페디아즈</b>","수원시청역 대형카페를 찾는다면 <b>카페디아즈</b>, 처음엔 솔직히 그냥 인스타 감성 카페려니 했어요. 근데 네이버 방문자 리뷰가 무려 1만 건이 넘어요. 블로그 리뷰만 해도 4,500건 이상이고요. 수원 인계동에서 그... ","""카페사장들이 찾아오는 원두컨설턴트회사""",20260409
https://blog.naver.com/pogandkjh/224258078154,"<b>카페디아즈</b> 갤러리아 광교점!! (광교 카페, 광교 케이크)","<b>카페디아즈</b> 갤러리아 광교점!! (광교 카페, 광교 케이크) 과일이 듬뿍 올라간 생크림 케이크들과 층층이 쌓인 단면이 그대로 보이는 비주얼이 정말 인상적이에요. 초코와 바나나 조합의 케이크까지 다양하게... ",What is essential is invisible to the eye.,20260419
https://blog.naver.com/gochoi12/224251570532,수원 행궁동 맛집 <b>카페메이븐 행궁동본점</b>,가능 행궁동 맛집 카페메이븐 영업시간과 라스트오더 시간 <b>카페메이븐 행궁동본점</b>은 총 4층으로 되어있는 꽤나 큰 카페였어요 1층은 주문공간으로 취식공간과 분리되어있어서 더 좋을 것 같아요! 엘리베이터가... ,오늘도 고초이스럽게(❁´◡`❁),20260414
https://blog.naver.com/symthy/224275245062,[행궁동 맛집] - <b>카페메이븐 행궁동본점</b>/커피 및 브런치... ,"오늘은 행궁동에 고즈넉한 장소에 위치한 #행궁동맛집 #행궁동데이트 하기 좋은 베이커리 카페인 #<b>카페메이븐행궁동본점</b> 리뷰해볼까 합니다. 카페 메이븐은 수원미디어센터에서 도보로 5분, 화성행궁 창룡문... ",symthy이야기,20260505
https://blog.naver.com/rbal0424/224266449081,<b>행궁동</b> <b>카페</b> 브런치 맛집 <b>카페메이븐</b> 행궁 <b>본점</b>,Guuum입니당 오랜만에 즐긴 주말 브런치 :) 수원 브런치 맛집 행궁동 카페 &lt;카페메이븐 본점&gt; 후기입니다! <b>카페메이븐 행궁동본점</b> 외관 <b>카페메이븐 행궁동 본점</b> 경기 수원시 팔달구 창룡대로74번길 15 1층... ,Guuum X Soo,20260427
https://blog.naver.com/wndnjdl/224250691803,맛집/ 행궁동 카페/ 행궁동 데이트 ‘<b>카페메이븐 행궁동본점</b>’,바로 행궁동 카페 ‘<b>카페메이븐 행궁동본점</b>’인데요. 메이븐 광교점도 다녀와봤는데 광교점과는 다른 행궁동 본점만의 분위기가 느껴져서 너무 좋더라구요. 그럼 함께 후기 보러가시죠! 위치 경기도 수원시... ,하하 오히려 좋아,20260413
https://blog.naver.com/tjsaud8922/224254991460,방문하기 좋은 예쁘고 맛있는 행궁동 맛집_<b>카페메이븐 행궁동본점</b>,맛집 '<b>카페메이븐</b>' <b>행궁동</b> 맛집 '<b>카페메이븐</b>'은 특이하게도 유모차가 구비되어 있어서 아기의자에 앉지 못하는 어린 아기들도 <b>행궁동</b> <b>카페</b>를 즐길 수 있다 각 층 엘레베이터 앞에 유아 의자도 마련이 되어... ,소소한 일상 공유방 :D,20260416
https://blog.naver.com/gkswls02/224033374233,수원 행궁동 데이트 <b>카페메이븐 행궁동본점</b>,"이번 주말, 수원 행궁동에서 분위기 좋은 카페를 찾다가 발견한 곳이 바로 <b>카페메이븐 행궁동본점</b>이에... 수원 행궁동 카페 카페메이븐은 총 3층 규모로 되어 있고, 루프탑과 1층·3층 테라스는 애견 동반... ",Enjoying the moment,20251006
https://blog.naver.com/89dalki/224253574637,[ 행궁동 카페 ] 엄마와 행궁동 데이트 <b>카페메이븐 행궁동본점</b>,행궁동 맛집 <b>카페메이븐 행궁동본점</b> 방문 후기 행궁동 카페 <b>카페메이븐 행궁동본점</b> 체험 솔직후기... 행궁동 데이트 코스에 걸맞게 예쁜 루프탑이있어요. 대문짝만한 카페메이븐 이름을 찍어보아요. 초록... ,달키 기록실,20260415
https://blog.naver.com/zqw1415z/224245879793,[수원 행궁동] 데이트 <b>카페메이븐 행궁동본점</b> 추천 !,"브런치 카페를 찾다가 수원 행궁동에 위치한 ! <b>카페 메이븐 행궁동 본점</b> 을 다녀왔어요 오랜만에... 시켜먹기 참 좋았어요 파스타 정말 맛있습니다 . . 수원 행궁동에 방문예정이시라면, 행궁동카페 는 카페메이븐",럭키걸의 여행 정보 공유 ✨,20260409
https://blog.naver.com/berrycess/223801930617,<b>카페메이븐 행궁동본점</b> 수원여행 행궁동 데이트,"많고 많은 수원 행궁동 브런치카페 중 카페메이븐 본점으로 갑니다. 언덕 위에 커다란 건물 전체가... 행궁동 맛집, 행궁동 카페, 행궁동 데이트 <b>카페메이븐 행궁동본점</b> 경기도 수원시 팔달구 창룡대로74번길 15... ",♧재영요안과 함께 캠핑&맛집♧,20250319
https://blog.naver.com/chaserp/224227724943,[경기/수원] 행궁동 카페 <b>카페메이븐 행궁동본점</b>,"지난 주말엔 카페메이븐 행궁동점에 다녀왔다. <b>카페메이븐 행궁동본점</b>은 수원 행궁동 골목 안쪽에 자리한 대형 브런치 카페다. 건물 한 채를 통으로 사용하는 구조로, 여러 층으로 이루어져 있으며 층마다... ",성장하는 개발자,20260324
https://blog.naver.com/miniss1004/224272855841,행궁동 <b>카페 메이븐 행궁동본점</b> 루프탑 브런치카페,카페 메이븐 본점 주차 안내 매장 언덕 진입 전 왼쪽에 주차 가능한 공영 주차장(거주자 우선주차구역 09~18) 매장 지하 6대 주차 가능 매장 입구 2대 주차 가능 행궁동 데이트 <b>카페메이븐 행궁동본점</b> 수제... ,현실 육아와 살림 기록,20260502
https://blog.naver.com/hyxllo/224263762022,[수원] 행궁동 카페 '<b>카페메이븐 행궁동본점</b>' 대형카페 브런치... ,메이븐 재방문 이벤트 본점 방문 영수증 지참 후 2주이내 광교점 방문 시 전메뉴 10% 할인! '<b>카페메이븐 행궁동본점</b>' 2층 내부 '<b>카페메이븐 행궁동본점</b>' 3층 내부 '<b>카페메이븐 행궁동본점</b>' 루프탑 행궁동 카페... ,[횰로데이] Happy Hyxlloday to U,20260425
https://blog.naver.com/csm5976/224140738792,행궁동 카페 브런치 맛집 <b>카페메이븐 행궁동본점</b>,"있는 <b>카페메이븐 행궁동본점</b> 창룡문 성곽 밑에 바로 있는 카페기 때문에, 성곽 둘레길 산책하다가... 행궁동 카페 카페메이븐 행궁본점 저번에 방문했을때 달짝지근한 당근 맛이 사과랑 너무 잘어울려서 또... ",호빵일상,20260109
https://blog.naver.com/namsu0615/224259173910,[수원]<b>카페메이븐 행궁동본점</b>... 좋은 브런치가 있는 행궁동 맛집,일반적인 행궁동 카페거리와는 또 다른 수원화성의 매력을 느낄 수 있는 곳인 <b>카페메이븐 행궁동본점</b>. ⬇️ 수원 행궁동 맛집 카페메이븐 클립 ⬇️ 수원 행궁동 맛집 카페메이븐 위치,GGoooN's Check In,20260420
https://blog.naver.com/kinshalouis/223763903082,수원 행궁동 브런치 <b>카페 메이븐 행궁동본점</b>,수원 행궁동 위치한 루프탑 이 있는 대형 브런치 <b>카페 메이븐 행궁동본점</b> 다녀온 후기 포스팅이에요! 흑색벽돌과 모던한 느낌이 드는 큰 규모의 수원 행궁동 대형 카페 메이븐 이었어요! 저희는 자차로... ,토라미의 일상 행복 기록중!,20250217
https://blog.naver.com/askflclsrna/224056052945,수원 행궁동 카페 애견동반 가능한 <b>카페메이븐 행궁동본점</b>,"가능 카페메이븐 행궁본점 외관 수원 행궁동 골목길 한 켠에 위치한 수원 행궁동 맛집, 애견동반 가능한 <b>카페 메이븐 행궁동본점</b> ! 행궁동에 있는 카페들은 대부분 매장 주차가 불가능해서 근차... ",Sipping my life away,20251028
https://blog.naver.com/2219480/224106560134,수원 행궁동 대형 브런치카페 :: <b>카페메이븐 행궁동본점</b>,"수원 행궁동 브런치카페, <b>카페메이븐 행궁동본점</b> 행궁동 주차 가능한 대형카페, 아기랑 가기에도 좋은... 만족한 카페메이븐이었다아  담엔 다른 거 맛보러 오기루- 매일 10:00 - 20:00 브런치 라스트오더 18:30 음료... ",G.,20251211
https://blog.naver.com/the_moment_here/223856126976,[수원] 행궁동 데이트 주차 가능한 <b>카페메이븐 행궁동 본점</b> 후기,"<b>카페메이븐 행궁동 본점</b> 주말이면 북적이는 행궁동. 맛집도 많고, 구경할 것도 많지만 저는 사실 그... 그날도 저는 성곽길을 따라 천천히 걸었고, 그 길 끝자락쯤에 위치한 행궁동 카페 카페메이븐을... ",The Moment,20250506
https://blog.naver.com/dandanmom17/224276221114,"[<b>카페메이븐행궁동본점</b>]... 행궁동맛집 , 행궁동카페... ",· <b>카페 메이븐 행궁동 본점</b> · [위치] 경기 수원시 팔달구 창룡대로74번길 15 [영업시간] 매일 10:00 ~ 20:00... 18:00 행궁동 맛집 카페메이븐을 방문했다 맛집은 오픈런 해야쥬~? ㅎ 10:30에 도착했는데도 손님들이... ,단맘단딸님의 블로그,20260506
https://blog.naver.com/jjmk98/224222644254,행궁동 카페 브런치맛집 <b>카페메이븐 행궁동본점</b>,행궁동 카페 카페메이븐 에서 남편이랑 오붓하게 데이트 하고 왔어요 확트인 통창과 여유로운 분위기가 좋았던 브런치맛집 <b>카페메이븐 행궁동본점</b> 솔직하고 자세한 포스팅 시작해볼게요 ⏰영업시간 매일 10:00... ,제이제이봉봉,20260319
https://blog.naver.com/ailee06/224153419503,이연복스테이크 가성비 좋은 <b>코지하우스 강남역본점</b> 신메뉴 3종,가성비 좋기로 유명한 코지하우스와 이연복 님이 만나 신메뉴를 출시해서 맛보고 왔는데 대박 날 것... 강남역 11번 출구 강남역 거리 안에 위치한 <b>코지하우스 강남역 본점</b>은 우드의 편안함과 코지 한 느낌을 잘... ,예쁘게! 스타일나게!! ˘◡˘,20260120
https://blog.naver.com/dakhosa/224248205175,강남역파스타 <b>코지하우스 강남역본점</b> 이연복 중식x양식... ,"강남역파스타 <b>코지하우스 강남역본점</b> 이연복 중식x양식 콜라보 신메뉴 3종 후기 중식 대가 이연복 셰프와 코지하우스 콜라보로 나온 카우복이 신메뉴 3종 동파육스테이크, 깐풍칠리새우, 마라해물파스타... ",반짝거리는 행복제조법,20260410
https://blog.naver.com/chuchulee0920/224217293943,강남역맛집 중식과 양식의 만남 <b>코지하우스 강남역본점</b>... ,강남에서 식당이 많은 편인데도 사람들이 계속 들어오는 모습을 보니 자연스럽게 강남역맛집이라는... 위치와 분위기 <b>코지하우스 강남역본점</b>은 강남역 11번 출구에서 가까운 위치에 있어서 접근성이 좋은... ,현실반영 여행백서,20260315
https://blog.naver.com/blog_supporter/224155649103,"<b>코지하우스 강남역본점</b> / 이연복스테이크, 깐풍칠리새우... ","깐풍칠리새우 강남역 분위기 맛집, 코지하우스 강남 이연복 콜라보 카우복이 메뉴 중에서 바삭바삭한... 마라해물파스타 <b>코지하우스 강남역 본점</b>에서 마지막으로 먹어본 메뉴는 마라해물파스타인데, 얼얼한... ",슬기로운 여행 생활,20260122
https://blog.naver.com/alsenfl91/224268487220,"강남역맛집 <b>코지하우스 강남역본점</b>, 가성비도 좋은데 맛은 더... ",(가성비가 엄청 좋거근요~) 강남역파스타 <b>코지하우스 강남역본점</b> 소개해드릴게요. 매장정보  위치 서울 강남구 강남대로94길 10 2층  찾아가는 길 강남역 11번 출구에서 약 119m 강남역 11번 출구 근처라 접근성... ,눈누난나앙나,20260428
https://blog.naver.com/passionkyeore/224216589257,강남역레스토랑 <b>코지하우스 강남역본점</b> 가성비 신메뉴 후기,강남에서 너무 격식 있는 레스토랑보다는 편안한 분위기에서 파스타나 스테이크를 즐기고 싶을 때... 강남역레스토랑 <b>코지하우스 강남역본점</b> 가성비 신메뉴 메뉴 및 가격 강남역레스토랑 코지하우스는 양식... ,Health Evangelist,20260316
https://blog.naver.com/choddeo/224251118495,강남역맛집 추천 <b>코지하우스 강남역본점</b> 가성비 이연복 파스타... ,다녀와보았어요 강남역 본점이라 그런지 접근성도 너무 좋았고 코지하우스를 가는 와중에서부터... 제한 #코지하우스 #<b>코지하우스강남역본점</b> #강남스테이크 #강남파스타 #강남역맛집 #강남역파스타... ,조길동의 방방곡곡,20260413
https://blog.naver.com/pauseppause/224274612716,강남역 파스타 맛집ㅣ[<b>코지하우스 강남역본점</b>] 후기,"하고 반가운 마음에 바로 달려갔답니댜 ✨ 코지하우스 파스타 진짜 JMT라 제가 너무너무 조아하거든요,,  기본 정보 <b>코지하우스 강남역본점</b>은 강남역 11번 출구랑 12번 출구에서 도보로 3분도 안 걸리는 거리라... ",The pause,20260504
https://blog.naver.com/smin_ji/224177533824,강남 양식 맛집 가성비 레스토랑 <b>코지하우스 강남역본점</b>,강남역본점이에요 강남역 양식 맛집 '<b>코지하우스 강남역본점</b>'  위치 서울특별시 강남구 강남대로94길 10... 있었어요 코지하우스는 호주의 길거리 레스토랑에서 모티브를 얻어 만들어진 곳이라고 해요 그래서... ,신만두렐라의 한입 여행,20260209
https://blog.naver.com/bsg03135/224215298613,강남역 스테이크 맛집 <b>코지하우스 강남역본점</b> 방문 후기,<b>코지하우스 강남역본점</b> 11:00 - 21:00 브레이크타임 15:00 - 16:30 라스트오더 20:00 외관 친구가 종종 먹는 곳이라고 했던 강남역 스테이크 맛집 코지하우스 강남본점 가성비 좋은데다가 맛도 정말 좋다며 추천하는... ,내가 날 모르는 것처럼,20260315
https://blog.naver.com/laimjung/224111734068,[<b>코지하우스 강남역본점</b>] 강남 역삼동 가성비 좋은 호주식... ,"<b>코지하우스 강남역본점</b> 주소ㅣ서울 강남구 강남대로94길 10 2층 영업시간ㅣ매일 11:00~21:00, 브레이크타임 15:00~16:30 건물 내 주차 가능 최초 30분 3,600원 10분당 추가 1,200원 최대 30,000원까지 가능 강남역 12번... ",요점 콕콕 리뷰맛집,20251216
https://blog.naver.com/aspaceneue/224150858171,가심비 끝판왕 강남역파스타 맛집 <b>코지하우스 강남역본점</b>... ,그래서인지 가심비 끝판왕이라는 입소문이 돌던 <b>코지하우스 강남역본점</b>은 자연스레 더 관심이 가던... 이연복콜라보 #마라해물파스타 #강남역데이트 #강남역저녁 #강남가성비맛집 #강남파스타맛집 #강남역양식,N잡러 노이에의 맛집 여행,20260118
https://blog.naver.com/yachaezzang/224251117540,강남 양식 파스타 맛집 <b>코지하우스 강남역본점</b>,강남구 강남대로 94길 10 2층 ☎️ 전화번호: 0507-1435-6683 ⏰️ 영업시간: 11:00 - 21:00 ️ 주차: 건물 내 주차가능(유료) 작년 11월에 오픈한 <b>코지하우스 강남역 본점</b> 강남역 11번 출구에서 2분 거리라 접근성이... ,채아 아카이브,20260413
https://blog.naver.com/lana_33/224115582393,강남맛집 <b>코지하우스 강남역본점</b> 내돈내산후기,강남맛집 <b>코지하우스 강남역본점</b> 내돈내산후기 영업시간 매일 11:00 ~21:00 라스트오더 20:00... 꽤있으셨답니다 강남역 가성비좋은 양식맛집으로 가격대가 너무 괜찮더라구요 코지하우스 강남 메뉴 코지하우스... ,달,20251219
https://blog.naver.com/tsi03133/224142049116,"많은 새로 생긴 파스타집, 강남역맛집 '<b>코지하우스 강남역본점</b>'",강남역 점심맛집이 되어버린 강남 신상 맛집 방문기를 살펴보자~ 강남역맛집 코지하우스는 기존에... 안내를 받고 앉아서 본 <b>코지하우스 강남역본점</b>의 내부. 작년까지 있었던 이상한 카페는... ,Stories about something,20260111
https://blog.naver.com/jungkh78/224267290386,강남역맛집 <b>코지하우스 강남역본점</b> 신메뉴 마라해물파스타... ,강남역 근처에서 찾다가 예전에 눈여겨봤던 <b>코지하우스 강남역본점</b>이 생각나서 바로 다녀왔어요. 요즘... 강남역파스타 #강남역레스토랑 #신논현레스토랑 #역삼동맛집 #코지하우스 #코지하우스강남... ,Dear. Debbie,20260427
https://blog.naver.com/dreamingview/224156705574,[신논현역 데이트] <b>코지하우스 강남역본점</b> 가성비 레스토랑... ,"원래 영남권에서 시작해 지금은 전국으로 확장 중인데, 2025년 11월 19일 서울 첫 번째 본점으로... 추억 쌓기 좋은 곳이에요~ #코지하우스 #<b>코지하우스강남역본점</b> #강남역맛집 #10달러스테이크 #가성비양식... ","맛집, 일상 핫플, MZ, 재테크 그리고 통창 카페까지",20260123
https://blog.naver.com/thanatos2k/224200562196,[<b>코지하우스 강남역본점</b>] 강남역 가성비 스테이크 맛집,코지하우스(네이 버플레이스) <b>코지하우스 강남역본점</b> 강남역 근처 가성비 스테이크 맛집 강남역... 개인적인 만족도는 뒤로 하고 일단 저렴한 가격은 좋음ㅋㅋ 코지하우스 강남점 정보 ✔️위치 서울... ,술기로운 쳐묵생활,20260301
https://blog.naver.com/y__seul1004/224182695882,강남역 직장인 점심 맛집... 레스토랑 <b>코지하우스 강남역본점</b>,추천 <b>코지하우스 강남역본점</b> 신메뉴 3종 먹방 솔직후기 <b>코지하우스 강남역본점</b> - 서울 강남구... ㅎㅎ 강남역 직장인 점심 맛집 <b>코지하우스 강남역본점</b> 메뉴 / 가격 코지하우스의 시그니처 메뉴 10$ 스테이크... ,밖만치의 만가지 취미,20260213
https://blog.naver.com/galaxia053/224226529821,"강남ㅣ강남역 가성비 맛집... 땡기는 날, <b>코지하우스 강남역 본점</b>","당연히 내돈내산에 솔직후기여요~ <b>코지하우스 강남역본점</b>  위치 서울 강남구 강남대로 94길 10, 2층... 다른 강남 리조또 맛집에서도 안 했던 셰프콜링을 여기서 할 뻔했다.  강남역 근처 맛집 코지하우스 총평... ",에디터 홍시,20260323
https://blog.naver.com/ketans/224247609990,신분당선 강남역 카페 휘낭시에 <b>쿠운 신논현본점</b>,신분당선 강남역 카페 휘낭시에 <b>쿠운 신논현본점</b> 신분당선 강남역 카페 휘낭시에 <b>쿠운 신논현본점</b>... 마무리 후기 쿠운은 트렌디한 디저트와 차분한 분위기를 모두 잡은 신분당선 강남역 카페였어요. 특히... ,케타 트래블로그,20260410
https://blog.naver.com/dhmg7/224269364735,강남역 빙수카페 <b>쿠운 신논현본점</b>,"강남역 빙수카페 <b>쿠운 신논현본점</b>은 신논현역 근처 골목에 있어서 접근성도 괜찮고, 조용하게 들르기 좋은 분위기라 부담 없이 들어가기 좋았어요. 강남역 빙수카페 <b>쿠운 신논현본점</b>는 들어가자마자 느껴지는... ",dhmg,20260429
https://blog.naver.com/matuki/224003667991,신논현역 조용한 카페 <b>쿠운 신논현본점</b> 휘낭시에,"신논현역 조용한 카페 <b>쿠운 신논현본점</b> 휘낭시에 신논현역 조용한 카페 <b>쿠운 신논현본점</b> 휘낭시에 신논현역 조용한 카페 <b>쿠운 신논현본점</b> 휘낭시에 스트레스로 당이 떨어졌던 며칠 전, 친구가 퇴근 시간에... ",슬로보트,20250911
https://blog.naver.com/hicod0311/224245029032,<b>신논현</b>역 카페 <b>쿠운</b> 휘낭시에 <b>신논현</b>역 북카페 추천,#신논현카페 신논현역 카페 쿠운 휘낭시에 신논현역 북카페 추천 신논현역 카페 쿠운 휘낭시에... <b>쿠운 신논현본점</b> 소개 https://map.naver.com/p/search/%EC%BF%A0%EC%9A%B4+%EC%8B%A0%EB%85%BC%ED%98%84%EB%B3%B8%EC%A0%90/place/1839599343?... ,땡이이야기,20260410
https://blog.naver.com/m_s_y_0219/224154121177,신논현역 두바이쫀득쿠키 맛집 강남 <b>쿠운 신논현본점</b> 두쫀쿠... ,맛집 쿠운 리뷰 시작할게요 신논현역 두바이쫀득쿠키 맛집 강남 <b>쿠운 신논현본점</b> 두쫀쿠 판매시간 영업시간 매일 12:00 - 20:30 / 20:25 주소 서울 서초구 강남대로83길 18 104호 전화번호 0507-1338-1809 주차 가게... ,영이의 soso한 이야기,20260121
https://blog.naver.com/jjoy0103/224145513818,신논현역 카페 <b>쿠운 신논현본점</b>,주문했답니다♥ 쿠운 매장에서 판매되는 디저트는 매일 새롭게 만들어서 제공되는거라 맛있게 즐길... 저도 먹고 하나 더 구입해서 갔답니다!!!ㅎㅎㅎㅎㅎ 신논현역카페로 <b>쿠운 신논현본점</b> 추천해요!!... ,앙팡테리블로그,20260116
https://blog.naver.com/lhye_e09/223985128824,논현역 카페 <b>쿠운 신논현본점</b>_두바이 초코 빙수 맛집,"외관 쿠운은 논현역 4번 출구, 신논현역 2번 출구에서 도보 5분 거리 안쪽 골목이지만 코너에 있고... 넘 맛있어서 만족스러웠어요! 꼬숩 달달한 두바이 초콜릿이 있는 논현 빙수 맛집 <b>쿠운 신논현본점</b> 오시는 길","찰나의 자유, 그 끝의 여백",20250827
https://blog.naver.com/thgus1101/224068173606,"&lt;신논현/강남&gt; Kuun <b>쿠운 신논현본점</b> _ 신논현 카페, 강남역 빙수",#강남역빙수 #신논현역카페 #신논현카페 #강남카페 #강남역카페 #<b>쿠운신논현본점</b> #쿠운 #kuun #신논현디저트카페 #강남디저트카페 #강남휘낭시에맛집 #휘낭시에맛집 #디저트맛집 #디저트카페 #두바이휘낭시에... ,가능한!,20251107
https://blog.naver.com/positivefocus/224183098229,신논현 카페 황치즈휘낭시에 두쫀쿠 맛집 <b>쿠운 신논현본점</b>,있어서 신논현 카페 데이트 코스로도 딱이겠다 싶었답니다. 쿠운은 매장에서 정성껏 구운 디저트와 그 맛을 완성해줄 음료를 함께 제공하는 곳이에요. <b>쿠운 신논현본점</b> 전체 메뉴 (옆으로 넘겨보세요)... ,기분좋은하루,20260213
https://blog.naver.com/lv_dior/224275663044,맛집] 강남역 빙수 <b>신논현</b>역 카페 <b>쿠운</b> kuun <b>신논현본점</b> 후기,카페 쿠운 kuun 신논현본점에서만 만나볼 수 있다 베리 굿 오이시 ★ ★ ★ ★ ★ <b>쿠운 신논현본점</b> 서울특별시 서초구 강남대로83길 18 104호 예약: 0507-1338-1809 주차가능 (매장 앞 무료주차) 영업시간 월화수 08... ,abstruse interdependence,20260505
https://blog.naver.com/chyeji1030/224058805809,[신논현역 카페] <b>쿠운 신논현본점</b> _ kuun,<b>쿠운 신논현본점</b> “쿠운_kuun” 서울 서초구 강남대로83길 18 104호 반포동 735-34 신논현역 3번 출구에서 323m 월~금 10:40 ~ 00:30 라스트 오더 00:25 토.일 11:40 ~ 00:40 라스트 오더 00:35 0507-1338-1809 신논현역 카페 쿠운... ,하늘,20251030
https://blog.naver.com/vi_jan_te/224228470135,신논현 카페 <b>쿠운 신논현본점</b> 휘낭시에와 두쫀쿠 버터떡 빙수가... ,판매하는 신논현 카페예요. 내부는 아담하지만 좌석이 충분했어요 ㅎㅎ 귀여운 동네 카페 느낌이라 편하게 이용 가능합니다 쿠운 메뉴 <b>쿠운 신논현본점</b>은 디저트카페인만큼 요즘 유행하는 디저트가 전부... ,"매일, 서영",20260325
https://blog.naver.com/onoff014/223938948914,두바이 빙수가 맛있는 신논현 카페 <b>쿠운 신논현본점</b>,카페 <b>쿠운 신논현본점</b>이에요 가게정보 주소 : 서울 서초구 강남대로83길 18 104호 전화번호 : 0507-1338-1809 주차 : 주차 가능 신논현 카페 쿠운은 신논현역 2번 출구에서 323m로 도보 6분거리에 위치해있어요 :) 쿠운... ,only on,20250719
https://blog.naver.com/dhmg7/224195479890,신논현역 카페 <b>쿠운 신논현본점</b>,신논현역 근처에서 신논현역 카페디저트 맛집 찾다가 발견한 곳이 바로 <b>쿠운 신논현본점</b>이에요. 평소에 휘낭시에 좋아해서 일부러 시간 내서 다녀왔어요. 입구부터 고소한 버터 향이 은은하게 퍼지는데 그... ,dhmg,20260225
https://blog.naver.com/matuki/224120758713,강남 두쫀쿠 맛집 추천 <b>쿠운 신논현본점</b>,다녀온 쿠운은 신논현역 2번 출구 인근에 위치한 디저트 카페였어요. 저 멀리서부터 주황색 매장... <b>쿠운 신논현본점</b>은 수준 높은 디저트를 경험하고 싶은 분들에게 딱 어울리는 곳이었는데요. 새해를 맞으면... ,슬로보트,20251224
https://blog.naver.com/hicod0311/224001304803,강남 <b>신논현</b>역 근처 카페 <b>쿠운</b> 휘낭시에 빙수,강남 신논현역 근처 카페 쿠운 휘낭시에 빙수 강남 신논현역 근처 카페 쿠운 휘낭시에 빙수 강남... [<b>쿠운 신논현본점</b>] 주소: 서울 서초구 강남대로83길 18 104호 전화번호: 0507-1338-180 영업시간: 12:00 - 23:30(라스트... ,땡이이야기,20250909
https://blog.naver.com/aw0411/224144356658,[서울맛집] <b>쿠운 신논현본점</b> 디저트와 음료의 완벽 조합,"<b>쿠운 신논현본점</b>은 서울 서초구 반포동에 위치한 카페 겸 디저트 전문점이다. 신논현역 2번 출구에서... 쿠운의 맛있는 디저트는 고객들 사이에서 특히 인기가 높다. 리뷰 수는 647건으로, 평점은 평균 0으로... ",홈매트,20260113
https://blog.naver.com/joy_moment_/223896568635,<b>신논현</b>역 ㅣ <b>쿠운</b>(kuun) <b>신논현본점</b> 강남역 빙수 맛집,오늘은 친구랑 신논현역에 있는 쿠운에 다녀왔어요! 빙수랑 휘낭시에가 유명하더라구요ㅎㅎ <b>쿠운 신논현본점</b>(kuun) 영업시간: 월화수목 12:00 ~ 22:30 금토 12:00 ~ 25:30 (새벽 1시30분까지 일 10:00 ~ 22:30 주소: 서울... ,밍밍's moment,20250612
https://blog.naver.com/guerido20/224190311640,신논현역 카페 두쫀쿠맛집 두바이쫀득휘낭시에 <b>쿠운 신논현본점</b>,신논현역 카페 중에서 두쫀쿠 맛집으로 요즘 유명한 쿠운 신논현점의 휘낭시에 후기 시작할게요  <b>쿠운 신논현본점</b> 서울 서초구 강남대로83길 18 104호 ⏰영업시간 (월-수) 12:00-21:30 (목-일) 12:00-23:00 ☎️0507-1338... ,Love & Free,20260221
https://blog.naver.com/ddy00163/224188555489,강남 논현 두쫀쿠 맛집 <b>쿠운 신논현본점</b>에서 이색 두쫀쿠 맛본... ,먹블로그를 하고 있는 제가 두쫀쿠 리뷰를 놓칠 순 없겠죵?!ㅎㅎ 그래서 이번 포스팅에서는 강남 이색 두쫀쿠 맛집 쿠운 신논현점에서 카이막두쫀쿠 맛본 후기 지금부터 시작해볼께용?!ㅎ <b>쿠운 신논현본점</b>... ,먹사세(먹고 사는 세상),20260219
https://blog.naver.com/lifesightseeing/224182414530,<b>크라이치즈버거 강남점</b> 방문 후기,"강남, 삼성, 양재, 상암, 관악(숭실), 신중동, 부천대, 가톨릭대(역곡) <b>크라이치즈버거 강남점</b> 서울... 강남점 말고 삼성점으로 가야겠어요. 이번에 시킨 버거는 더블치즈버거에 애니멀스타일 그리고 치즈 감자... ",리드제일의 인생 톺아보기,20260225
https://blog.naver.com/airumeraru/223708938214,<b>크라이치즈버거 강남점</b> 더블치즈버거 존맛 후기,<b>치즈</b>맛에 <b>버거</b> 소스 맛까지 더해져서 너무 강해서 뭐랄까 너무 짜고 향미가 너무 강하고 먹고 나서 입안에 그 맛이 세게 남는 그런 거 때문에. 그런데 <b>크라이치즈버거</b>는 밸런스가 정말 좋아서 맛있다. 특히... ,Yum-yum Diary,20241230
https://blog.naver.com/kkuri829/224245298864,[서울 강남] 역삼동 <b>크라이 치즈 버거 강남점</b>,이번에 소개할 맛집은 '서울 강남구 테헤란로8길 28 1층'에 위치한 '<b>크라이 치즈 버거 강남점</b>'입니다.... 다녀왔어요~ 크라이 치즈 버거는 미국 서부 스타일의 햄버거에서 영감을 받아 부천에서 시작한 한국... ,솔직한 꾸리네,20260422
https://blog.naver.com/juinjungsin/224121419689,한달에 한번 햄버거 먹는 친구들과 방문한 <b>크라이치즈버거 강남점</b>,햄버거를 골랐지요 점심시간이라 금방 자리가 만석이 되네요 . 오늘도 잘 먹고갑니다 그럼 내일도 렛츠 크라이! - #강남맛집 #햄버거맛집 #강남햄버거 #크라이치즈버거 #<b>크라이치즈버거강남점</b> #버거맛집 #가성비버거,실행과 꾸준함이 답이다,20251224
https://blog.naver.com/sparkling015/224035621963,치즈 버거 제대로 하는 집 ‘<b>크라이치즈버거 강남점</b>’,"아메리칸 치즈, 매일 아침 배송되는 신선한 채소, 직접 만든 크라이 소스로 유명한 수제버거 브랜드 <b>크라이치즈버거 강남점</b> 깔끔하고 캐주얼한 분위기의 매장으로 혼자 방문하기에도 부담이 없고 친구나 직장... ",히재로그 HEEJLOG,20251009
https://blog.naver.com/it_yani/224161918957,<b>크라이치즈버거 강남점</b> 솔직 후기,"핫하다는 <b>크라이치즈버거 강남점</b> 다녀온 후기 남겨봅니다. 짝꿍이랑 데이트하면서 저녁 먹으러 갔는데, 생각보다 훨씬 만족스러웠어요! 크라이치즈버거를 선택한 이유 사실 강남에 수제버거집이 꽤 많잖아요.... ",야니존,20260130
https://blog.naver.com/disney_jjang/224043318468,[역삼역 맛집] <b>크라이치즈버거 강남점</b> 내돈내산 솔직 후기(살짝... ,"‘<b>크라이치즈버거 강남점</b>’ 리뷰를 가져왔어요 사실 저는 평소에도 햄버거를 자주 먹는 편이라, 크라이치즈버거가 궁금했거든요. 그래서 점심시간에 회사 근처 강남역으로 슝~ 다녀왔습니다 위치 및... ",드즈느로그❤️,20251016
https://blog.naver.com/jennn_log/224098421669,[강남역 맛집] <b>크라이치즈버거 강남점</b>_더즐치즈버거_밀크셰이크,햄<b>버거</b> 맛집을 찾다가 <b>크라이치즈 버거</b>를 방문하게 되었어요 강남역3번출구에서 도보6분거리에... 옆자리 테이블 보니 감자튀김을 <b>치즈</b>에 찍어먹던데.. 기본으로 주는건가 했는데 추가주문해야하는건가봐요!... ,젊음의 기록,20251204
https://blog.naver.com/y__hi_xx/224212549812,[강남 맛집] <b>크라이치즈버거 강남점</b>_치즈감튀 크라이불치킨,<b>치즈</b> 소스였습니다 저는 매운걸 좋아해서 셀프바에서 핫소스 가져와서 감튀에 찍어먹었어요! 죤맛 저의 동반인? 동행자?는 더블 <b>치즈버거</b>(애니멀 소스) + <b>크라이</b> 불치킨 세트를 시켰어요 그냥 봐도 미국 맛이 날... ,수로그,20260311
https://blog.naver.com/forman22/224207470458,강남 수제 버거 맛집 <b>크라이 치즈 버거 강남점</b> _ 감튀와 불치킨... ,강남역 부근 수제 버거 맛집 <b>크라이 치즈 버거 강남점</b> 감자튀김과 불 치킨버거 맛집 크라이 치즈 버거... 마침 크라이 치킨 버거를 지나고 있어서 더블 치즈 버거와 함께 불 치킨 버거를 주문 했었다. 아주... ,레이 놀이터의 미식기행,20260310
https://blog.naver.com/asura2se/223983533960,강남역 수제버거 맛집 <b>크라이치즈버거 강남점</b>,"리크리스탈입니다✨️ 오늘 포스팅은 강남역 수제버거 맛집 &quot;<b>크라이치즈버거 강남점</b>&quot;에서 치즈버거... 따끈하게 데워진 빵 사이에 패티, 치즈, 양상추, 토마토, 양파 등이 들어갔고 야채가 신선한게 인상... ",오늘도 먹고 보고 즐기는 리,20250826
https://blog.naver.com/chaerijubile/224248260503,많이 들어가 두툼한데 하나도 안물려..! <b>크라이 치즈 버거 강남점</b>,"오늘은 강남역에 있는 크라이 치즈 버거를 소개해 드릴게요!  <b>크라이 치즈 버거 강남점</b> 영업시간 : 월... 메뉴 저는 더블버거세트를 시켰는데요 안에 들어가는 양파를 선택할 수 있는데 생양파, 구운 양파... ",chaerijubile,20260410
https://blog.naver.com/iamaraver/224143553894,"<b>크라이치즈버거 강남점</b>, 인앤아웃 느낌의 강남역 수제버거 맛집","감자튀김을 선호하지 않는 나지만, <b>크라이치즈버거</b> <b>치즈</b>감자는 너무 맛있다. 카라멜라이즈드 양파와 이 특제 소스가 인앤아웃의 애니멀 스타일을 상기시켜준다. <b>버거</b>는 상당히 버터리한 빵에 수제<b>버거</b>... ",극한인생,20260113
https://blog.naver.com/cielo1578/224230778473,"<b>크라이치즈버거</b> 한정판... (3/29 <b>강남점</b>, 단 35개)","<b>크라이치즈버거</b>가 그 감정을 정면으로 꺼내 들었습니다. 3월 29일 단 하루, <b>강남점</b>에서만 판매하는 한정판 굿즈 세트 ‘새드밀(Sad Meal)’. 한 문장으로 말하면 “맛있는 <b>버거</b> + 귀여운 장난감”인데, 이번... ",체다의 스타트업 & 트렌드 연구,20260326
https://blog.naver.com/ppjieun0711/224189564285,수제버거 끝판왕 햄버거 잘하는 맛집 <b>크라이치즈버거 강남점</b>... ,"깔끔하면서 깊이 있는 수제 버거를 찾는다면 찐으로 맛있는 치즈 버거를 먹고 싶다면 햄버거 잘하는 맛집을 찾고 있다면, 꼭 방문해 볼 만한 곳! <b>크라이치즈버거 강남점</b>. 맛있어서 크라이 크라이ㅠㅠ 하게 될... ",운동하는 지지,20260220
https://blog.naver.com/wsid_today_/223481065135,<b>크라이치즈버거 강남점</b> 치즈버거세트 기본구성 후기,<b>치즈</b>랑 패티 3장이 들어갔다 햄<b>버거</b> 역시 햄<b>버거</b>패티 2장이 들어가면 더블햄<b>버거</b>세트였는데 왠지 <b>크라이치즈버거</b>라는 이름에 <b>치즈버거</b>가 메인인것 같아 <b>치즈버거</b>세트를 주문했다 크라잉<b>치즈버거 강남점</b>은 첫... ,일상리뷰어,20240616
https://blog.naver.com/wls0474/223532067511,<b>치즈버거</b> 애니멀 스타일 리뷰 (+월요일은 <b>크라이</b> 먹는날 <b>치즈</b>감... ,오늘은 <b>크라이치즈버거 강남점</b>으로 가보았다. 크라이치즈버거에 새로운 광고물이 생겼는데 바로... 조금 기다려서 받은 크라이치즈버거 더블치즈버거 애니멀스타일 + 치즈감자 + 음료수 음료수는 이전에 못본... ,소설같은세상 시즌3,20240731
https://blog.naver.com/gusrud0427/223458214029,강남역 수제버거 <b>크라이치즈버거 강남점</b>(한국의 인앤아웃?),크라이치즈버거! 내돈내산 후기 시작합니당 :) 한국의 인앤아웃 수제버거 <b>크라이치즈버거 강남점</b>... 꾸덕한 치즈와 함께 불향이 가득한 두툼한 고기패티가 야채와 어우러져 넘넘 맛있었습니당 ㅠㅠ 크라이... ,현커밍의 먹투어,20240525
https://blog.naver.com/fkdlqm501/223417341139,"강남역 햄버거 맛집, <b>크라이치즈버거 강남점</b> 후기(주차, 위치)",버거집을 발견했어요!! 가성비 좋은 버거맛집이라 소개해드리려고요ㅎㅎㅎ <b>크라이치즈버거 강남점</b>... 메뉴로는 치즈버거와 햄버거가 있고 맥앤치즈도 있어요~!! 감자튀김과 음료가 같이 나오는 세트가 있고... ,유가나다의 TMI 대방출,20240416
https://blog.naver.com/hedge4297/224240148889,[강남구/강남역] <b>크라이치즈버거 강남점</b> |  강남 버거 맛집... ,<b>크라이치즈버거</b> 오면 감자튀김도 같이 시키는 거 추천한다는 후기 전달 ㅋㅋ   디테일이 친절한 집 매장 안에 손 씻을 수 있는 세면대가 있다. <b>버거</b> 먹고 손 닦을 때 너무 편한 포인트! 그리고 갑자기 비 오면... ,"하고 싶은게 많아, 쟁로그",20260404
https://blog.naver.com/yyuu9393/223941037587,이태원 카페 인생 치즈케이크 <b>키에리</b>,이태원 카페 <b>키에리</b>에서 인생 치즈케이크 만났어요 안녕하세요! 오늘은 정말 좋아하는 치즈케이크 맛집인 <b>키에리</b>에 대해 적어볼게요 어느 순간부터 디저트를 밥보다 좋아하게 되면서 케이크 맛집을... ,즐거운 일상,20250721
https://blog.naver.com/gading25/223966578383,이태원 데이트 야상해만두 카페<b>키에리</b>,그렇다는거 #<b>키에리</b> 빵규니를 위한 디저트를 먹으러 <b>키에리</b> 예전에 코시국 한참이전에 왔을때는 사람들도 많고 제법 시끌했던 기억이 있는데 지금은 입장할때도 벨누르고 입장해야하고 입장해서도 수다를 떨면... ,쪼나 블로그☜,20250811
https://blog.naver.com/keonam_/224208323322,서울 이태원 수제 케이크 맛집 <b>키에리</b> 카페 가격 및 남은... ,유명한 <b>키에리</b> 어디선가 주워 들었는데 계속 맛있다고 들어서 한 번쯤 가보고 싶었던 케이크 디저트 맛집 이태원 골목골목의 한 골목에 위치해있다. 자세히 보지 않으면 지나칠 수 있음 주의. <b>키에리</b>는 이번... ,혬니의 블로그,20260308
https://blog.naver.com/myqueen37/224098272089,이태원 카페 추천 <b>키에리</b> 수요미식회 케이크 맛집,추천 <b>키에리</b> 후기 들려 드릴게요 ෆ 드디어 방문한 이태원카페 <b>키에리</b> 이태원역 4번 출구로 나오시면 가까워요 골목에 위치해 있어서 주차가 어려우니 주차 필요하신 분들은 용산구청이나 이태원역 유료주차장... ,쥬쥬테이블,20251204
https://blog.naver.com/eomji9267/223974761529,"러닝과 일상- 샐러드셀러, <b>키에리</b>, 아키비스트 송파점","#샐러드셀러 #이태원맛집 #이태원브런치 #샌드위치맛집 <b>키에리</b> 정말 오랜만에 방문한 <b>키에리</b> 조용한 분위기를 선호하는 카페라, 목소리가 작아야 이용할 수 있음 ㅎ 뽕 루바브 케이크 쑥맛? 비슷한 뽕... ",밤고구미의 미식생활,20250818
https://blog.naver.com/hyoni0531/224186291344,"이태원 카페 <b>키에리</b> 케이크 추천, 가격, 주차",이태원 <b>키에리</b>는 특히나 조용한 카페로 유명해서 입장하기전부터 이 부분을 안내하고 동의해야 카페 입장을 할 수 있게 하시더라구요. 이태원 <b>키에리</b> 위치 : 서울 용산구 이태원로26길 16-8 6호선 이태원역 4번... ,MY LITTLE PONY,20260217
https://blog.naver.com/lizdoll/224244545448,재방문은 안할것같은 이태원 디저트카페 <b>키에리</b> 솔플후기,자리잡은 ‘<b>키에리</b>’ 여기는 호불호가 너무 강해서 가는것을 계속 꺼려했었어요 혼자 솔플한 솔직후기... 점에도 <b>키에리</b>는 별 하나 주기도 아깝습니다 그냥 포장하는게 나을수도 있었겠다 싶어요 벨 누르고... ,Tulip rice의 먹과사전,20260408
https://blog.naver.com/neavehyad/224168271806,여전한 두바이 귀화인 | 주2 <b>키에리</b>,ꢭ #이태원 #<b>키에리</b> 점심약속 진짜 싫어하는 사람이라 <b>키에리</b> 이렇게 일찍간게 처음! 그덕분에 본 가득찬 쇼케이스 이것이 바로 귀족의 케이크파티 ✨ 애플크럼블케이크 케이크시트가 퍼석한 스타일이라 사실... ,일상인데 빵밖에 없는,20260202
https://blog.naver.com/angela8846/223654596284,"와인, 2025 감베로로쏘 트레비<b>키에리</b> 시상식 및 와인 시음","트레비<b>키에리</b> 안녕하세요, 푸디안젤라예요 11월 1일(금)에는 앰배서더 서울 풀만 호텔에서 이탈리아 감베로 로쏘가 주최하고, 와인21이 주관하는 &lt;감베로 로쏘 – 트레 비<b>키에리</b> 2025&gt; 가 개최되어... ",푸드디렉터 김유경의 테이스티코리아,20241110
https://blog.naver.com/fnvidir/223960400211,이태원 카페 <b>키에리</b> :: 조용해야하는 한남동 치즈케이크 맛집,"이태원 카페 <b>키에리</b>는 티라미수, 케이크, 치즈케이크 등 디저트로 유명한 한남동 맛집이다. 예전에... 즉, 까와 빠 모두 많은 곳이라 궁금했고 치즈케이크 처돌이라 한번 날 잡고 방문했음 <b>키에리</b> 인스타계정... ",비디로그(VIDILOG),20250806
https://blog.naver.com/wkdms1212/224267833477,이태원 카페 <b>키에리</b>(Kyeri) 서울 마지막 이야기 ✨ 내 인생... ,"오늘은 제가 정말 마음이 싱숭생숭하면서도 너무 행복했던, 저의 찐찐찐 단골집인  이태원 <b>키에리</b>(Kyeri) 방문기를 들려드리려고 해요! ✨ 며칠 전부터 <b>키에리</b> 갈 생각에 어찌나 설레던지.. 가는 길에 날씨까지... ",빵순이 쟈니,20260428
https://blog.naver.com/ddoogi_s/223569583018,"이태원 핫플 카페 <b>키에리</b>! 뽕루바브, 자두 티라미수 케이크 후기",아아 <b>키에리</b> 이게 얼마 만이야. 이태원 가까우면서도 은근 맘 먹어야 올 수 있는 곳 한남동 약속을 시작으로 이태원까지 코스를 짰는데 간만에 <b>키에리</b> 생각이 딱 나서! 어쩌다보니 오픈 시간보다 조금 일찍... ,ddoo.log,20240903
https://blog.naver.com/xkdkddl77/224248749403,이태원 케이크 맛집 ‘<b>키에리</b>’ (제주도 이전하기전에 다시... ,#일상 #일상이야기 #일상기록 #빵지순례 #빵집이야기 #빵순이 #디저트추천 #디저트 #빵추천 #빵맛집 #내돈내산 #<b>키에리</b> 안녕하세요 디저트 러버 소박이입니다. 다름이 아니라 오늘은 오빠가 사다준 <b>키에리</b> 리뷰ㅎ... ,我的日记本,20260411
https://blog.naver.com/yuj1203/223853534742,치즈 케이크 맛집인 카페 &quot;<b>키에리</b>&quot; 내돈내산 솔직후기,"바로바로 *&quot;<b>키에리</b>(KYERI)&quot;*라는 곳인데요. 이전부터 계속 가고싶었던 케이크 맛집인데 드디어... 서울/이태원 &quot;<b>키에리</b>&quot; 서울 용산구 이태원로26길 16-8 수목 13:00 - 19:00 / 이외 요일 13:00 - 20:00 포장, 무선 인터넷... ",유우띠로그,20250502
https://blog.naver.com/propeach/223579388117,"이태원 보광동 동아냉면 본점, 수요미식회 케이크 맛집 <b>키에리</b>","매운 속 달래러 디저트 맛집, 수요미식회 케이크 맛집 <b>키에리</b> 카페로 고고 카.잘.알 언니의 추천으로... 홈메이드로 건강한 디저트면서 맛있고 예쁜 <b>키에리</b> 케이크, 유기농 커피와 각종 수제티도 인기가 많다.... ",말랑한 프로피치,20240910
https://blog.naver.com/wangcho7409/223929717022,디저트 좋아하는 사람의 필수 코스 이태원 디저트카페 <b>키에리</b>,이태원카페 이태원디저트 케이크맛집 이태원<b>키에리</b> 케이크 사다주면서 사진도 찍어다 주는 쏘 다정한 나라♡ 한동안 논란(?)의 중심이었던 이태원 <b>키에리</b> 수요미식회에서도 이용방법이 좀 까다롭다고 했었는데... ,"먹고,마시고",20250711
https://blog.naver.com/100pelican/224061046286,서울 이태원 <b>키에리</b> 케이크 맛집 솔직후기,제가 이번에 포스팅할 곳은 <b>키에리</b> 입니다! 조용히 해야 하는 카페가 있다고 해서 다녀와봤어요!!! 아니... 음료를 주문하고 케이크 맛집으로 유명한 <b>키에리</b>에서 케이크를 감히 지나칠 수 없죠! 케이크가 종류가... ,pelican 다님,20251101
https://blog.naver.com/sungggggggggggg/224173792676,빵지순례 비건 케이크 맛집 이태원 &quot;<b>키에리</b>&quot;,"조용한 공간에서 맛보는 특별한 케이크 <b>키에리</b> 서울 용산구 이태원로26길 16-8 Sun, Thu, Fri 12:30 - 20... 저는 워낙 빵맛집 찾아다니는 걸 좋아해서 <b>키에리</b>도 항상.. 제 플레이스에 저장되어있던 곳입니다... ",syung,20260206
https://blog.naver.com/ki_wish/224169003942,이태원 디저트 카페 <b>키에리</b> 내돈내산 솔직후기,이태원 디저트 카페 <b>키에리</b> 한도 이상의 조용함을 견뎌라 진짜 오랜만에 이태원 나들이를 다녀왔던 날 겸사겸사 예쁜 카페에서 디저트도 먹고 싶어서 폭풍서치하다가 찾은 이태원의 디저트 맛집 <b>키에리</b>!... ,소중한 순간들의 전부,20260202
https://blog.naver.com/sseonv/223645369985,이태원 맛집 노버터 케이크로 유명한 <b>키에리</b>(Kyeri),오늘은 노버터 케이크로 유명한 건강간 맛집 <b>키에리</b>에 다녀왔습니다 <b>키에리</b>(Kyeri) - 이태원역 4번출구에서 도보 3분 - 다양한 조각케이크를 맛볼 수 있음! - 조용한 카페를 지향하므로 소음 불가! - 4인 이상은... ,런희의 소소한 일상,20241103
https://blog.naver.com/hansule1001/223454783116,광교술집/ 안주가 맛있는 이자카야[<b>키타야 수원광교점</b>],제가 수원에서만 먹을 수 있는 이자카야 맛집을 추천해드리겠습니다 프렌차이점이 모두 수원에 있다는 사실 수원 데이트 장소로 딱인 광교술집 키타야입니다 <b>키타야 수원광교점</b> 경기 수원시 영통구... ,이린웨딩 정보ZIP,20240522
https://blog.naver.com/monde384/223527971904,"광교 술집, 광교 이자카야 추천 <b>키타야 수원광교점</b>","제일 중요하게 생각하는 부분이 청결인데, 광교 술집 키타야는 깨끗한 테이블과 바닥청소도 깔끔하게... 총 평 광교 술집 <b>키타야 수원광교점</b>은 수원에서 좀 처럼 보기 어려운 로바다야끼 전문점인데요.... ",오늘도 먹는다 (오먹 :),20240728
https://blog.naver.com/gkwls667/223462848962,광교술집 경기도청술집 <b>키타야 수원광교점</b> 후기,"광교술집 경기도청술집 <b>키타야 수원광교점</b> 후기! 경기도 수원에 경기도청 근처에 광교술집... 카티야 수원광교점 외관입니다, 카티야는 일본 화로구이 로바다야끼를 전문적으로 판매하고 있는 술집입니다.... ",사하 고니,20240529
https://blog.naver.com/111666222/223596334218,분위기를 제대로 즐길 수 있는 곳 <b>키타야 수원광교점</b>,경기 수원시 영통구 센트럴타운로 107 204동 지하1층 22~23호 영업시간 일 - 목 17시 30분 ~ 익일 1시 금 - 토 17시 30분 ~ 익일 2시 ☎️ 031-548-2342 광교술집 <b>키타야 수원광교점</b> 위치는 신분당선 광교중앙역 3번출구에서... ,happily ever after,20240925
https://blog.naver.com/gjcltms1/223459048232,광교 술집 맛집 <b>키타야 수원광교점</b>,"광교 술집 맛집 정보 상호 : <b>키타야 수원광교점</b> 주소 : 경기도 수원시 영통구 센트럴타운로 107 204동 지1층 비22, 23호 키타야 수원광교 영업시간 : 17:30 - 01:00 (금요일 토요일은 02:00 마감, 마지막 주문은 마감... ",고독한 돼식가 민짱,20240526
https://blog.naver.com/kirinblog/223457846390,80년대 일본 술집 <b>키타야 수원광교점</b> 광교 술집 수원 광교... ,한다 키타야(이자카야) 수원 광교점 [영업시간] 일요일~목요일 17:30 ~ 01:00 / 라스트 오더 12:00 금요일... 아니다...) <b>키타야 수원 광교점</b>은 메뉴판부터 일본어가 적혀 있고 그 밑에 한국어가 적혀있어서 마치... ,( )했던 오늘의 기록,20240525
https://blog.naver.com/qudwls4817/223527323410,80년대 일본 현지느낌 광교술집 <b>키타야 수원광교점</b>,수원광교를 방문하면서 같이 방문한곳도 있는데 그곳을 소개하려고 합니다 <b>키타야 수원광교점</b> ⏰️ 영업시간 일 ~ 목 17:30-1:00 (라스트오더 12:00) 금 ~ 토 17:30-2:00 (라스트오더 1:00)  전화번호 031-548-2342 키타야... ,필립 라이프,20240727
https://blog.naver.com/god5and1/223603572343,광교술집 맛과 분위기 모두 사로잡는 <b>키타야 수원광교점</b>,"b22,23호 수원에서 보기 힘든 로바다야키 전문점으로 <b>키타야 수원광교점</b>은 신분당선 광교중앙역에서 500m 거리에 있어 접근성이 좋아요. 광교술집은 외관부터 이자카야 분위기와 함께 특유의 감성과 개성이... ",새록새록 새롭지 every day❤️,20241001
https://blog.naver.com/xoxof_0108/223597586857,[광교술집] 안주맛집 이자카야 <b>키타야 수원광교점</b>,"<b>키타야 수원광교점</b>은 수원에서 보기 힘든 로바다야끼 전문점이다. *로바다야끼 : 일본의 화로구이... 국물이 하나 땡겨서 주문한 키타야홍짬뽕 24,900 오징어가 통으로 들어갔다! 짬뽕은 중식이지만 키타야만의... ",타미니의 탐방,20240926
https://blog.naver.com/soparknam89/223560436999,광교술집 분위기 좋은 이자카야 <b>키타야 수원광교점</b>,하루의 피로를 씻겨 줄 기쁨이 가득한 공간 <b>키타야 수원광교점</b> 광교술집 키타야 광교 수원 광교 지역에서는 찾기 힘든 로바다야끼 전문점이라고 할 수 있는데요. 단언컨대 광교술집 특히나 이자카야를... ,30대 가장의 경제적 자유기,20240825
https://blog.naver.com/cafepangpang/224239200099,광교 이자카야 일본 감성 가득 술집 <b>키타야 수원광교점</b>,"진한 일본 감성의 로바다야끼 전문 이자카야 광교 이자카야 <b>키타야</b> 경기 <b>수원</b>시 영통구 센트럴타운로 107 (이의동, 광교푸르지오 월드마크, 월드스퀘어) 1층 <b>키타야</b> 광교 이자카야 일본 감성 가득 술집 <b>키타야</b>... ",알록사탕♡ 다채로운 삶,20260403
https://blog.naver.com/group9002/223417162740,[ 광교술집 ] <b>키타야 수원광교점</b>에서 맛있는 안주와 소주 한잔,"방문했습니다❗️ <b>키타야 수원광교점</b> 영업정보 주소 : 경기 수원시 영통구 센트럴타운로 107 204동 지1층 비22, 23호 차량방문 광교 월드스퀘어 짛하 3층 주차장 11-12쪽에 주차 5번 엘리베이터를 타고 지하1층으로... ",일상 블로그,20240416
https://blog.naver.com/hiho0929/223534089505,"광교술집 <b>키타야 수원광교점</b>, 80년대 일본 술집 감성 분위기... ",네이버+인스타 두곳에 리뷰를 남기면 무려 도쿠리1병을 서비스로 받을 수 있으니 방문하실분은 참고하세요 :) 오늘은 수원 에서 술한잔 기울이기 좋은 '광교술집 <b>키타야 수원광교점</b>'을 소개해드렸는데요... ,쭈베베의 어쩌다보니,20240802
https://blog.naver.com/wkddbwls355/223463666248,광교술집 광교이자카야 광교이자카야맛집  <b>키타야 수원광교점</b>,광교술집 <b>키타야 수원광교점</b>은 수원에서 보기 힘든 로바다야끼 전문점으로 기존 이자카야와 다른 일본 현지의 메뉴를 맛볼 수 있다는 점이 제 시선을 사로잡았는데요. 방문하기전 알아보니 다찌에서 셰프들이... ,소리없이 타오르는 불꽃,20240530
https://blog.naver.com/p_hyeily/223596424302,맛까지 좋은 이자카야 찾는다면 광교술집 <b>키타야 수원광교점</b>,<b>키타야 수원광교점</b> 메뉴들 역시 모두 맥주와 너무 잘 어울리고 맛있었는데요 이제는 키타야 가려고 수원에 오는 것 같아요 수원에서 보기 힘든 로바다야끼 전문점이기도 하고 실제로 사장님께서도 오랜기간... ,소소한 하루에 반짝임을 더해요❤️,20240926
https://blog.naver.com/neardear__/223555888557,광교술집 일본분위기 낭낭한 중앙역이자카야 <b>키타야 수원광교점</b>,광교술집 일본분위기 낭낭한 중앙역이자카야 <b>키타야 수원광교점</b> 여러분들은 일본 분위기 낭낭한... 히히 수원에서는 일본 화로 구이인 로바다야끼 전문점을 보기 힘든데 광교술집 키타야에서 즐길 수 있으니... ,홍레블러의 지구정복,20240821
https://blog.naver.com/hee_virus/223427966090,광교 술집 추천 &quot;<b>키타야 수원 광교점</b>&quot;,광교 술집 &quot;키타야&quot; 정보 &quot;<b>키타야 수원 광교점</b>&quot; 주소: 수원시 영통구 센트럴타운로 107 광교 푸르지오 월드마크 b22호 문의: 031-548-2342 운영시간 : 일~목 17:30~13:00 (라스트 오더 12:00) 금~토 17:30~2:00 (라스트 오더 1:00)... ,소쓩의 여행 로드,20240426
https://blog.naver.com/12jeesoo26/223420168440,광교술집 이자카야 <b>키타야 수원광교점</b>,"줄 <b>키타야 수원광교점</b> 내부 모습이에요 키타야는 현재 17:00~18:30시에 방문 시 미니 규동을 제공하는... <b>키타야 수원광교점</b>은 수원에서 보기 힘든 로바다야끼 전문점인데요, 사장님이 일본에서 10년 이상... ",열심히 일하고 먹고 노는 기록장:-),20240419
https://blog.naver.com/leeyk3486/223803161199,"[나의 또간집] 광교 이자카야, <b>키타야 수원광교점</b>","바로 <b>키타야 수원광교점</b>! 첫 방문때 메뉴 4개 뿌셨던 ✌ 1월의 어느날, 폭설이 왔다 그저 눈이 펑펑 와서... 눈이 최고잖아 눈 와서 감성 충만하므로 오늘은 키타야 감성으로 가야해 분위기도 좋고 음식도... ",쿠우의 미니룸✨,20250320
https://blog.naver.com/dkemsp125/223537069345,다나카가 소개한 찐 맛집_광교 이자카야 [<b>키타야 수원광교점</b>],"<b>키타야 수원광교점</b> 경기 수원시 영통구 센트럴타운로 107 204동 지1층 비22, 23호 17:30~2:00 031-548-2342... 광교 근처에 회식이나 좋은 이자카야 찾으신다면 키타야 어떠신가요 수원에만 3지점이 있더라구요~",솔직담백 내맘대로 리뷰어,20240805
https://blog.naver.com/ms_answer/224177758846,이태원대형카페 노희영 추천 <b>타르틴 베이커리 이태원점</b> 디너 피자,"타르틴베이커리는 이전에 홍대서교동과 용산아이파크몰 지점으로 여러번 갔었는데요, 이태원점은 첫 방문이었어요. 이태원대형카페 답게 정말 규모가 꽤 크더라고요 ! <b>타르틴베이커리 이태원점</b>의 특별한 디너... ",정답양‘s 아이와 여행&,20260209
https://blog.naver.com/chingu_yh/224142635534,이태원 맛집 노희영 단골 빵집 <b>타르틴 베이커리 이태원점</b>,있는 <b>타르틴 베이커리 이태원점</b>에 다녀왔다. 이태원 맛집 <b>타르틴 베이커리 이태원점</b> 1) 찾아가는 방법... 타르틴 베이커리를 다녀왔다는 인증으로 종이 백을 들고 집에 오는 내내 행복했다. 이태원점을 나설 땐... ,"""다음 휴가땐 어디가서 뭘 먹을까?""",20260111
https://blog.naver.com/whywouldntyouloveme/224155228425,"이태원 브런치 <b>타르틴베이커리 이태원점</b>,잠봉뵈르샌드위치... ","타르틴베이커리 디너 메뉴는 이태원 점에서만 맛볼 수 있다고 하는데 피자, 샐러드, 스몰디쉬 등 와인과 잘 어울릴 법한 디너메뉴들 궁금한 분들은 저녁 5시 이후 디너타임 노려보자! <b>타르틴 베이커리 이태원점</b>... ",당신이 왜 날 사랑하지 않겠어,20260122
https://blog.naver.com/zzin_e_/224266556847,⁞⁞ <b>타르틴 베이커리 이태원점</b> ⁞⁞ 이태원 3대 베이커리... ,서울 이태원 카페 <b>타르틴 베이커리</b> ❝ 대만족 ❞ 가게 영업 정보는 글 아래쪽에 작성해뒀어요. ൱ 참고해 주시면 좋을 것 같아요 ൱ . . . 오랜만에 만난 친구랑 서울 맛도리 여행 스타트 친구는 맛있는 음식만... ,찐로그,20260427
https://blog.naver.com/arariyo_/224146073589,이태원 브런치 맛집 <b>타르틴</b> <b>이태원점</b> <b>베이커리</b> 한남동 데이트... ,"노희영 단골 빵집으로 유명한 맛집 <b>타르틴베이커리 이태원점</b> 안녕하세요 옆집 블로거 아라로씨... 유명한 '타르틴 베이커리'라고 해요 저는 이번에 이태원점으로 다녀왔는데요, 공간이 예쁘고 다양한 빵을... ",옆집 블로거 아라로씨,20260114
https://blog.naver.com/seastar8/224135613794,한남동 <b>타르틴베이커리 이태원점</b> 이태원역 리움미술관 인근... ,국내에서는 한남점을 시작으로 몇개의 지점이 오픈한 후에 작년엔가 이태원점이 오픈했던 것 같다. 오래전에 용산 아이파크몰점에서 타르틴 샤워도우 빵을 먹어보고 잊고 있었다. <b>타르틴베이커리 이태원점</b>... ,바다별의 알아가는 ART,20260105
https://blog.naver.com/hane1982/224143643991,한남동 맛집 카페 <b>타르틴 베이커리 이태원점</b>,그렇게 한남동 맛집 카페로 이용하기 좋은 <b>타르틴 베이커리 이태원점</b>에 다녀왔다. 위치는 이태원역 3번... 타르틴 베이커리의 매장은 지점마다 분위기가 조금씩 다른데 이태원점은 천고가 높고 세련된... ,HANE의 하루,20260112
https://blog.naver.com/ohhtk/224159438296,이태원 브런치 <b>타르틴베이커리 이태원점</b> 여기가 월드체인이네,브런치 메뉴가 맛있기로 유명하지만 이태원점에서만 맛볼 수 있는 저녁메뉴도 소문나서 많은 분들이... #이태원빵집 #이태원맛집 #이태원케이크 #이태원케이크맛집 #타르틴베이커리 #<b>타르틴베이커리이태원점</b>... ,하하하,20260125
https://blog.naver.com/dorami7/223846601546,한 분위기의 카페 <b>타르틴베이커리 이태원점</b> 잠봉뵈르 샌드위치,거꾸로 트리 바로 맞은 편에 있어 뭔가 드라마틱 한남동 카페 <b>타르틴베이커리 이태원점</b> 메뉴와 잠봉뵈르샌드위치 타르틴베이커리 음료 메뉴판 이 베이커리카페는 커피도 맛있었는데 메뉴판 맨 위에 보면... ,DAILYLOG,20250426
https://blog.naver.com/yundu_joon/223940164838,이태원 <b>베이커리</b>카페 타르트 맛집 <b>타르틴</b> <b>이태원점</b> 주말방문후기,베이커리가 맛있기로 유명한 타르틴 이태원점 다녀왔어요. 예전에 용산점 방문했을 때 오후시간대에... 카페 타르틴 외관 이태원역 3번 출구에서 도보6분 입니다. 직진만 하시면 <b>타르틴베이커리 이태원점</b>이... ,놀고 먹고 일하고๑'ٮ'๑,20250721
https://blog.naver.com/b911122/224164457627,이태원역 카페 새로 오픈한 <b>타르틴베이커리 이태원점</b>,"포장 #이태원빵집 #타르틴베이커리 #이태원케이크 #이태원케이크맛집 #<b>타르틴베이커리이태원점</b>... 곳, <b>타르틴 베이커리 이태원점</b>에 다녀왔어요. 제가 이전에 한남점을 방문했었는데 얼마전에 이태원점이 새로... ","하고싶은것도 많고, 가고싶은데도 많은",20260129
https://blog.naver.com/teddy0719/224151541657,"카페, 밤에는 피자 와인 한잔하기 좋은 <b>타르틴 베이커리 이태원점</b>","노희영님의 20년 단골 빵집으로 유명한 <b>타르틴 베이커리 이태원점</b>을 다녀왔어요 낮에는 브런치, 빵을... 유명한 타르틴베이커리의 이태원점 후기였습니다!! #이태원빵집 #이태원베이커리 #이태원맛집... ",이것저것 기록 블로그,20260119
https://blog.naver.com/wony_91/224161115806,노희영 단골 빵집 이태원 맛집 <b>타르틴베이커리 이태원점</b>,보틀와인도 판매중 ㅎㅎ <b>타르틴베이커리 이태원점</b> 빵 나오는 시간 오전 10시부터 ~ 커피 주문은 매장 오픈시간부터 가능해요 이태원빵집 타르틴베이커리 노희영 단골 빵집 <b>타르틴베이커리 이태원점</b> 일요일 오후... ,워니라이프,20260127
https://blog.naver.com/sks5671/224146751838,이태원브런치맛집 : <b>타르틴베이커리 이태원점</b> 다녀오다!!!!,"이태원브런치맛집 <b>타르틴베이커리 이태원점</b> 1. 영업시간 09:30~21:30, 라스트오더 9시 버스에서 내려서... 미국 샌프란시스코에서 죽기전에 먹어야할 베이커리라고 까지 선정됐던, 타르틴베이커리의 이태원점이라... ",무던하고 덤덤한,20260114
https://blog.naver.com/zzinn_zzang/224259630520,<b>타르틴 베이커리 이태원점</b> 후기 │ 여유롭게 시간 보내기 좋은 곳,"저는 <b>이태원점</b>을 이용했는데 판교, 대치, 청담, 한남 등 여러 지점이 있어요 3번 출구에서 걸어오면 우측에 바로 <b>타르틴 베이커리</b>가 보여요 메뉴 커피부터 <b>베이커리</b> 및 브런치 까지 간단한 브런치 메뉴부터... ",쯴짱 아카이브.zip,20260421
https://blog.naver.com/neuno/224172440090,이태원브런치맛집_<b>타르틴 베이커리 이태원점</b> 노희영 단골 빵집,휠체어 이용 가능 #이태원빵집 #이태원맛집 #이태원케이크 #이태원케이크맛집 #타르틴베이커리 #<b>타르틴베이커리이태원점</b> #이태원데이트 #이태원빵맛집 #이태원브런치 #이태원브런치맛집 #이태원브런치맛집,RAMIWORKROOM,20260205
https://blog.naver.com/5seng_530/224093291632,그릴드쪽파 샌드위치와 라떼가 맛있는 <b>타르틴베이커리 이태원점</b>,#이태원카페 #한강진역카페 #한남동카페 #이태원역카페 #타르틴베이커리 #<b>타르틴베이커리이태원점</b> #이태원타르틴 #슬랩빵 #타르틴슬랩 #타르틴베이커리이태원 #타르틴사워도우 #타르틴샌드위치... ,셍이의 하루,20251130
https://blog.naver.com/bbosil/223871594663,[<b>타르틴 베이커리</b>] <b>이태원점</b> : 완전무결한 타르틴슬랩 그리고... ,"타르틴 슬랩을 한 가득 씹으며 생각했다. <b>타르틴 베이커리 이태원점</b> 내/외부 둘러보기 한 가지 헷갈리지... 한남오거리쪽에 타르틴 베이커리가 한남점이고, 제일기획 옆 이 곳이 이태원점. 사실 난 제일기획... ",Rainy night episode,20250520
https://blog.naver.com/to-be-kind/224106009001,용산 브런치카페 <b>타르틴 베이커리 이태원점</b> 리움미술관 근처... ,오늘은 컬리에서 품절 대란 될 정도로 핫한 빵 슬랩을 파는 '<b>타르틴 베이커리 이태원점</b>'을 소개해... 타르틴 이태원점은 리움 호암 미술관 전시 관람하고 이태원 쪽으로 걸어가다가 타르틴 베이커리가... ,행복한 순간 모음.zip,20251211
https://blog.naver.com/doongddal/224146786525,이태원브런치 <b>타르틴베이커리 이태원점</b> 사워도우 컨트리 슬랩... ,"한국 이태원점 빵에 진심인 딸은... 빵맛집은 멀어도 간다쥬~~ 대전, 제주까지!!! 타르틴베이커리 플레이스 <b>타르틴베이커리 이태원점</b> 서울시 용산구 이태원로 214 1층 ☎ 0507-1447-1798 ※ 영업시간 09:30 - 21:30... ",태태태지페,20260114
https://blog.naver.com/mui_choi/224086698254,광교삼겹살 맛집 재방문 <b>탐락 광교본점</b>,주차는 건물 주차장 이용시 3시간 무료 상가A.C 엘레베이터를 이용하면 탐락을 찾기 쉽다. 실내... 재방문 <b>탐락 광교본점</b> #광교삼겹살 #광교고기집 #광교중앙역삼겹살 #광교흑돼지 #광교고기구워주는집... ,먹는게 메리트。,20251124
https://blog.naver.com/taemin12/224087767477,광교 맛집 추천 <b>탐락 광교본점</b> 제주흑돼지,광교 맛집 추천 탐락 기본 밑반찬 <b>탐락 광교본점</b> 정보 주소: 경기 수원시 영통구 도청로 18번길 26 1층 121호 전화번호: 0507-1409-9770 영업시간: 17:00 ~ 23:00 (22:00 라스트오더) 광교 탐락본점은 수원에 있는 대기업... ,한걸음씩 떠나는 여정,20251125
https://blog.naver.com/bluedar_fs/223971619444,광교 삼겹살 맛집 ! 프리미엄 흑돼지 맛집 ! <b>탐락 광교본점</b>!,<b>탐락</b>이 <b>광교</b> 삼겹살 맛집이 된데는 이유가 있다ㅋ <b>탐락</b>의 프리미엄 돼지고기는 특별하다! 전국에서 소수의 고깃집만이 제공받을 수 있는 제주의 난축맛돈을 만나볼 수 있기때문 !!! 난축맛돈은 제주난지축산... ,달리달라의 Colorful mind,20250815
https://blog.naver.com/jennn_log/224030096367,[광교 고기집] <b>탐락 광교본점</b>_흑돼지_오겹살_목살_생갈비_주차,안녕하세요~ 오늘은 광교 고기집 소개입니다 <b>탐락 광교 본점</b>을 다녀왔어요~ 광교 힐스테이트 1층에 위치해있어요 주차는 건물지하에 하면 됩니다~!! 화로구이 프리미엄 탐락~ 나무로된 간판을 찾으시면됩니다... ,젊음의 기록,20251002
https://blog.naver.com/marvelous81/223794664714,광교 삼겹살 맛집 <b>탐락 광교본점</b>,프리미엄 화로구이 탐락 <b>탐락 광교본점</b>은 경기도청 근처 힐스테이트 광교중앙역건물 1층에 위치해 있어요. 저희는 자차를 이용해서 갔는데 건물 주차 공간이 넓고 무료 주차도 가능해서 편했어요. 지하 3층 A... ,사랑하는 두 아이와 여행 체험하기,20250313
https://blog.naver.com/sidero10/224232752759,[광교 맛집] <b>탐락 광교본점</b>,사무실 사람들과 저녁을 하러 오랜만에 <b>탐락 광교본점</b>을 방문 했다 3년 전 정말 맛있게 먹은 기억이 있는 곳  <b>탐락 광교본점</b> <b>탐락 광교본점</b>은 광교 앨포트 뒤쪽 골목에 위치한다. 주변에도 가게들이 모여 있다.... ,"맛집, 정보 그리고 일상",20260328
https://blog.naver.com/ommmmaya_jane/224084632161,"맛집] <b>광교</b>고기집 추천! 구워주는 고깃집, <b>광교</b> <b>탐락</b><b>본점</b> 후기!","소개해드릴게요 ♥️ <b>탐락 광교본점</b> ✅ 주소 : 경기도 수원시 영통구 도청로18번길 26 1층 121호... 있습니다 ✨ 광교 탐락본점에서는 좋아하는 와인 1병 콜키지 프리 이벤트를 진행하고 있으며, 네이버 영수증... ",오지의 마법사,20251122
https://blog.naver.com/mon_tuesday/224016936200,광교중앙역 삼겹살 맛집 프리미엄 제주 흑돼지 <b>탐락 광교본점</b>,맛집 탐락에 다녀왔어요:) 광교중앙역에서 도보 9분 거리 힐스테이트 광교중앙역 건물 1층에... 완벽 광교 고기집 광교중앙역 삼겹살 맛집 <b>탐락 광교본점</b>에서 프리미엄 제주 흑돼지로 톨님과 함께... ,햄찌네,20250922
https://blog.naver.com/layla--/224223616789,<b>광교</b> 고깃집 흑돼지 <b>탐락</b> 예약 웨이팅 콜키지,광교중앙역 근처 괜찮은 고깃집 찾았어요! 제주 흑돼지 난축 맛돈 맛집 <b>탐락 광교본점</b> 다녀왔습니다.... 광교 탐락 재방문 의사있어요. 추천합니다! #광교중앙역고깃집 #광교중앙역고기집 #탐락콜키지... ,해피 에이징 파크,20260320
https://blog.naver.com/ilikejune/223795008440,"광교 삼겹살 <b>탐락광교본점</b>, 감성적 인테리어의 제주 흑돼지... ",풍미와 감각적인 인테리어가 어우러진 <b>탐락 광교본점</b>은 먹는 즐거움과 보는 즐거움을 동시에 제공하는 감성 광교 고기집이라 해도 과언이 아닌 듯 합니다. #광교삼겹살 #광교고기집 #탐락본점 #<b>탐락광교본점</b>,셀러제이 여행 & 리뷰,20250314
https://blog.naver.com/bangsil47/223657161304,광교 중앙역 삼겹살 고기집 추천 <b>탐락 광교본점</b>,<b>광교</b> 중앙역 삼겹살 <b>탐락 광교</b>점 ⬜ 위치: 경기도 수원시 영통구 도청로18번길 26 ⬜ 제주도 난축맛돈과 꼼꼼하게 엄선된 한우 사용 ⬜ 네이버 알림 받기를 누르면 음료수가 무료인 이벤트 <b>광교</b> 삼겹살 <b>탐락</b>은... ,방실로그,20241115
https://blog.naver.com/ksk98815/223611569168,광교중앙역 삼겹살 :: 프리미엄 난축맛돈 맛집 <b>탐락 광교본점</b>,"증정 <b>탐락 광교본점</b>은 광교중앙역 4번출구에서 도보 5분 거리에 있다. 롯데아울렛 끼고 좌측으로... A,C상가 엘리베이터 이용하고 우측으로 꺾어 큰길로 나오면 바로 탐락을 찾을 수 있당 회식 맛집이라 그런가... ",별의별,20241008
https://blog.naver.com/windywitch/224093472004,<b>광교</b> 중앙역 삼겹살 맛집 <b>탐락</b> 가족식사 추천,"딱이었던 탐락을 추천드려봅니다. <b>탐락 광교 본점</b> 경기 수원시 영통구 도청로18번길 26(힐스테이트) 1층 121호 월~금 17시~23시/ 토일 11시~14시30분, 16시~22시 30분 콜키지 이벤트, 와인 한병 프리 광교 힐스테이트 1층... ",오니와 함께하는 길 위의 일상,20251130
https://blog.naver.com/mui_choi/223802807741,프리미엄 화로구이 광교 삼겹살 맛집 <b>탐락 광교본점</b>,필수인 <b>탐락 광교본점</b>에 다녀왔다. 감각적인 인테리어 뿐 아니라 프리미엄 고기를 사용해서 맛도 좋았다. 프리미엄 화로구이 탐락 외관 광교 삼겹살 맛집 탐락은 경기도청 근처에 있는 힐스테이트... ,먹는게 메리트。,20250319
https://blog.naver.com/pika_parka/223781125249,"[광교 맛집] <b>탐락 광교 본점</b>, 좀 비싸도 맛있는 돼지고기 맛집","나름 웨이팅 없이는 못 가는 우리동네 맛집 <b>탐락</b> 동네주민들은 크록스만 신고 가죠..? 나름 3팀이나... 덜남, <b>광교</b> 라는 박자가 맞아서 회식으로도 나쁘지 않습니다. 한 땐 좋아해서 진짜 일주일에 한 번씩 갔던 거... ",무음모드,20250302
https://blog.naver.com/dalji_log/224226789087,광교 삼겹살 맛집 : <b>탐락 광교본점</b> : 구워주는 고기집 청첩장... ,맛집입니다 #광교맛집 #광교삼겹살맛집 #탐락 #광교탐락 #광교구워주는고기집 #광교청모 #광교청첩장모임 #광교가족식사 #내돈내산 광교 소문난 맛집 <b>탐락 광교본점</b> 맛있겠다 기대하며 방문했습니다 이미... ,❤️달지어리❤️,20260328
https://blog.naver.com/bonabby/224027700072,"프리미엄 제주 흑돼지를 맛보다, <b>탐락 광교본점</b>",[들어가며] <b>탐락</b>에는 벌써 세번째 방문인듯 하다. 앞선 두번은 모두 지인들과 방문했었는데 서비스와 맛이 훌륭하다보니 가족들을 데리고 오고 싶다는 생각을 하곤 했는데 좋은 기회에 식사를 했다. <b>탐락</b>은... ,보나비스의 바라보기,20250930
https://blog.naver.com/wnh0406/223669868265,[광교중앙역 삼겹살] <b>탐락 광교본점</b>,저도 한번 소개해 볼게요♀️ #<b>광교</b>삼겹살 #<b>광교</b>중앙역삼겹살 #<b>광교</b>고기집 #<b>탐락</b> #<b>광교</b><b>탐락</b> 경기 수원시 영통구 도청로18번길26 1층 121호 (<b>광교</b>중앙역 4번 출구에서 532m) * 주차 가 : 힐스테이트<b>광교</b>중앙역... ,ㄱ나니?,20241122
https://blog.naver.com/haemidaek/223997025576,수원 <b>광교</b> 구워주는 고기집 <b>탐락</b> 흑돼지 삼겹살 맛집,"수원 광교 구워주는 고기집 탐락 흑돼지 삼겹살 맛집 오랜만에 아이들이 좋아하는 고깃집을 알아보다가, 평소 눈여겨보던 광교 삼겹살 맛집 <b>탐락 광교본점</b>을 다녀왔어요. 이미 입소문이 자자한 고깃집이라... ",해미댁의 세상사는 이야기,20250905
https://blog.naver.com/joanna9570/224265891833,"수원 <b>광교</b> 고기집, <b>탐락</b> 청모 장소 추천 프리미엄 돼지고기 맛집","추천하는 <b>탐락 광교본점</b>입니다! INDEX 1. 수원 광교, 탐락 2. 메뉴 구성 및 가격 3. 기본 밑반찬 4. 주문한 메뉴 : 제주 난축맛돈 세트, 오겹살, 계란찜 5. 내돈내산 청모 총평 1. 수원 광교, 탐락 제주도 재래흑돼지... ",❤️조안나의 TRAVELOG❤️,20260426
https://blog.naver.com/thdusdlrhdi/224157427794,"수원 인계동 맛집 <b>태능감자탕 수원인계점</b>, 24시간 든든한... ","메뉴가 감자탕이잖아요. 수원 인계동 쪽에서 24시간 운영하는 곳을 찾다가 이번에 다녀온 곳이 바로 <b>태능감자탕 수원인계점</b>이에요. 무쇠뼈찜으로 유명하다고 해서 기대하고 방문했는데, 양이랑 맛 둘 다... ",왕고밍의 먹술로그,20260123
https://blog.naver.com/10yjs10/224178307813,26.1.17 [수원 인계동] 24시간... <b>태능감자탕 수원인계점</b>... ,"예약, 유아의자, 배달, 포장 #태능감자탕 #<b>태능감자탕수원인계점</b> #태능뼈다귀해장국 #태능뼈해장국 #얼큰뼈해장국 #얼큰뼈다귀해장국 #수원인계동해장국 #인계동24시식당 #배깍두기 #김치맛집 #깍두기맛집",까까언니♡보리누나 들이 운영중인 블로그 ♥,20260210
https://blog.naver.com/fubudiethjh/224157475868,<b>태능감자탕 수원인계점</b> 수원 인계동 맛집 24시 무쇠뼈찜 먹고... ,<b>수원</b> 인계동 맛집 리스트에 꼭 저장해두고 싶은 곳을 드디어 발견해서 기분이 좋아요. 진하게 우려낸... 상큼한 컬러에 <b>태능감자탕</b> 로고가 귀엽게 포인트로 들어가 있어 들고 가는 내내 신이 났죠. 두툼한... ,기다리기,20260124
https://blog.naver.com/jejepark0325/224274859708,인계동 감자탕 먹으러 <b>태능감자탕 수원인계점</b> 방문,그래서 오늘은 고기고기한 감자탕을 먹으로 인계동 감자탕 맛집인 태능감자탕에 방문했다. <b>태능감자탕 수원인계점</b>  경기 수원시 팔달구 효원로291번길 40 1층  031-224-3388 ⏰ 매일 00:00~24:00 ️ 주차 가능... ,제제의 소소한 후기,20260504
https://blog.naver.com/jjudoongi/224240077045,맛집 <b>태능감자탕 수원인계점</b> 양이 정말 많은 혜자 감자탕 추천... ,신메뉴로 태능식육회와 육회비빔밥도 있었답니다 이날 저랑 남편은 감자탕을 먹고 싶어서 감자탕(중) 사이즈를 주문했어요! 인계동 맛집 <b>태능감자탕 수원인계점</b>은 아기를 동반한 테이블에 아기용 김을 무료로... ,김쮸둥의 꿀딴지,20260403
https://blog.naver.com/songhee519/224164264966,인계동 해장국 맛집 <b>태능감자탕 수원인계점</b> 24시간 회식하기... ,"Restaurant 인계동 해장국 맛집 태능감자탕 불맛 가득 맛도리 뼈구이 솔직 후기 <b>태능감자탕 수원인계점</b> 글... 24시간 연중 무휴로 운영하고 있어, 수원시청 회식하러 오기도 좋을 것 같은 곳이었다. 태능감자탕... ",발길 닿는 난로,20260129
https://blog.naver.com/lj3435/224085220987,"수원시청 맛집, 인계동 감자탕 맛집 &quot;<b>태능감자탕 수원인계점</b>&quot;","경기 수원시 팔달구 효원로291번길 40 1층 태능감자탕 ☎ 031-224-3388 매일: 12:00am~24:00am ✅연중 무휴... 아닌듯한 감자탕 인계동에서 약속이 있었는데, 외관부터 뙇!! 눈에 띄는 &quot;<b>태능감자탕 수원인계점</b>&quot; 다녀왔어요... ",정이다움's Daily log,20251124
https://blog.naver.com/for_me_crystal/224275587376,인계동 감자탕 맛집 <b>태능감자탕 수원인계점</b> 솔직후기 (회식... ,"짝꿍이와 든든하게 한 끼 하기 좋은 곳을 찾다가 다녀온 <b>태능감자탕 수원인계점</b> 후기입니다  기본 정보... 매장 분위기 (회식, 단체 모임 가능!) 들어가면 딱 “편하게 먹기 좋은 감자탕집” 느낌이에요. 테이블... ",수정이투특일상,20260506
https://blog.naver.com/dailyhan_/224119514393,인계동 맛집 <b>태능감자탕 수원인계점</b> 방문 솔직후기,와봤어용 <b>태능감자탕 수원인계점</b> 주소 : 경기 수원시 팔달구 효원로291번길 40 1층 영업시간 : 연중무휴 24시간 전화번호 : 031-224-3388 태능감자탕 수원인계_외관 사실 제가 요새 수원 인계쪽을 정말 많이 오는데... ,Han's Daily,20251223
https://blog.naver.com/rudgml645/224211899652,인계동 감자탕 맛집 <b>태능감자탕 수원인계점</b> 산더미 무쇠 뼈찜... ,안녕하세요~ 올리브입니다:) 인계동 감자탕 맛집이 새로 오픈했다고 하여 다녀온 <b>태능감자탕 수원인계점</b> 38년 전통의 태릉에서 유명한 태능감자탕집이 수원에도 생겼습니다~ 태릉에서 맛집으로 유명할 정도면... ,Olive's Daily Life,20260310
https://blog.naver.com/seibi_/224190464521,인계동 해장국 38년 전통의 깊은 맛 <b>태능감자탕 수원인계점</b>,#인계동해장국 #인계동감자탕 #인계동맛집 #인계동뼈해장국 #인계동뼈찜 #인계동뼈구이 #수원시청역맛집 #수원시청회식 #인계동회식 #수원시청해장국 #<b>태능감자탕수원인계점</b> #태능감자탕 #감자탕맛집 #뼈찜... ,세이비의 놀고 먹는 일기장,20260221
https://blog.naver.com/nang2_u/224104360115,인계동 감자탕 <b>태능감자탕 수원인계점</b>,<b>태능감자탕 수원인계점</b> 경기 수원시 팔달구 효원로291번길 40 1층 0507-1481-3428 ⏰ 24시간 영업 연중무휴 주차가능 38년이 된 감자탕 집인데 1980년대 어머니의 정성과 담긴 돼지뼛국으로 지금까지 이어져서 태능감자... ,소소한 행복으로 하루하루,20251210
https://blog.naver.com/daram120914/224101559325,인계동 해장국 24시 <b>태능감자탕 수원인계점</b>,"가능 · <b>수원</b> 페이 결제 가능 25년 12월 7일 현재 기준 뼈짐, <b>감자탕</b>, 뼈구이 주문하면 해물파전 서비스! 인계동 <b>태능감자탕</b>은 내부가 엄청 넓어서 단체 회식, 단체 모임으로 많이 방문하시더라고요! 메뉴 &amp; 기본... ",웽부부의 전국 맛집 여행,20251207
https://blog.naver.com/yolodreamer-/224106052155,<b>수원</b> 인계동 맛집 38년전통 태릉전통의 <b>감자탕</b> 뼈구이... ,ㅎㅎㅎㅎ  #인계동해장국 #인계동감자탕 #인계동맛집 #인계동뼈해장국 #인계동뼈찜 #인계동뼈구이 #수원시청역맛집 #수원시청회식 #인계동회식 #수원시청해장국 #<b>태능감자탕수원인계점</b> #태능감자탕... ,YOLO-DREAMER 맛집투어,20251211
https://blog.naver.com/gywls4596/224124490652,[수원/인계]:: 놀고 해장하기... 맛집 <b>태능감자탕 수원인계점</b>,맛집 <b>태능감자탕 수원인계점</b> 방문해보세요! #인계동해장국 #인계동감자탕 #인계동맛집 #인계동뼈해장국 #인계동뼈찜 #인계동뼈구이 #수원시청회식 #인계동회식 #태능감자탕 #태능감자탕인계 #수원시청역맛집,✨동갑내기 부부 일상✨,20251227
https://blog.naver.com/nodaysoff/224217545163,인계동 감자탕 <b>태능감자탕 수원인계점</b> 무쇠뼈구이 후기,#수원감자탕 #인계동감자탕 #수원뼈구이 #인계동뼈구이 #태능감자탕 #<b>태능감자탕수원인계점</b> #수원해장맛집 #수원24시간맛집 #수원회식장소 #인계동회식 #수원단체모임 #인계동술집 #수원인계동감자탕... ,방구석 에세이,20260315
https://blog.naver.com/22ddoo/224103637832,인계동 감자탕 <b>태능감자탕 수원인계점</b> - 38년 전통 깊은 국물의... ,"인계동감자탕, #인계동맛집 #인계동뼈해장국, #인계동뼈찜, #인계동뼈구이, #수원시청역맛집 #수원시청회식 #인계동회식 #수원시청해장국 #<b>태능감자탕수원인계점</b> #태능감자탕 #감자탕맛집 #뼈찜 #뼈구이",됴의 일상,20251209
https://blog.naver.com/kanghy_0809/224263451159,<b>수원</b> <b>수원</b>시청 인계동 24시간 영업 <b>감자탕</b> 맛 집 : <b>태능감자탕</b>... ,저희는 <b>태능감자탕</b> 중자를 주문했는데 다 먹고 난 뒤 친구가 중자면 몇인분정도인가요? 여쭤봤더니 남여섞어서 5인분정도라고함. 제가 한 0.8-1인분 먹은거면 얼마나 먹은거야 돼지쉑들. 맛도 맛이지만... ,룰루랄라 혜뇽쓰,20260424
https://blog.naver.com/ttiyon/224237460317,수원 인계동 해장국 <b>태능감자탕 수원인계점</b> 솔직 후기(주차... ,1)<b>태능</b>식<b>감자탕</b> 45000/38000/32000원 2)무쇠뼈찜 52000/41000원 3)뼈구이 53000/42000원 ** 안주류 ** 1)<b>태능</b>식육회 18000원 ** 주류 ** 1)소주 5000원 2)맥주 5000원 3)탄산음료 2000원 <b>수원</b> 인계동 해장을 하기에 딱 좋죠?... ,쩝쩝박사 새댁의 우당탕탕 살림살이,20260401
https://blog.naver.com/boramiworld/224182584305,"인계동 맛집, <b>태능감자탕 수원인계점</b> 푸짐하게 맛있어서 또... ","회식 #인계동해장국, #인계동감자탕, #인계동맛집 #인계동뼈해장국, #인계동뼈찜, #인계동뼈구이, #수원시청역맛집 #수원시청회식 #인계동회식 #수원시청해장국 #<b>태능감자탕수원인계점</b> #태능감자탕 #감자탕맛집... ",not ordinary,20260213
https://blog.naver.com/green-soupp/224124309674,광교호수공원 맥주 맛집 혼술 가능 <b>토리키치 광교호수공원점</b>... ,"<b>토리키치 광교호수공원점</b>은 광교호수공원 내에 위치하고 있습니다! 초입 부분이라 발견하기도... 광교호수공원에서 맥주 맛집, 혼술하기 좋은 술집 찾으신다면 토리키치 꼭 방문해보세요! 진짜 찐단골의... ",집순이 채널,20251227
https://blog.naver.com/mingi0001/224226510242,[수원/맛집] 광교호수공원 근처... <b>토리키치 광교호수공원점</b>’,"<b>광교호수</b>공원 근처에는 맛집/술집이 많은데, 그 중 쿠시카츠 맛집이 있다고해서 가봤어요! +) 야키토리... +) <b>토리키치</b>는 해피아워 시간이 따로 있어요! 매일(주말포함) 17:00-19:00시에 오시면, 참이슬/하이볼... ",my_record,20260323
https://blog.naver.com/seonghi-/223913467620,[수원/광교] 가성비 술집 일본... <b>토리키치 광교호수공원점</b>,"보이는데, #토리키치광교호수 #<b>토리키치광교호수공원 점</b>은 #광교호수공원 중심에 위치하고 있어요! 그래서 차를 가지고 오는 분은 #광교호수공원주차장 이나 근처에 주차를 하고 공원 안으로 들어와서... ",",.쉼",20250627
https://blog.naver.com/sonyi/224084891974,<b>토리키치 광교호수공원점</b>,주문할 수 있어서 메뉴를 찬찬히 둘러보면서 먹을 수 있었다. 그 외에 맥주랑 무알콜맥주 같은 것도 있어서 시켜서 마시고 왔다. <b>광교호수공원점</b>이라고 하는데 상현에도 하나 지점이 더 있는 프랜차이즈였다.,SONYI의 소확행 연구소,20251123
https://blog.naver.com/seo980914/223908347840,"광교 <b>토리키치 광교호수공원점</b>::야키토리,쿠시카츠/야장 추천 1탄","광교 야키토리,쿠시카츠 맛집 <b>토리키치 광교호수공원점</b> 경기 수원시 영통구 법조로 38 판매시설동... 추천합니다 #광교호수공원 #광교호수공원맛집 #광교호수공원야장 #광교호수공원야장맛집 #광교토리키치... ",영로그｡°ʕ⊔ ˑ̫ ⊔ʔ°｡,20250623
https://blog.naver.com/dkqk1221/223431610613,[광교] <b>토리키치 광교호수공원점</b>: 안주가 엄청나게 다양한 광교... ,오늘은 광교호수공원 근처 술집을 찾다가 노란 간판에 이끌려 들어간 <b>토리키치 광교호수공원점</b> 후기- <b>토리키치 광교호수공원점</b> 외관 광교호수공원 맛집 엄청 많은데 토리키치는 저어어 멀리서 봐도... ,We deserve better happy.,20240430
https://blog.naver.com/limmmm22/223517597792,광교호수공원맛집 2차로 가기 좋은 <b>토리키치 광교호수공원점</b>,림의 일상 l 광교호수공원맛집 <b>토리키치 광교호수공원점</b> 위치 및 주소 경기도 수원시 영통구 법조로 38... 광교꼬치 #광교이자카야 #광교회식 #광교호수공원맛집 #이자카야맛집 토리키치 다녀온 후기 끝!,림의 일상,20240718
https://blog.naver.com/j-neck/224079564299,[광교호수공원 술집]‘<b>토리키치 광교호수공원점</b>’_내돈내산,"그리고 리뷰이벤트로 상하목장 아이스크림 후식까지 완벽,,, 잘 먹구 갑니당~~ <b>광교호수</b>공원에서 간단히 술한잔 하실분들은 <b>토리키치</b> 추천입니다 ㅎㅎ 다음에는 다른 안주들도 먹으러 가야겠어용",꿀딴지 따라하는 사람,20251118
https://blog.naver.com/hoihoiddoo/223416555794,이주임의 맛집 기록 | <b>토리키치 광교호수공원점</b>,개인적으로 맥주 안주로 꼬치와 함께 하는걸 좋아해서 여러 꼬치집에 다녀봤지만 담백~한 꼬치가 땡긴다 하시는 분들은 <b>토리키치 광교호수</b>점 완전 추천 ! 온전히 사진 찍는 것을 참지 못하고 한입 베어 문... ,이뚜이뚜 호이뚜 :-),20240415
https://blog.naver.com/adorablya/223462807187,<b>토리키치 광교호수공원점</b> 호수가 보이는 광교 꼬치 맛집,"ㅎㅎ 그 중에서도 딱 눈에 띄는 간판이 토리키치예요! 뭔가 일본 감성 낭낭한 꼬치맛집 느낌이... + <b>토리키치 광교호수공원점</b>은 탁 트인 호수 뷰와 함께, 다양한 꼬치와 주류를 즐길 수 있는 광교 맛집이었어요!... ",KoreanwildBerry !,20240529
https://blog.naver.com/esomny/223441661458,[수원/광교] &quot;<b>토리키치 광교호수공원점</b>&quot; 산책 중 꼬치맛집을... ,(ㅋㅋ) 광교호수공원에도 일본 느낌 낭낭한 꼬치맛집이 생겼다. &quot;<b>토리키치 광교호수공원점</b>&quot; 주소: 경기... 꼬치맛집 광교호수공원 라인에 위치한 토리키치는 매장 바로 앞 5개 정도의 야외 테이블이 있어... ,: 취향껏 힘껏 살아보는 오늘,20240509
https://blog.naver.com/lookieson/223466428176,[광교꼬치] 광교술집 <b>토리키치광교호수공원점</b> 솔직후기,<b>토리키치광교호수공원점</b> 주소: 경기도 수원시 영통구 법조로 38 판매시설동 B26호 영업시간: 매일 17:00... 토리치키 광교호수공원점 방문 후기 매장은 큰편은 아니지만 바로 앞에 야외테이블이 있어 요즘 같은... ,무료한 직딩의 유료결제,20240602
https://blog.naver.com/tangerinefamily/223568688251,<b>토리키치 광교호수공원점</b> 해피아워 내돈내산 후기,"♡ <b>토리키치 광교호수</b>점 메뉴 및 가격 내가 시킨 메뉴는? 기린생맥주 3,500원(해피아워가) 가쿠하이볼 3,500원(해피아워가) 닭다리소스꼬치구이 3,900원 닭날개소스꼬치구이 3,900원 카케우동 5,900원 (추가주문)... ",새로인 날 좋아해 상큼아,20240901
https://blog.naver.com/gghh97/223468643164,[20240603] 광교 이자카야 술집 | <b>토리키치 광교호수공원점</b>,수원쿠시카츠 #광교호수공원분위기술집 #토리키치 #광교중앙역회식장소 #수원가볼만한곳 #광교술집... <b>토리키치 광교호수공원점</b> 위치 영업시간 매일 17:00 - 01:00 매장번호 0507-1392-2503 정보 주차가능 https://www.... ,쩡니의 일상로그,20240604
https://blog.naver.com/jennie_221133/223534685270,[수원 광교] 맥주와 함께... 맛집 <b>토리키치 광교호수공원점</b>,"ㅎㅎ <b>토리키치 광교호수공원점</b> 주소 : 영통구 법조로 38 판매시설동 B26호 운영 : 매일 17:00 - 01:00 전화 : 0507-1392-2503 메뉴 : 해피아워 주류 1,900원 오늘 우리의 원픽은!! 토리키치 광교점입니다! 노란 인테리어와... ",프리한 지니로그,20240803
https://blog.naver.com/chaechae6495/223470103413,[수원 광교맛집] <b>토리키치 광교호수공원점</b> ㅣ 해피아워로... ,광교호수공원을 산책하면서 간단하게 맥주한 잔하러 해피아워 광교맛집으로 유명한 <b>토리키치 광교호수공원점</b>에 방문하였습니다.  영업시간 ㅣ 15:00-01:00  화장실 외부 (상가 내부 위치)  주차 가능 (계산 시 주차... ,*•✿ 채채네 행복일상 ✿•*,20240605
https://blog.naver.com/sse_ull/223448858572,"<b>토리키치 광교호수공원점</b>_         광교호수공원 데이트, 회식... ",간판 <b>토리 키치 광교호수공원점</b>을 갈 예정입니다~~ 요즘 공원 보수공사 기간인지 종종 정리되지 않은... 바퀴 산책하고 집에 왔습니다 ㅎㅎ 회식자리나 데이트 장소 찾으시는 분들 토리키치 광교호수점 추천드려요!,뜌비의 하루,20240516
https://blog.naver.com/kh723/223440606805,광교 술집 가성비 만족스런 <b>토리키치 광교호수공원점</b> 꼬치... ,휴일 오후 5시가 조금 지난 이른 시간에 찾았던 <b>토리키치 광교호수공원점</b>은 요즘처럼 포근해진 날씨에... 사실 광교 술집 토리쿠치 광교호수공원점 인기 쿠시카츠 3종뿐만 아니라 다양한 야키토리 종류들도... ,늘 여행을 준비하는 평이 아빠,20240508
https://blog.naver.com/sssehui/223472765887,"광교 이자카야 <b>토리키치 광교호수공원점</b> 레몬사와, 꼬치... ",내돈내산 말구 언니돈언니산 ^^ 솔직후기 끝! #토리키치 #토리키치광교 #<b>토리키치광교호수공원점</b> #광교이자카야 #광교술집 #광교맛집 #광교하이볼 #광교호수공원맛집 #광교호수공원이지카야 #광교꼬치,세히하이 @sssehui,20240608
https://blog.naver.com/lololo7473/223491681274,광교 맛집 꼬치 맛집 가성비 좋은 맛집_<b>토리키치 광교호수공원점</b>,좋은 <b>토리키치 광교호수공원점</b>을 방문했다 . <b>토리키치 광교호수공원점</b> 경기 수원시 영통구 법조로 38... 광교호수공원맛집 #이자카야맛집 #꼬치집 #꼬치맛집 #광교안주맛집 #토리키치 #토리키치광교... ,이새싹이의 하루,20240626
https://blog.naver.com/rlavnddn/223487089361,[동탄] 닭갈비 맛집 '<b>팔각도 동탄역점</b>' 숯불닭갈비후기,안녕하세요 오늘은 유튜브에서 보고 가보고 싶었던 동탄 닭갈비 맛집 팔각도에 다녀왔어요! 숯불닭갈비는 저녁에 장사하는 곳이 많은데 <b>팔각도 동탄역점</b>은 오전부터 영업해서 아이 어린이집 보내고... ,민호네 맛집 육아 쁠+로그⭐️,20240621
https://blog.naver.com/wajaenn/224222628138,동탄역 주변맛집 숯불 닭갈비 <b>팔각도 동탄역점</b>,역시 숯불 닭갈비는 팔각도네요. <b>팔각도 동탄역점</b> 총평 동탄역 주변맛집 팔각도 다녀왔어요. 동탄역 주변에 점심먹을 곳 찾으시는 분들 많으실텐데 여기는 11시30분부터 영업하고 브레이크타임도 없어 언제든... ,잘먹고잘먹기,20260319
https://blog.naver.com/ruth0924/224267807632,닭갈비 화성맛집 경기맛집 동탄핫플레이스 <b>팔각도 동탄역점</b>,#<b>팔각도동탄역점</b> #동탄맛집 #동탄역맛집 #동탄회식 #동탄모임 #동탄닭갈비 #닭갈비맛집 #닭특수부위 #특수부위맛집 #닭특수부위맛집 #동탄고기집 #동탄핫플 #동탄데이트 #동탄외식 #동탄가족외식 #동탄술집... ,온유한 계절 ON YOUR WAY,20260428
https://blog.naver.com/lllblessing/223842033209,동탄역고기집 닭갈비 맛집 <b>팔각도 동탄역점</b>,네이버 플레이스 동탄역고기집 <b>팔각도 동탄역점</b> 메뉴판 참고하세요~ <b>팔각도 동탄역점</b> 후기 팔각도의 유니크한 팔각형 불판부터 보여드릴게요. 팔각형 모양에 아이가 무척 신기해했어요ㅎㅎ 닭갈비에 곁들여... ,빠워J 엄마와 아이의 세상 나들이,20250421
https://blog.naver.com/mdiarym/224229619485,동탄 숯불닭갈비 맛있는 <b>팔각도 동탄역점</b>,늘 팔각도에 오고는 합니다 워낙 숯불닭갈비매장이 많지 않기도 하고 이곳을 알게 된 후에는... 갈아주었어요 동탄역닭특수부위 드실 수 있는 곳이 많지 않은데 <b>팔각도 동탄역점</b> 추천해요! 간장맛나는 닭목살!... ,밍밍의 설렁설렁 블로그,20260325
https://blog.naver.com/mukbang9876/224224798354,동탄역맛집 숯불닭갈비 회식하기 좋은 <b>팔각도 동탄역점</b>,"팔각도가 로고로 새겨진 특허받은 불판에 컵, 기본 세팅들이 깔끔하게 갖춰져있습니다. 매장 한 켠에는 숯이 준비되어 있는데 천연야자 숯만 사용한다고 하니 안심이 됩니다. 동탄역맛집 <b>팔각도 동탄역점</b> 메뉴... ",그래's blog,20260321
https://blog.naver.com/myssong0610/223615412972,동탄맛집 숯불닭갈비 맛집 <b>팔각도 동탄역점</b>,동탄맛집 팔각도 숯불닭갈비 멀리 가지 마세요. <b>팔각도 동탄역점</b> 안녕하세요  마이쏭입니다. 오늘은 동탄롯백화점에서 볼일을 보고 동탄맛집 숯불닭갈비를 먹으러 팔각도에 다녀왔어요. 일부 금액은... ,마이쏭의 블로그,20241011
https://blog.naver.com/soominwish/224259922498,<b>팔각도 동탄역점</b> 닭갈비 동탄역숯불닭갈비,주차도 편리하고 맛있었던 <b>팔각도 동탄역점</b> 이였어요! #팔각도 #<b>팔각도동탄역점</b> #닭갈비 #특수부위 #동탄역닭갈비 #동탄역고기집 #동탄역맛집 #동탄역닭특수부위 #동탄역회식 #동탄역숯불닭갈비,루밍로그,20260426
https://blog.naver.com/eun941/224271818161,동탄 숯불 닭갈비 <b>팔각도 동탄역점</b> 닭목살구이 맛집,동탄 숯불닭갈비 전문점 <b>팔각도 동탄역점</b> 방문하면 닭목살구이 맛집 경험해볼 수 있다. 개인적으로... 또한 동탄역맛집 팔각도 만의 매력이다. 어느새 먹다보니 배가 너무 불렀는데 이렇게 맛있는데 시킨걸 또... ,미미스월드 <MiMi's World>,20260501
https://blog.naver.com/fromyours2ummer/224267758255,동탄역 닭갈비 맛집 <b>팔각도 동탄역점</b>에서 즐긴 팔도세트 후기,안녕하세요 썸머입니다 동탄역 근처에서 제대로 된 닭갈비와 특수부위를 함께 즐길 수 있는 곳을 찾다가 <b>팔각도 동탄역점</b>에 다녀왔습니다 동탄역에서 도보로 이동하기 좋은 위치에 있어 접근성이 정말... ,Travel island,20260428
https://blog.naver.com/clorinee/223981995086,동탄 <b>팔각도 동탄역점</b> - 닭특수부위 동탄역닭갈비 추천,"맛집 팔각도에 방문했습니다. 동탄역에서 도보로 갈 수있을 만큼 가까운 거리에 위치한 팔각도는 식당... <b>팔각도 동탄역점</b>은 부드러운 국내산 닭고기와 특색있는 불판으로, 육즙과 숯불향을 살린 것이 가장 큰... ",로로즈의 맛집 여행,20250825
https://blog.naver.com/limetox/223439085017,동탄회식장소 닭갈비 맛집 - <b>팔각도 동탄역점</b>,가야죠 동탄역 가족모임 회식장소로 사랑받는 <b>팔각도 동탄역점</b>에서 닭갈비 먹고 왔어요 영업시간 및... 동탄닭갈비 #동탄맛집 #동탄롯데백화점맛집 #팔각도동탄 #팔각도볶음밥 #동탄가족모임 #동탄아기의자맛집,모든 순간이 꽃봉오리인 것을,20240507
https://blog.naver.com/kmihi1211/223670492447,열혈사제2 나온 화성오산맛집 <b>팔각도 동탄역점</b>,팔각도 위치 <b>팔각도 동탄역점</b>은 동탄역 근처에 위치해있어서 롯데백화점이랑도 접근성이 좋아요. 벌써 크리스마스 느낌나는 외관이 모임하기에도 딱이예요. 주차는 앨리스빌 상가에 하고 들어갔습니다. 2.... ,밥 잘먹는 직딩 엄마,20241123
https://blog.naver.com/memory1259/223839353218,동탄역 맛집 <b>팔각도 동탄역점</b> 숯불닭갈비 최고,가게가 크고 넓어서 동탄역에서 회식장소 찾으시면 여기요! 팔각도요!! 점심 메뉴들도 다양하게 준비돼 있으니 여러분들도 <b>팔각도 동탄역점</b>에 방문하셔서 맛있게 드셔 보시면 좋겠습니다. 읽어 주셔서... ,랄랄라,20250419
https://blog.naver.com/inoinoll/223974735400,"<b>팔각도 동탄역점</b>, 닭특수부위... 가족모임에 딱 좋은 동탄역고기집","<b>팔각도 동탄역점</b>은 닭특수부위 숯불닭갈비 전문점으로, 동탄역 회식·가족모임 장소로 제격인 맛집입니다. 팔각도데이 이벤트로 20% 할인 혜택까지 저렴하게 이용해 보세요~! 가게 정보 점포명: <b>팔각도 동탄역점</b>... ",모두 다 살아가는 이야기,20250818
https://blog.naver.com/ejlovecook/224097465372,"<b>팔각도 동탄역점</b> 숯불닭갈비, 동탄역맛집 인정할 수밖에 없던... ",내부 팔각도에 올 때마다 느끼는 건데 내부 인테리어가 정말 깔끔하고 조명이 은은해서 오래 머물러도... 언제 가도 만족스러운 <b>팔각도 동탄역점</b>의 숯불닭갈비는 역시나 믿고 먹는 맛이었어요. 동탄역에서... ,세상을 사는 지혜 -SEJI'Diary,20251204
https://blog.naver.com/jandyinhyung/223516715123,화성 동탄 맛집 <b>팔각도 동탄역점</b>,화성 동탄에 있는 닭갈비 맛집 <b>팔각도 동탄역점</b> 방문일자 : 24년 3월 17일 일요일 위치 : 경기도 화성시... 화성 동탄 맛집 팔각도는 매장이 상당히 넓은데요 단순히 매장만 넓은게 아니라 매장이 전체적으로... ,잔디인형,20240718
https://blog.naver.com/mdiarym/223740210808,동탄역숯불닭갈비 나의 완벽한 비서 촬영지 <b>팔각도 동탄역점</b>,원래 매장 컨셉이 그러하듯 <b>팔각도 동탄역점</b>도 깔끔한 분위기로 보통 숯불닭갈비집들이 추구하는... 차별되는 동탄역숯불닭갈비 팔각도만의 매력이 바로 이게 아닐까 싶어요 특히 제공되는 찬들은 셀프코너에... ,밍밍의 설렁설렁 블로그,20250127
https://blog.naver.com/1001siyeon/223843205953,동탄역닭갈비 <b>팔각도동탄역점</b>에서 맛있게 먹고왔어요,"이날도 “닭갈비 먹고 싶다~”는 말 한마디에 동탄역닭갈비 맛집 <b>팔각도 동탄역점</b>으로 점심 먹으러 다녀왔어요. 주차는 팔각도가 위치한 앨리스빌 건물 지하주차장에 했고요, 넓고 주차 유도도 잘 되어 있어서... ",리뷰하는 삼남매맘,20250422
https://blog.naver.com/applegywjd/223619023018,동탄역 맛집 | 동탄 닭갈비 맛집 <b>팔각도 동탄역점</b>,"위치 : 경기 화성시 동탄역로 102 앨리스빌 1071,1072,1073호 <b>팔각도 동탄역점</b> *동탄역 2번 출구에서 486m... 팔각도는 불 세기가 조절이 안되서 사이드에서 잘 뒤집어줘야된다 나머지는 사랑둥이 남편이 구워서 편이... ",어푸와 함께하는 수와정네,20241014
https://blog.naver.com/babs82/224195759635,<b>팔육정육식당</b> 가족 식사 (feat. 수원상공회의소 근처),"&quot;이 고기 실화야?&quot; 입안에서 사라지는 마법 오른쪽 정육코너에서 고기를 픽해서 왼쪽에 있는 식당에서... 팔육축산(정육 코너): 한우 특등심(132,300원) + 살치살(56,680원) + 버섯 = 190,980원 <b>팔육정육식당</b>(매장)... ",노르웨이숲고양이 쿠키초코네^^,20260225
https://blog.naver.com/silentforest_studio/223434584973,맛있었던 화서역 소고기 맛집 수원 <b>팔육정육식당</b> 고기집,정육점과 식당을 분리 운영함으로써 양질의 고기를 합리적인 가격에 손님께 제공하는 것이 목표라고 합니다 :) 한우 팔육특모듬은 여러 부위가 모듬으로 있었고 가격은 12~13만원 정도. 수원 <b>팔육정육식당</b>의... ,Bianca’s Archive,20240502
https://blog.naver.com/nmnmnmnm01/223438316034,"수원 <b>팔육정육식당</b> 화서역 근처 맛집, 고기집 리얼후기!",화서역 근처 맛집 <b>팔육정육식당</b> 리얼 후기 끝-! #화서역근처맛집 #화서역맛집 #<b>팔육정육식당</b> #고기집 #수원맛집 #수원정육식당 #수원고기집 #수원소고기 #수원한우 #수원<b>팔육정육식당</b> #스타필드근처맛집,백찡,20240506
https://blog.naver.com/dalgam89/223512705588,수원 <b>팔육정육식당</b> 투뿔 한우 수원 정자동 맛집 가족 외식,수원 <b>팔육정육식당</b>은 정육식당답게 가게 들어서자마자 새빨간 정육점 조명과 냉장고 속에서 신선함을 뽐내는 한우들이 저희를 맞이해줬어요. 선물세트도 주문받으시고 사골도 있더라고요. 벽에 걸린 TV에서는... ,달감나무,20240714
https://blog.naver.com/thefirstofapril/223904578453,수원 소고기 가성비 맛집 1++ 한우 찐맛집 추천 <b>팔육정육식당</b>,"내부는 들어가면 바로 팔육축산, 팔육축산에서 고기 구매 후 옆에있는 매장으로 들어가면 거기가 바로... 푸짐했던 <b>팔육정육식당</b>! 저 이렇게 푸짐하게 나오는 정육식당 첨봤잖아요.. 고기랑 먹을 수 있는... ",구름이 머무는 곳 : 여행의 기록,20250619
https://blog.naver.com/codename1007/223441789616,수원 <b>팔육정육식당</b> 스타필드 근처 한우 맛집,메뉴 <b>팔육정육식당</b>의 차림표입니다 정육식당에서 판매하는 한우를 가져와 바로 옆 식당에서 먹게 됩니다 꼭 가져오지 않아도 단품으로 한우불고기를 주문해 드실 수도 있어요 가정의 달을 맞이해서 특별한... ,자산미학의 실전 청약 이야기,20240509
https://blog.naver.com/a820212/223433298761,수원 <b>팔육정육식당</b> 수원역 고깃집 외식장소 한우특등심을... ,이곳은 <b>팔육정육식당</b>의 팔육축산입니다. 고기가 있는 이곳과 식당 두곳으로 운영되고 있습니다.... 수원역 고깃집 팔육정육시당은 리뷰이벤트도 진행중입니다 참여해보세요~~! 고기로 배가 부른상태였지만... ,그냥 기록하는 공간,20240501
https://blog.naver.com/p-yujin/223879380858,수원 가성비 소고기 구이 맛집 <b>팔육정육식당</b>,영업시간 수원 <b>팔육정육식당</b> 영업시간은 매일 오전 10시 30분부터 오후 10시까지 입니다! 라스트 오더는 저녁 9시에요. 주차장 건물 뒤쪽에 식당 전용 주차장이 있습니다. 정육코너 정육코너에서 고기를 사서... ,지닐상,20250527
https://blog.naver.com/jejuna17/223827533634,수원 소고기 한우 맛집 투뿔 한우 전문점 <b>팔육정육식당</b>,수원 소고기 한우 맛집 투뿔 한우 전문점 <b>팔육정육식당</b> 철분 부족이라 소고기 먹으라는 처방을 받아... 라스트오더는 21시 정육식당이라 정육점에 먼저 들러서 고기 고르고 인원수 얘기하면 식당에 테이블... ,오름언니 블로그ღ’ᴗ’ღ,20250409
https://blog.naver.com/qkrwldus518/224269267148,수원 소고기 맛집 <b>팔육정육식당</b> 한우 특등심 재방문 후기... ,"<b>팔육정육식당</b>은 <b>팔육정육식당</b>(구워 먹는 곳)과 팔육축산(고기 고르는 곳)으로 공간이 나누어져 있는데요 입장하자마자 축산 코너로 직행해서 직접 고기를 고른 뒤, 식당으로 넘어가서 상차림비를 내고... ",✨️마음에 들면 주접떠는 집,20260502
https://blog.naver.com/sweetdugong/223426265727,수원 <b>팔육정육식당</b> | 수원역 맛집 마블링 좋은 고기집,사장님이 고기를 너무 좋아해서 정육식당까지 하게 되었다는 수원역 맛집 <b>팔육정육식당</b>에 다녀왔다.... 팔육축산이라는 이름으로 정육점과 식당을 분리해서 운영하는 듯! 외식이 부담스럽다면 정육점에서... ,sweet dugong,20240426
https://blog.naver.com/rapatrip/223514511446,수원 정자동 고기집 중심상가 한우 수원 <b>팔육정육식당</b> 후기,"수원 정자동 고기집, <b>팔육정육식당</b> 가족과 함께 고기먹으러 다녀왔어요. 고기맛도 좋고 반찬들도 잘... 그리고 정육식당이니만큼 한쪽에서는 정육점처럼 고기를 판매하는 곳도 있습니다. 부위의 종류가... ",라파의 여행일기,20240716
https://blog.naver.com/dovely0120/223486432846,수원맛집 / <b>팔육정육식당</b> / 내돈내산 솔직후기,<b>팔육정육식당</b> / 팔육축산 수원소고기맛집 / 수원정육점 ⏰ 영업시간 ⏰ 매일 10:30~22:00 라스트오더 21:30... 2024년 06월 기준 일단 <b>팔육정육식당</b>옆에 위치한 팔육축산에서 고기를 사서 식당 자리를 잡으면 된다!... ,A LOVELY DAY : ),20240621
https://blog.naver.com/ludlum/224170385504,정자동 맛집 가심비 대만족 투뿔 한우구이 수원 <b>팔육정육식당</b>... ,마음도 든든해지는 외식 오랜만에 제대로 누려봅니다. #<b>팔육정육식당</b>수원 #수원정자동맛집 #수원정육식당 #한우맛집 #화서역맛집 #스타필드맛집 #수원고기맛집 #수원고깃집 #한우전문식당 #<b>팔육정육식당</b>가격,일탈을 꿈꾸는 자유,20260203
https://blog.naver.com/hunii2_/223513791984,수원한우정육식당... 저렴하게 먹을 수 있는 수원 <b>팔육정육식당</b>,"역시,, 수원가성비한우를 저렴하게 먹을 수 있는 수원한우정육식당 수원 <b>팔육정육식당</b> 잘 선택한 것 같다는 확신이! 정육점 한 편에 부위별 100 g 한우 가격도 적혀있습니다. 추석이나 설날에 선물하기 좋은... ",일상의 조각을 기록하는 인내로그,20240715
https://blog.naver.com/kimanam1/223659243777,수원 한우 오마카세 부럽지 않은 <b>팔육정육식당</b>,"수원 한우 오마카세 부럽지 않은 <b>팔육정육식당</b> 수원 한우 오마카세 부럽지 않은 <b>팔육정육식당</b> 수원... 수원 한우 오마카세 메뉴소개 팔육특모듬 16,000원 점심특선한우불고기 10,000원 특등심 21,000원 갈빗살 18... ","93아남짱,율N솔형제",20241113
https://blog.naver.com/coffee__89/223423812343,수원 스타필드 맛집 <b>팔육정육식당</b> JMT,대존맛 소고기 정육식당 발견!! 수원 스타필드 맛집 <b>팔육정육식당</b> 예전에 시부모님과 식사약속이... 이런것들이 지금의 팔육식당을 있게 하였다고 사장님의 경영철학이 좋은식재료 최고상태의 고기 양질의... ,예민맘의 러프한육아,20240423
https://blog.naver.com/jazzzzz76/223725597893,설 맞이.정육선물.팔육축산.<b>팔육정육식당</b>,"자주 가는 정육식당인데, 명절때 포장 및 택배 까지도 가능해서 한번 이용해 봅시다. 작년에 새우살 포스팅 올린 &quot;<b>팔육정육식당</b>&quot; 입니다. 오른쪽 문으로 들어가면 &quot;팔육축산&quot; , 왼쪽 문으로 들어가면... ",11년째!!!,20250114
https://blog.naver.com/mui_choi/223511149601,수원 <b>팔육정육식당</b> 대만족 후기! 수원 한우 맛집 / 수원역 소고기,고기를 먼저 결제하고 구입해서 식당으로 들어가면 된다. 팔육축산 선물세트도 판매중! 15만원 갈비살... 나누고싶고 <b>팔육정육식당</b>이 고객분들의 추억이 되었으면 하신다고 고기를 주문하고 정육식당으로... ,먹는게 메리트。,20240713
https://blog.naver.com/hee81hoo/223433450611,수원 <b>팔육정육식당</b> 수원역맛집 소고기 회식장소,<b>팔육정육식당</b>은 정육점과 함께 있는데요. 소고기 외에도 식사 메뉴도 있어서 여러 입맛을 만족시킬 수... 한우 1++ 등급을 취급하는 수원 <b>팔육정육식당</b>. 맛있는 거 먹기로 했으니 팔육특모듬으로 찜콩했습니다... ,은야쟁이의 오렌지 블랙박스,20240501
https://blog.naver.com/kkkkki0/224224924538,<b>포도빵집</b> 성수,있는듯한 <b>포도빵집</b>. 쌀가루로 만드는 빵집이다. 모든 빵이 다 쌀가루로 만든다고 하심 인스타도 있고... 서울숲 놀러가시는분들 <b>포도빵집</b> 완전 추천해유  #성수<b>포도빵집</b> #포도빵 #<b>포도빵집</b> #들레제과점 #밀도... ,하다보면 다 되겠지,20260321
https://blog.naver.com/soup_sangmi/223610535662,[뚝섬역] 아묻따 그냥 다들 먹어보면 좋겠다. <b>포도빵집</b>,그중에서도 빵집 맛집이란 내게 정말 중요한 요소다. 몇년 전부터 '가야지 가야지' '먹어야지 먹어야지... 이름이 <b>포도빵집</b>인데 포도빵 안시킬 수 없쟈나.. 크랜베리랑 호두 믿고 주문했읍니다. 이거 드세요... ,슾상미의 미(美)식생활,20241007
https://blog.naver.com/diyoungishere/224199955853,압구정 카페 <b>포도빵집</b> 건강한 쌀빵의 압구정빵지순례 맛집... ,"쌀 포도 깜빠뉴 &amp; 소금빵 포도 쌀 깜빠뉴 <b>포도빵집</b>의 시그니처, 포도 쌀 깜빠뉴 크기는 작지만 들 때부터... 압구정이 은근, 아니 대놓고 맛있는 빵집이 진짜 많은데, 압구정 빵지순례로 추천합니다",디영이의 여행일기,20260301
https://blog.naver.com/venus_kitchen_/223963852987,[압구정 베이커리] 쌀빵 전문 베이커리 : <b>포도빵집</b> 압구정점,"맨날 지나다니면서 저 빵집 언젠간 꼭 들어가봐야지 했는데, 드디어 방문해봤어요! 압구정 베이커리, <b>포도빵집</b> 외관 오 근데 <b>포도빵집</b> 외관이 너무 예쁜거다. 완전 통창으로 되어있는데 이렇게 컬러풀한... ",금성키친의 소소한 이야기,20250808
https://blog.naver.com/asdfdf09/223538900099,서울 쌀빵 맛집 <b>포도 빵집</b> 서울숲 베이커리,"시그니처인 쌀포도빵은 8,500원. 어 근데 생각보다 너무 심하게 작아서 차마 사진 못했다. 요즘... 서울숲 빵집 <b>포도빵집</b> 샌드위치 간단히 먹으면서 일하려고 산 메뉴들. 서울 쌀빵 맛집의 샌드위치와... ",프리워커 미식가 쩡다의 WORK&LIFE log,20240807
https://blog.naver.com/vippsh/224238662379,압구정 베이커리 추천 글루텐프리 <b>포도빵집</b> 브런치 후기,"이용 가능, 브런치 메뉴 있음 ⓒ글/사진 웰니스클럽 대장 #압구정베이커리 #압구정브런치맛집 #글루텐프리빵집 #압구정카페추천 #<b>포도빵집</b> #쌀가루빵 #압구정데이트 #강남베이커리 #브런치맛집추천 #건강빵맛집",모델 박상호 : 웰니스라이프,20260403
https://blog.naver.com/jeon10478/224273407687,[신사동] <b>포도빵집</b>,"이 집의 시그니처가 깜파뉴와 소금빵이라고 하니, 언젠가 소금빵을 먹으러 한 번은 더 올 것 같은, 신사동의 '<b>포도빵집</b>'입니다. #성수대교남단 #압구정로데오라기엔좀먼 #쌀빵 #비건 #건강한맛 #포도깜파뉴강추... ",어느 중년아재의 일상,20260503
https://blog.naver.com/omdrblog/223930780231,"압구정로데오 아침 브런치, <b>포도빵집</b> / 8시부터 영업... ",동네에 새 빵집이 생겨서 다녀와 봤음. 성수동에서 시작해서 압구정에 분점을 내셨다고 한다. 오픈하고... <b>포도빵집</b>의 컨셉은 쌀빵입니다. 첫 날 방문했을 때에는 늦은 시간대여서 그런지 빵이 거의다... ,맛집주치의,20250713
https://blog.naver.com/skyseekr/223507806061,쌀로 만든 성수 베이커리 맛집 <b>포도빵집</b>,음료도 판매하는데 메뉴판을 안찍어옴 ㅋㅋㅋㅋ 네이버 플레이스 참고하세용~ 이름만 <b>포도빵집</b>인줄 알았는데 진짜 포도가 자라고있음 ㅋㅋㅋㅋㅋㅋㅋ 메뉴는 바로 나온편이었고 <b>포도빵집</b>의 단점? 이라면... ,호밋쟈의 일상 여행 탐구생활,20240710
https://blog.naver.com/jauni_/224261539085,"성수 빵집 | <b>포도빵집</b> , 쌀빵집, 샤워도우 맛집, 서울숲 빵집",노밀가루 빵집 성수 <b>포도빵집</b> 빵 못먹고 금단현상 와서 오픈하자 마자 빵사러 달려간 성수 <b>포도빵집</b>... 시그니처 포도빵도 있고 인기 많은 치아바타랑 소금빵 그리고 구움과자류도 가득 했다 오전에 방문하면... ,INA,20260422
https://blog.naver.com/yespjs1638/224111479162,[서울 성수] 뚝섬역 건강한 빵맛집 &lt;<b>포도빵집</b>&gt;,"포도빵 9,000원 오늘은 지인이 맛나다고 추천한 빵맛집 <b>포도빵집</b> 후기이다. 지인돈 지인산 솔직후기를 시작한다. 미국에 살다 고국에 잠시 들린 딜런님의 친구분이 머물고 있는 숙소 앞에 위치한 빵집이다.... ",우리들의 행복한 시간 (딜런♡레이첼),20251216
https://blog.naver.com/kym3227/224200384359,서울숲 100% 쌀빵 사워도우 쌀바게트 샌드위치집 │ <b>포도빵집</b>,"5,000원대, 포도빵 9,000원대 등 픽업 예약 가능 / 택배 가능 -스마트스토어- 안녕하세요! 두루미입니다... 이상으로 쌀 100프로 성수 뚝섬역 쌀빵집 <b>포도빵집</b> 후기였습니다. 본 포스팅은 100% 내돈내산으로... ",Adore U,20260302
https://blog.naver.com/nuriyam680/224040652366,강남 압구정 베이커리 카페 <b>포도빵집</b>,오픈한 빵집인가요? <b>포도빵집</b> 압구정 맛집 <b>포도빵집</b>은 우리 쌀빵 전문점이에요 쌀 천연 발효종으로... 치아바타플레인/ 포도빵 깜파뉴 호밀 무화과/ 깜파뉴 허니베이컨치즈/ 참깨 베이글/오트밀 베이글/밤식빵... ,도도의 블링로그,20251014
https://blog.naver.com/ashumerus/223912699487,청담동 신상 베이커리-<b>포도빵집</b> (P.P.B Bakeshop) 리뷰,안녕하세요:) 오늘은 청담동에서 발견한 따끈따끈한 신상 베이커리 카페 '<b>포도 빵집</b>' 리뷰를 해보려고... 바로 얼마 전에 문을 연 **<b>포도빵집</b>(P.P.B)**이에요.  위치 정보 &amp; 운영시간 이름부터 귀여운 ‘<b>포도빵집</b>’... ,맛도리 의 일상,20250626
https://blog.naver.com/muahtoyou/224082550441,또간집 ‘<b>포도빵집</b>’ 뚝섬 서울숲 베이커리 맛집 포장 후기,"#내돈내산 블로그 시작할 무렵 포스팅했었던 저의 또간집 ‘<b>포도빵집</b>’ 후기 또 가져왔어요! 여기는... 바게트, 식빵, 몽블랑, 크로아상 종류도 다양해요 다 쌀로 만든 거라 다른 빵집과는 비주얼이 약간 달라요... ",muah log,20251120
https://blog.naver.com/im__present/224257170283,서울숲 <b>포도빵집</b> 아기랑 함께 먹는 비건 건강빵집 아기빵... ,"최대한 건강한 빵을 주고 싶어서 찾은 뚝섬, 서울숲 비건 빵집 <b>포도빵집</b> 소개해 드릴게요. 주소 서울 성동구 서울숲7길 9-1 1층 2호선 뚝섬역 8번 출구에서 360m 영업시간 매일 10:00 - 18:00 스마트스토어... ",횬꼬(기)록 - 초보엄마의 바쁜 하루를 기록하는 공간,20260418
https://blog.naver.com/midoryth/224105213908,성수동 쌀가루로 만든 건강한 빵집 ‘<b>포도빵집</b>’ 방문 후기,•버터풍미  ✔ 포도빵 (시그니쳐) •토스트 했을 때 고소함이 확 올라와요. •밀가루 빵보다... 남길께요~~ #성수동빵집 #<b>포도빵집</b> #성수<b>포도빵집</b> #성수동카페거리 #성수동맛집 #성수빵집추천 #쌀가루빵 #건강빵... ,곰지락 거리기,20251210
https://blog.naver.com/j1211dream/224249047628,뚝섬역 빵집 <b>포도빵집</b> 건강한 쌀로 만든 빵 그리고 커피,"쌀바게트 7,000원 쌀크로아상 6,000원 쌀로 못만드는 빵이 없는 것 같은 느낌 뚝섬역 빵집 건강한 빵 찾으신다면 <b>포도빵집</b>으로 포도빵 (9,000원) 하나 집어온 빵은 포도빵 제일 좋아하는 빵이에요. 처음엔 무슨... ",Daily Diary,20260411
https://blog.naver.com/splitdew/223811295086,성수동맛집- <b>포도빵집</b>,위에 <b>포도빵집</b>이라고 쓴 글자가 정감이 갑니다 빵 자르느라 바쁠텐데 상당히 친절했던 직원님 문... 있는 <b>포도빵집</b>.. 워낙 유명해서 다들 아시겠지만 빵과 커피 잘하는 집이 많은 성수에서 연무장길이 아닌... ,딸기빙수,20250327
https://blog.naver.com/syyh_na/224161210730,<b>포도빵집</b> 신세계백화점 강남점 팝업 쌀 베이커리,보노보노 생일 선물 사러 서울 갔을 때 신세계백화점 강남점 팝업 <b>포도빵집</b> 빵 사 왔어요. 빵돼지... 쌀베이커리 <b>포도빵집</b>의 빵입니다. #<b>포도빵집</b> #쌀베이커리 사실 저는 늘 있는 곳이라고 생각했는데 지금... ,[외계in공간],20260127
https://blog.naver.com/breadtextre/224275302488,광교데이트맛집 분위기 좋은 <b>포크너 광교아브뉴프랑점</b> 후기,할겸 <b>포크너 광교아브뉴프랑점</b> 다녀왔어요. 예전부터 한 번쯤 가보고 싶었던 곳이라 기대하고 갔는데... 포크너 광교점 정보 위치 : 광교 아브뉴프랑 1층 영업시간 : 11:00 ~ 22:00 브레이크타임 : 15:30 ~ 17:00... ,아드런마의 일상기록,20260505
https://blog.naver.com/gs9063gh/224238479200,[<b>포크너</b>] <b>광교 아브뉴프랑점</b> 파스타 맛집,듬뿍 쫄깃쫄깃한 면과 토마토소스도 좋았다 파스타 맛집 인정 서로 나누어 맛도 보고 맛있게 먹은 점심식사 <b>포크너 광교 아브뉴프랑점</b> 에서 점심식사하고 나와 바라본 풍경 [<b>포크너</b>] <b>광교 아브뉴프랑점</b> 파스타 맛집,장미라고할래요,20260402
https://blog.naver.com/inusnim/224195829300,"수원 광교 브런치 맛집, <b>포크너 광교아브뉴프랑점</b>",싶은 <b>포크너 광교아브뉴프랑점</b> 다른 지점은 못 봐서 모르겠지만 인테리어도 예쁘고 직원분들도 친절하시고 맛있어서 추천이에여 !!! #포크너광교 #포크너광교아브뉴프랑 #수원맛집 #수원브런치 #영통맛집... ,fine day,20260225
https://blog.naver.com/zihi_zone/224236267720,<b>포크너 광교아브뉴프랑점</b> | 광교레스토랑에서 즐긴 메뉴 솔직... ,"찾다가 포크너에 방문해 봤고, 방문해 본 솔직 후기를 남기려고 한다.  <b>포크너 광교아브뉴프랑점</b>  https... 들어가시더라  포크너 광교아브뉴프랑 메뉴 친구를 만나 본격적으로 식당에 들어가기 전에 입구 옆에... ",또달달의 데일리 리빙 블로그,20260331
https://blog.naver.com/cgr171014/224248189498,약속자리로 고른 <b>포크너 광교아브뉴프랑점</b> 광교레스토랑 후기,약속자리로 고른 <b>포크너 광교아브뉴프랑점</b> 광교레스토랑 후기 업체명 : <b>포크너 광교아브뉴프랑점</b> 영업시간 : 11:00 - 22:00 / 15:30 - 17:00 브레이크타임 / 21:00 라스트오더 전화번호 : 070-8899-4752 주소 : 16507 경기... ,슈슈,20260410
https://blog.naver.com/somang2rang/224265042459,광교 파스타 맛집으로 인정 <b>포크너 광교아브뉴프랑점</b> 방문후기,"✨ 분위기와 인테리어 <b>포크너</b>는 2017년 안산에서 시작해 지금은 여러 지점으로 확장한 브랜드로, 유럽 감성을 담은 공간 구성이 특징이에요. 이곳 <b>광교아브뉴프랑점</b> 역시 빈티지 가구와 감각적인 소품, 은은한... ",슬립업 소망,20260425
https://blog.naver.com/daun4128/224255345302,"수원 파스타, 리조또 맛집) <b>포크너 광교아브뉴프랑점</b>",오늘은 양식이 먹고 싶어서 친구가 가고 싶다는 <b>포크너 광교아브뉴프랑점</b> 방문 예전에 인계동에 있는거... 집에서 광교아브뉴프랑까지는 10분거리이지만 주말 점심이라 주차가 오래걸렸다ㅠㅠ 1시 20분쯤 겨우... ,Du 블로그,20260417
https://blog.naver.com/eatandwork/224271578490,수원 광교 신규맛집 <b>포크너 광교아브뉴프랑점</b> 내돈내산... ,"맛있는 라구 오랜만입니다 <b>포크너</b> 라자냐는 꼭 한번 맛을 보시길 바랍니다 너무 칭찬만;;; 가득한 포스팅 뭐냐,, 진짜 내돈내산 맞고 이제 메뉴 도장깨기 갑니다 #<b>광교</b>맛집 #수원맛집 #<b>광교아브뉴</b>프랑 #<b>포크너</b>",흔한 ESTJ 직장인의 무미건조 일상과 비일상,20260501
https://blog.naver.com/cho980325/224268103275,광교중앙역맛집 <b>포크너 광교아브뉴프랑점</b> 내돈내산 또간집... ,"광교중앙역맛집 내돈내산맛집 <b>포크너 광교아브뉴프랑점</b> 경기 수원시 영통구 센트럴타운로 85 1층... 오늘은 광교아브뉴프랑에 새로 오픈한 포크너에 다녀왔는데요, (사실 일주일만에 두번이나... ",정서의 골프로그⛳️,20260428
https://blog.naver.com/sy1908-/224268393430,광교레스토랑 분위기에... 맛에 반했던 <b>포크너 광교아브뉴프랑점</b>,분들이라면 <b>포크너 광교아브뉴프랑점</b>이 정말 탁월한 선택지가 될 거예요 소중한 인연과 함께 마주... 영업시간 : 11:00 - 22:00 15:30 - 17:00 브레이크타임 21:00 라스트오더 전화번호 : 070-8899-4752 #광교아브뉴프랑맛집... ,치이-즈,20260428
https://blog.naver.com/rottomam2/224224979467,광교스테이크 맛집 <b>포크너 광교아브뉴프랑점</b> 후기,"그러다 지인 추천으로 알게 된 <b>포크너 광교아브뉴프랑점</b>을 방문했는데, 결론부터 말씀드리면 온 가족... 129호 #광교스테이크 #포크너 #광교맛집 #광교아브뉴프랑맛집 #광교레스토랑 #광교파스타 #수원맛집... ",rottomam2님의 블로그,20260321
https://blog.naver.com/rani89627/224252286768,"[광교 레스토랑] <b>포크너 광교아브뉴프랑점</b>, 감성과 맛이... ","✿ 광교 신도시 아브뉴프랑 내에 위치한 레스토랑 ‘<b>포크너 광교아브뉴프랑점</b>’을 방문하였는데요, 세련된 분위기와 수준 높은 요리, 그리고 세심한 서비스가 어우러져 오랜만에 특별한 외식 경험을 할 수... ",토란이의 끄적거리는 일기장,20260414
https://blog.naver.com/cgr111/224218847243,<b>포크너 광교아브뉴프랑점</b>에서 찾은 광교레스토랑 저녁식사,광교 아브뉴프랑에서 식사 장소를 고민하다가 방문했던 <b>포크너 광교아브뉴프랑점</b>은 편안한 분위기에서 식사할 수 있었던 광교레스토랑으로 기억에 남았어요. 가볍게 식사하거나 약속 자리로 방문하기에도... ,기록중,20260316
https://blog.naver.com/codms4748/224234274665,광교레스토랑 편안하고... 수 있는 맛집 <b>포크너 광교아브뉴프랑점</b>,"광교레스토랑 편안하고 특별하게 즐길 수 있는 맛집 <b>포크너 광교아브뉴프랑점</b> 안녕하세요?... 우선 광교레스토랑 중에서도 접근성이 좋아서 방문하기 편했고 광교중앙역과 가까워 이동이 수월했고, 아브뉴프... ",아기엄마의 성공스토리,20260330
https://blog.naver.com/wjstndhr1014/224203206236,<b>광교</b>레스토랑 분위기 좋은 <b>포크너</b> <b>아브뉴프랑점</b> 후기,광교레스토랑 분위기 좋은 포크너 아브뉴프랑점 후기 업체명 : <b>포크너 광교아브뉴프랑점</b> 영업시간 : 11:00 - 22:00 / 15:30 - 17:00 브레이크타임 / 21:00 라스트오더 전화번호 : 070-8899-4752 주소 : 16507 경기 수원시... ,소소한 일상들,20260303
https://blog.naver.com/dkdusdlzz/224205665098,광교레스토랑 분위기 편하게... <b>포크너 광교아브뉴프랑점</b> 식사... ,포크너라는 이름도 포크를 사용하는 사람이라는 의미라고 하던데 손님 중심으로 식사 경험을 만든다는... 129호 #광교레스토랑 #광교아브뉴프랑맛집 #<b>포크너광교아브뉴프랑점</b> #광교파스타 #광교스테이크... ,밝게 빛날,20260305
https://blog.naver.com/hye6526/224269334478,광교레스토랑 분위기좋은 다이닝 <b>포크너 광교아브뉴프랑점</b>,좋은 광교의 레스토랑을 알려드릴게용 ♥️ [ 업체정보 ]  <b>포크너 광교아브뉴프랑점</b> 경기 수원시... 가득한 광교아브뉴프랑 레스토랑 포크너에서 누구나 편하게 다이닝을 즐길수 있는 이곳에서 소중한... ,헤이니의 일상기록부,20260429
https://blog.naver.com/minwoo10816/224239927592,광교아브뉴프랑맛집... 완벽했던 <b>포크너 광교아브뉴프랑점</b> 후기,"광교에서 분위기 좋은 식당을 찾다가 방문하게 된 <b>포크너 광교아브뉴프랑점</b>. 요즘... 광교에서 특별한 식사 시간을 보내고 싶다면, 분위기와 맛을 모두 챙길 수 있는 광교아브뉴프랑맛집 포크너는 충분히 좋은... ",꿈꾸는꼬망,20260403
https://blog.naver.com/yummiming/224264992803,광교맛집 분위기에 취하고 맛에 반하는 <b>포크너 광교아브뉴프랑점</b>,"<b>광교아브뉴</b>프랑 맛집 <b>포크너</b>는 맛뿐만 아니라 서비스도 정말 친절해서 대접받는 기분을 제대로 느끼고 왔습니다. 가족 모임이나 연인과의 데이트, 혹은 동료들 과의 편안한 회식 장소를 찾으신다면 고민... ",yummiming님의 블로그,20260425
https://blog.naver.com/cgr171014/224218842994,저녁 약속으로 다녀 온 <b>포크너 광교아브뉴프랑점</b> 광교레스토랑,안녕하세요 광교 아브뉴프랑에 들렀다가 저녁 약속을 하게 되어 식사할 곳을 찾다가 <b>포크너 광교아브뉴프랑점</b>에 방문했어요. 주말 저녁이라 주변 식당을 천천히 둘러보다가 메뉴 구성이 괜찮아 보여 들어가게... ,슈슈,20260316
https://blog.naver.com/jenny940721/223770535846,광교 카페거리 맛집 베이커리 카페 <b>푸애뺄</b> 빵집 메뉴 추천,"리뷰 <b>푸애뺄</b> Four et Pelle 포장, 주차, 지역화폐, 간편결제 광교 카페거리 맛집 베이커리 카페 <b>푸애뺄</b> 빵집 메뉴 추천 위치 경기 수원시 영통구 센트럴파크로127번길 74 1층 102호 ⏰영업 시간 목, 금 09:30 - 19:00... ",JennyB's 맛있는 일상,20250225
https://blog.naver.com/winterplanet17/223762879919,"[작냥맛집]광교카페거리 진짜 프랑스 빵, <b>푸애뺄</b>","빵, <b>푸애뺄</b>에대해 소개해보려해요 영업정보 위치 : 경기도 수원시 영통구 센트럴파크로 127번길 72 1층... 내,외관 <b>푸애뺄</b> 매장은 냥냥이가족이 아무생각없이 지나간 광교카페거리 골목임에도 한눈에 어 저기... ",냥냥이가족,20250218
https://blog.naver.com/unyogi/223603660537,맛집 빵에 진심인 사장님의 프랑스 빵 광교카페거리 빵집 '<b>푸애뺄</b>',"솔직후기 #<b>푸애뺄</b> 길 가다 우연히 본 빵집인데 외관에 끌려 그냥 들어갔다가 포장해서 먹어보곤 너무 만족했던 광교 빵집 ! 일단 외관부터가 프랑스 향 솔솔 나는 데 맛도 정말 일품이더라구요,, ❤️ <b>푸애뺄</b>... ",항상 어디가서 먹고 노는 블로구 :-],20241002
https://blog.naver.com/shubung/224197185861,"광교카페마을 빵 맛집 <b>푸애뺄</b>, 프랑스 르꼬르동 출신 베이커리... ",<b>푸애뺄</b> ♂️ 주소: 경기도 수원시 영통구 센트럴파크로127번길 74 1층 102호  주차 정보: 광교 카페거리... 휴무 #광교카페거리 #<b>푸애뺄</b> #광교베이커리 #프랑스빵 #깜빠뉴 #광교디저트 #카페거리맛집 #광교카페후기... ,슈크림 도어가 열립니다.,20260226
https://blog.naver.com/rabbit_hong/224124500524,수원 광교 빵집 <b>푸애뺄</b> 광교카페거리 소금빵 맛집,수원 광교 빵집 맛집이 여러곳 있는데 맛있는 프랑스 빵집에 <b>푸애뺄</b>도 아주 유명합니다 ! 오랜만에 다녀온 광교 카페거리 베이커리 맛집이에요 인기가 많아서 낮시간에 가야 빵을 살 수 있어요 <b>푸애뺄</b> 수원 광교... ,수다쟁이의 여행 메모장,20251227
https://blog.naver.com/kangss12/224131684142,"[수원광교/<b>푸애뺄</b>] 광교... 감성 베이커리, <b>푸애뺄</b> 내돈내산 후기",이번에는 지인 추천으로 프랑스 베이커리 <b>푸애뺄</b>을 방문해 보았습니다. 쇼윈도에 진열된 바게트와 크로아상만 보아도 자연스럽게 발걸음이 멈추게 됩니다. <b>푸애뺄</b>은 프랑스 빵을 중심으로 천연발효종을... ,생활의 기록,20260116
https://blog.naver.com/irinekim51/223982189498,광교 카페거리 천연 발효종 사용 프랑스 빵 맛집 - <b>푸애뺄</b>,"<b>푸애뺄</b> 경기 수원시 영통구 센트럴파크로127번길 74 1층 102호 목-일, 매장앞 주차가능하나 협소 신동카페거리에 있는 프랑스 빵집만 방문하다가 광교에 갈 일이 있어서 맛있는 빵집을 찾아보다가 발견한 <b>푸애뺄</b>!... ",My Ordinary Day,20250825
https://blog.naver.com/a4953401/223556294578,광교 빵집 <b>푸애뺄</b> 바게트부터 소금빵까지,목표는 &quot;<b>푸애뺄</b>&quot; 이라는 곳으로 오픈한지 얼마 안된 곳이지만 포스가 남달라 보여서 방문해 보았다... 되는군 <b>푸애뺄</b> 안쪽으로 들어가보니 포근한 분위기로 넓은편은 아니지만 쓱 둘러봐도 종류가 많고 내가... ,취미부자수토리,20240822
https://blog.naver.com/hangguk-611/224109160612,수원/광교) 프랑스빵 맛집 (포장)<b>푸애뺄</b>/내돈내산,"결이 살아있는 프랑스 빵맛집 <b>푸애뺄</b> 영업시간 목/금 09:30-19:00 토/일10:00-19:00 정기휴무 월,화,수 방문에 참고하세요 주소 경기 수원시 영통구 센트럴파크로127번길 74 1층 102호 *광교카페거리 윤돈 매장 옆 위치... ",행복하기맹복,20251214
https://blog.naver.com/domdobu/224193779995,광교카페거리 프랑스베이커리 <b>푸애뺄</b> 내돈내산 후기 - 깜바뉴... ,"베이커리 <b>푸애뺄</b> 소개해드릴게요! 찐내돈내산으로 벌서 n번째 방문중이랍니당 저는 맨날 뿌애뺄, 뿌애팰 이렇게 부르는데 정확한 발음은 <b>푸애뺄</b>이더라구요 ㅋㅋ 프랑스 정통 빵집답게 천연 발효종을... ",돔두부 ㄹ1뷰 ( •̀ ω •́ )✧,20260224
https://blog.naver.com/purna_n/224096934742,|수원 광교 맛집 추천| '<b>푸애뺄</b>' / 바게트 / 소금빵 / 페스츄리... ,오늘은 수원 광교 바게트 맛집 <b>푸애뺄</b> 을 소개해볼게요 위치 및 주차 정보 <b>푸애뺄</b>은 수원시 영통구 센트럴파크로 127번길 74 에 위치하고 있습니다 가게 차제는 작은데 주변 건물과 달리 유럽 갬성 낭낭해서... ,푸르나의 소소한,20251203
https://blog.naver.com/campgonnie/223486633373,광교카페거리 블랑제리 <b>푸애뺄</b> (Four et Pelle)... ,광교카페거리에서 고니의 눈에 들어온 프랑스 빵집 &lt;<b>푸애뺄</b>&gt; 한낮에 방문해봤습니다! <b>푸애뺄</b> (Four et Pelle) 경기 수원시 영통구 센트럴파크로127번길 74 1층 102호  목금 09:30 -19:00 토일 10:00 - 19:00 월화수 휴무... ,GONNIE's chronicle,20240621
https://blog.naver.com/namsik511/223830250374,수원 광교 | <b>푸애뺄</b> | 광교카페거리 소금빵 맛집,수원 광교카페거리 베이커리 <b>푸애뺄</b>  지인에게 &quot;광교 카페거리에 소금빵 맛집이 있다&quot;는 제보를 받고 달려간 <b>푸애뺄</b> 평소에 지나가다가 본 것 같은데 간판이 어려워서 놓치고 말았다 (반성해) 위치는 광교... ,야무야무,20250412
https://blog.naver.com/kimsunnygarden/223858117151,"수원 광교 카페거리 베이커리 포장 전문, <b>푸애뺄</b>(Four at... ","수원 광교 카페거리 베이커리 포장 전문, <b>푸애뺄</b>(Four at Pelle) 카페/포장 후기 원래 빵을 포장해서... 빨간색 스트라이프 천막의 베이커리 전문점은 <b>푸애뺄</b>이라는 이름의 빵집이었다. 체리몰딩 나무색과 빨간... ",써니가든의 햇빛 쏟아지는 일상,20251203
https://blog.naver.com/crazy_bread_/223579185752,광교카페거리 빵맛집 '<b>푸애뺄</b>(fout_et_pelle)',"친구가 몇달전부터 추천하던 광교 카페거리 신상 빵집 <b>푸애뺄</b>,, 드디어 갔다!! 깜빠뉴와 포카치아가 맛있다해서 매일 인스타만 염탐하다 직접 방문한 후기 작성합니다 <b>푸애뺄</b>(fout_et_pelle) ✔️운영시간 수-금 9... ",얄루의 먹빵일기,20240910
https://blog.naver.com/seonyolife/224134835212,수원 광교 카페거리 베이커리 <b>푸애뺄</b> (Four et pelle) 방문기,얼마 전에 수원 광교 카페거리를 지나가다가 들러 본 <b>푸애뺄</b>(Four et pelle) 빵집에 다녀 온 후기를 작성해보려고 해요. 이름을 뿌애뺄로 이해해 검색했더니 안 나오더라고요. <b>푸애뺄</b>로 플레이스 등록이 되어... ,마이서뇨의 데일리 아카이브,20260106
https://blog.naver.com/chocolate1222/223903256722,광교 카페거리 프랑스 빵집 <b>푸애뺄</b> 방문 후기(w.바게트에... ,"안녕하세요 허니레몬입니다 오늘은 광교 카페거리에 갔을 때 방문했었던 프랑스 빵집 '<b>푸애뺄</b>' 방문... 광교 카페거리 프랑스 바게트 빵집 ‘<b>푸애뺄</b>’ ✅영업시간: 목~금 09:30~19:00, 토~일요일 10:00~19:00(월~수... ",알았으면 끄적여,20250618
https://blog.naver.com/yeomsisters/224189379420,수원-광교 카페거리 프랑스 빵 맛집 <b>푸애뺄</b>에서 얌냠!,<b>푸애뺄</b> 경기 수원시 영통구 센트럴파크로127번길 74 1층 102호 2026.01.19 짝궁이 일하다가 발견한 빵집! 호로록 들어가서 빵을 사왔는데 리뷰하면 좋을 것 같다고 사진도 찍어왔다! ㅋㅋㅋㅋㅋ 주차장은 협소한... ,미니염즈 늘예솔길,20260221
https://blog.naver.com/msl478/223735549101,"[<b>푸애뺄</b>] 광교 카페거리 최애 식사빵, 디저트 빵집을 찾았다.... ",한국어로 읽어도 어려운 이름 ㅎㅎㅎ <b>푸애뺄</b> 프랑스빵 전문점~~ 개인적으로 프랑스는 디저트보다는 식사빵이 더 맛있는 거 같아요~~ 이건 저만의 생각입니다!! 입간판으로 반겨주는 빵집 오늘에 빵을 직접 적어서... ,샤르프의 일상,20250123
https://blog.naver.com/combo11/223730961411,"<b>푸애뺄</b> : 광교빵집, 소금빵 맛집, 프랑스바게트","인생소금빵을 만나다, 수원 광교 <b>푸애뺄</b> 월~수 : 휴무, 목~일 : 10:00-19:00, 테이크아웃 전문 우연히 지나가다 발견한 ✨<b>푸애뺄</b>✨ 이곳에 이런 가게가 있었나 하고 네이버를 찾았더니 프랑스에서 빵을 배워오셨다는... ",레이니의 육아와 여행이야기,20250119
https://blog.naver.com/twinkleme616/223423915259,광교카페 <b>플라잉스콘 아브뉴프랑광교점</b>/여기가 스콘 맛집이지,그 플라잉스콘이 아브뉴프랑광교에도 있다고 해서 아침 일찍부터 방문해봤어요 ㅎㅎ 광교카페 <b>플라잉스콘 아브뉴프랑광교점</b>은 아아브뉴프랑광교 1층에 위치해있답니다 광교중앙역 3번출구에서 정말 가까워서... ,ʚ유니하다ɞ,20240423
https://blog.naver.com/h_sj0117/223498419721,[<b>플라잉스콘 아브뉴프랑광교점</b>] 여심저격 스콘맛집 광교카페,맛집 <b>플라잉스콘 아브뉴프랑광교점</b> 입니다 :) #광교카페 #광교아브뉴프랑카페 #광교스콘맛집 경기 수원시 영통구 센트럴타운로 85 1층 B127-1호 031-211-2202 영업시간. 매일 8:00~21:00 라스트오더. 20:30 플라잉스콘의... ,좋은기억이 많으면 부자야,20240702
https://blog.naver.com/yeonyoua/223724338270,광교맛집 - <b>플라잉스콘 아브뉴프랑광교점</b> 스콘 맛집 디저트... ,<b>플라잉스콘 아브뉴프랑광교점</b> 위치는 여기에요 영업시간 매일 08시 - 21시 라스트 오더 - 20시 30분 플라잉스콘 광교점 외관이구요 매장 앞에도 테이블이 나와 있었는데 밤이고 게다가 겨울이라 야외 테이블에는... ,"맛집, 뷰티, 여행, 일상",20250113
https://blog.naver.com/heertz/223574840431,스콘처돌이의 강력 추천 맛집 &lt;<b>플라잉 스콘 아브뉴프랑 광교점</b>&gt;,"0507-1355-2203 -주차정보: 아브뉴프랑 내 주차 가능 (주차지원) -단체 이용 가능, 주차, 포장, 예약, 무선... 맛집인 <b>플라잉스콘 아브뉴프랑광교점</b>은 스콘이 부드럽고 촉촉해서 더 맛있게 느껴졌어요 또, 스콘... ",heertz님의블로그,20240907
https://blog.naver.com/misuniy/223539638464,광교카페 <b>플라잉스콘 아브뉴프랑광교점</b> 스콘맛집,"ㅋ 엔티크한 인테리어에 광교카페 <b>플라잉스콘 아브뉴프랑광교점</b> 플라잉스콘 광교아브뉴프랑광교점 아메리카노 딸기스무디 귀여운딸기잼, 이즈니버터, 클로티드크림도 가격 저렴하게 판매하고 있어요 스콘... ",허밍스토리,20240807
https://blog.naver.com/ksk98815/223687671578,광교 <b>아브뉴프랑</b> 카페 :: 생활의달인 <b>스콘</b> 달인의 <b>플라잉스콘</b>... ,생활의달인 스콘달인의 플라잉스콘에서 다양한 스콘과 함께 유럽식 티타임 즐기기｡... 08:00-21:00 ✔️다양한 스콘과 함께 즐기는 여유로운 티타임 <b>플라잉스콘 아브뉴프랑광교점</b>은 아브뉴프랑 1층 끝자락에... ,별의별,20241211
https://blog.naver.com/dw1385/223900130953,광교카페 스콘 맛집 <b>플라잉스콘 아브뉴프랑광교점</b>,안녕하세요 정먕입니다 오늘은 광교 아브뉴프랑 스콘 맛집 '<b>플라잉스콘 아브뉴프랑광교점</b>'을 소개... 광교아브뉴프랑카페 플라잉스콘은 스콘 달인으로 방송된 달인이 만드는 17가지 스콘과 다양한 영국식... ,망고 누나의 나들이,20250615
https://blog.naver.com/dasom_achive/224111396521,수원 광교 카페 <b>플라잉스콘 아브뉴프랑광교점</b> 내돈내산 방문후기,광교 스콘맛집 ✅ 광교 아브뉴프랑 맛집 <b>플라잉스콘 아브뉴프랑광교점</b> 외관 여러 매장이 모여있지만 거의 끝쪽에 있어요. 베스킨라빈스가 원래 옆에 있었나 했는데 아무튼 옆에 베스킨라빈스도 있었습니다.... ,✨Dasom's World✨,20251216
https://blog.naver.com/jscom88080/223597112884,달인 디저트 카페 <b>플라잉 스콘 아브뉴프랑 광교점</b> 방문 리뷰,출입문 앞쪽에는 스콘과 케이크 종류가 다양하게 진열되어 있어 도장 깨기라도 해서 다 먹고 싶은 충동이... 생활의 달인 디저트 카페로 유명한 <b>플라잉 스콘 아브뉴프랑 광교점</b>은 디저트와 음료 커피가... ,언제나 그자리,20240926
https://blog.naver.com/brightswan/223715481773,광교 카페 <b>플라잉스콘 아브뉴프랑 광교점</b> 내돈내산,광교 카페 <b>플라잉스콘 아브뉴프랑 광교점</b> 주소 : 경기 수원시 영통구 센트럴타운로 85 1층 B127-1호... 광교 아브뉴프랑 카페 플라잉스콘을 이제서야 올려본다. 플라잉스콘은 지날 때마다 사람이 많아서... ,소소한 일상에 감사하는 책읽는 줄리아나,20250105
https://blog.naver.com/o_zieee/223441875080,광교<b>아브뉴프랑</b>카페 분위기 좋은 <b>스콘</b> 디저트 맛집 <b>플라잉스콘</b>... ,계시면 <b>플라잉스콘 아브뉴프랑광교점</b> 추천드릴게요! 읽어주셔서 감사합니다 #광교아브뉴프랑카페 #플라잉스콘 #수원플라잉스콘 #레몬빅토리아케이크 #수원스콘맛집 #광교스콘맛집 #광교빅토리아케이크... ,오지는 하루,20240510
https://blog.naver.com/eun__sso/223685969578,광교 아브뉴프랑 카페 추천 | <b>플라잉스콘 아브뉴프랑광교점</b>,온 하루였어요 플라잉스콘에서 시간을 보내다 추가로 스콘도 더 포장했어요 ㅎㅎ 혹시 광교 아브뉴프랑 방문하시면서 카페를 찾고 계신다면 <b>플라잉스콘 아브뉴프랑광교점</b> 추천드려요 읽어주셔서 감사합니다,꿈의 여행중 : My 20s,20241207
https://blog.naver.com/2cosmos5/223915931481,[광교 카페 추천] <b>플라잉스콘 아브뉴프랑광교점</b>,"가능 (아브뉴프랑광교점 주차권 지원) * 수원페이 사용 불가 안녕하세요, 담콩이에요 :) 오늘은 광교중앙역 근처 스콘 맛집으로 유명한 <b>플라잉스콘 아브뉴프랑광교점</b>을 소개 해드리고자 합니다 ! 위치는... ",PIZZA_ZIP,20250629
https://blog.naver.com/csj6805/224075733495,광교 생활의달인 카페 <b>플라잉스콘 아브뉴프랑광교점</b> 호불호있음,"매장위치 <b>플라잉스콘 아브뉴프랑광교점</b> 위치: 수원시 영통구 센트럴타운로 85 1층 매장내부... 스콘은 개인적으로 식감때문에 호불호가 갈릴거같아요 제가 겉바속촉한 스콘을 좋아해서 그런지, 플라잉스콘은... ",첨벙첨벙 고구마 먹는 물개의 하루,20251114
https://blog.naver.com/din99uu/223839683147,광교 카페 추천 <b>플라잉스콘 아브뉴프랑광교점</b>,"<b>플라잉스콘 아브뉴프랑광교점</b> 영업시간: 09:00~21:00 연락처: 0507-1355-2203 주차, 단체 이용 가능, 포장, 예약, 남/녀 화장실 구분 외부 전경, 주차 안녕하세요! 광교 스콘 맛집 플라잉스콘에 다녀왔어요 아브뉴프랑... ",애쥬 데일리랩,20250419
https://blog.naver.com/hwwwn__/223776658217,광교아브뉴프랑카페 <b>플라잉스콘 아브뉴프랑광교점</b>,광교아브뉴프랑카페 <b>플라잉스콘 아브뉴프랑광교점</b> 안녕하세요 올뱌에요 :) 오늘은 여느때와 같이... 광교아브뉴프랑 빵순이들의 데이트 성지 광교아브뉴프랑카페 플라잉스콘에서 스콘과 고급진 티타임어떠세요?,Olivia’s 웨딩 스토리,20250227
https://blog.naver.com/hiyoujini/223822481916,"[광교 카페] <b>플라잉스콘 아브뉴프랑광교점</b>, 메뉴, 후기",이번에 엄마랑 데이트 하러 광교 아브뉴프랑에 위치한 &quot;<b>플라잉스콘 아브뉴프랑광교점</b>&quot;에 다녀왔어요. 아브뉴프랑이 광장도 넓고 구경할것도 많아서 엄마랑 데이트 겸 갔다가 플라잉스콘에 다녀왔는데요.... ,유지니의 이것저것,20250404
https://blog.naver.com/nxxdx/223854090585,[수원/광교] 디저트카페 <b>플라잉스콘 아브뉴프랑광교점</b>... ,<b>플라잉스콘 아브뉴프랑광교점</b> 아브뉴프랑 광교 디저트카페 ⏰️ 영업시간 월-일 09:00~21:00 라스트오더... 궁금했던 아브뉴프랑 광교점 디저트카페 플라잉스콘 드디어 다녀왔읍니다 광교중앙역 3번출구로... ,일간 남산,20250503
https://blog.naver.com/aooky/223513262280,광교<b>아브뉴프랑</b>카페 다녀옴 영국 빈티지 분위기 가득한 과... ,:D 광교아브뉴프랑카페 <b>플라잉스콘 아브뉴프랑광교점</b> FLYING SCONE 플라잉스콘은 광교 애브뉴 프랑 1층 지하로 내려가는 에스컬레이터 바로 반대편에 있어서 생각보다 카페를 쉽게 찾아낼 수 있었다. 평소... ,summertime,20240715
https://blog.naver.com/dayafterday17/223604274170,광교 스콘 맛집 <b>플라잉스콘 아브뉴프랑광교점</b>,<b>플라잉스콘 아브뉴프랑광교점</b> 경기 수원시 영통구 센트럴타운로 85 1층 B127-1호 매일 08:00-21:00 단체 이용... 구분 플라잉스콘 광교점은 광교중앙역 3번 출구에 위치해 있어요. 아브뉴프랑 1층 초입에 있어서 바로... ,탐방기,20241002
https://blog.naver.com/rapatrip/224000566453,수원시청역 맛집 국밥 냉면 추천 <b>한라면옥 수원인계점</b> 후기,"이번 수원시청역 맛집글이 유익하셨다면 위 배너를 클릭하셔서 팬하기, 또는 이웃추가 서이추 해주세요 오늘도 감사합니다 #수원시청역맛집 #수원시청역국밥맛집 #수원냉면추천 #한라면옥 #<b>한라면옥수원인계점</b>",라파의 여행일기,20250909
https://blog.naver.com/yeonimood_/223727951645,[수원/인계] 수원 인계동 맛집 국밥 맛집 <b>한라면옥 수원인계점</b>,<b>한라면옥 수원인계점</b> 경기 수원시 팔달구 권광로175번길 52 1층 106호 ⌚️영업시간 매일 00:00 - 24:00  0507... 국밥 한라면옥은 새우젓과 다대기를 매일 교체하며 날짜 표기로 관리하고 있다고 합니다‼️ 얼큰... ,Yeon_MOMENT,20250116
https://blog.naver.com/wink4783/223675290641,인계동국밥 먹으러 <b>한라면옥 수원인계점</b> 다녀오다,<b>한라면옥 수원인계점</b> 기본찬부터 깔끔한 느낌이 든다. 뭔가 대접 받는 느낌이랄까? 짜잔! 잠시 기다리니 한라면옥의 한상이 차려졌다. 인계동국밥 먹으러 왔다가 박수 칠뻔했다. 와오~ 한라면옥만의 비법... ,좌충우돌♡ 그림쟁2 하루,20241128
https://blog.naver.com/cafepangpang/223742162236,수원시청역 근처 맛집 국밥집 <b>한라면옥 수원인계점</b>,<b>한라면옥 수원인계점</b> 경기 수원시 팔달구 권광로175번길 52 1층 106호 (수원시청역 6번 출구에서 243m)... 편하게 수원시청 주차장에 주차하고 갔네요~ 시원시청 진짜 바로 앞입니다 한라면옥 24시 연중무휴라고해요... ,알록사탕♡ 다채로운 삶,20250130
https://blog.naver.com/dlatnwls0404/224173123987,좋은 한식 맛집 추천! 수원시청역 맛집 <b>한라면옥 수원인계점</b>,인계동에 해장하기 좋은 한식 맛집이 있다하여 수원시청역 맛집 한라면옥에 방문해보았다! 인계동 맛집 <b>한라면옥 수원인계점</b>은 수원시청역 6번출구에서 3분거리! ❤️영업시간❤️ 월~목 11:00 -23:00... ,sujin’s daily✨,20260205
https://blog.naver.com/wlgp0962/223943454480,<b>수원</b> 인계동 맛집 국밥집 찾다가 냉면 먹은 후기 <b>한라면옥</b> <b>인계점</b>,끝 #수원냉면맛집 #수원시청역냉면 #인계동맛집 #한라면옥 #냉면맛집 #수원시청역근처맛집 #수원인계동맛집 #여름보양식 #물냉면추천 #수원냉면 #<b>한라면옥수원인계점</b> #냉면리뷰 #내돈내산같은후기 #시원한한끼... ,지혜의 일상블로그✨,20250722
https://blog.naver.com/context/223869808462,수원 인계동 맛집 국밥 <b>한라면옥 수원인계점</b> 후기,수원 인계동 맛집 국밥 <b>한라면옥 수원인계점</b> 후기 어느날 갑자기 차가운 냉면과 뜨거운 국밥이 동시에... 수원 인계동 맛집 국밥 한라면옥 주차정보 인계동 주차 어렵습니다. 그러나 매장이 있는 건물에 넓고... ,"Pleasure K- 먹는 즐거움,보는 즐거움,듣는 즐거움",20250518
https://blog.naver.com/bonitadasom94/224198642987,수원시청역 해장국 맛집 <b>한라면옥 수원인계점</b>,제가 방문한곳은 수원시청역 맛집 <b>한라면옥 수원인계점</b>이랍니다. 국밥도 되고 냉면도 되고 제주식 돔베국수까지 되는곳이라서 같이 가는 사람이 뭘 먹고 싶든 고민 없이 갈 수 있는곳이에요. 길찾기 &amp; 외부... ,살찐치즈 일상리뷰어 Blog,20260227
https://blog.naver.com/vanilla9090/224200694158,수원시청역 냉면 맛집 인계동 맛집 <b>한라면옥 수원인계점</b>,"사용하는데 수원시청역 냉면 인계동 맛집 <b>한라면옥 수원인계점</b> 은 흑미쌀면을 사용해요 밀가루 단 1도 없이 흑미로 만든 쌀냉면 100% 쌀면, 글루텐 프리 흑미물냉면 입니다 한라면옥의 면요리는 흑미쌀로... ",썸머의 여름,20260301
https://blog.naver.com/khj5975/223744971221,수원 인계동 맛집 국밥 <b>한라면옥 수원인계점</b> 아이랑,<b>한라면옥 수원인계점</b> 설 연휴에 집 근처 인계동에 점심을 먹고 보드카페를 다녀왔습니다. 연휴 동안 아이랑 하루하루 보내는게 쉽지 않네요. 보드카페에 가기 전 한라면옥! 수원 인계동 국밥 맛집에... ,사심가득한 공간,20250202
https://blog.naver.com/14dkej14/223656450982,인계동 맛집 단체 방문 <b>한라면옥 수원 인계점</b> 방문 후기 포스팅... ,가능한 <b>한라면옥 수원 인계점</b> 방문 후기를 소개 해 드릴게요 위치 부터 먼저 소개해 드릴게요 위치... 주차 SCT 타워 주차 가능 해요 #인계동맛집 #단체방문 #회식가능 #한라면옥 #한라면옥수원점 #한라면옥 인계점,빛의 마술사,20241111
https://blog.naver.com/paradance98/224098978295,돔베국수와 국밥 인계동 해장 맛집 <b>한라면옥 수원 인계점</b> 리뷰,다녀왔다 <b>한라면옥 수원 인계점</b> 주소 : 경기 수원시 팔달구 권광로175번길 52 1층 106호 한라면옥 영업시간 : 매일 10:00~24:00 전화번호 : 0507-1434-5845 주차 : 가능 <b>한라면옥 수원 인계점</b> 찾아가는 길 인계동 맛집... ,오늘도 태만한 하루,20251214
https://blog.naver.com/sejun6659/223883559065,수원 인계동 맛집 국밥 <b>한라면옥 수원인계점</b>,"찾아 <b>한라면옥 수원 인계점</b>에 다녀왔습니다. 짝꿍이랑 첫째딸, 둘째아들(이제 막 19개월 된 꼬맹이)까지 총출동한 외식으로 따끈한 국밥이 너무 끌리더라고요. 수원 인계동 국밥집들 중에서도 한라면옥은... ",이리저리 떠돌며 맛집을 찾아~~,20250530
https://blog.naver.com/dasimi0707/223727625980,<b>한라면옥 수원인계점</b> 24시 인계동국밥 겨울에도 냉면 먹을 수... ,<b>한라면옥 수원인계점</b> 24시 인계동국밥 ✅ 운영 시간 매일 : 00:00 ~ 24:00 ✅ 주차 건물 주차장 무료 이용... 한라면옥은 제주산 백돼지를 사용한 고기를 제공하고 있다고 합니다! 일반적인 국밥집에서 보는... ,Diana Archive.,20250116
https://blog.naver.com/ajdandxod12/223527982154,24시간 영업하는 국밥과 냉면이 맛있는 <b>한라면옥 수원인계점</b>,그럼 여기까지 힐링멍뭉탱이였습니다. 인계동점심맛집 <b>한라면옥수원인계점</b> ※내돈내산포함 #인계동점심 #인계동국밥 #인계동냉면 #수원시청점 #한라면옥 #<b>한라면옥수원인계점</b>,힐링멍뭉탱과 떠나는 퍼스널여행,20240728
https://blog.naver.com/hs11127/223638891706,수원시청역 근처 맛집 24시 식당 국밥 <b>한라면옥 수원인계점</b>,전문점인 한라면옥에 다녀왔어요 이곳은 24시 영업을 해서 언제든지 방문하여 맛있는 음식을 먹을 수 있는 곳이에요 지금부터 소개해 드릴게요 <b>한라면옥 수원인계점</b> ✔️ 경기 수원시 팔달구 권광로175번길... ,맛집 다니며 육아하는 꿀˙ᵕ˙,20241029
https://blog.naver.com/dksepsl1029/224008621615,흑미면으로 만든 고기국수 맛집 ‘<b>한라면옥 수원인계점</b>’,글루텐프리 흑미면으로 만든 고기국수 맛집 ‘<b>한라면옥 수원인계점</b>’ 건물 내 주차 가능 아기의자 있음... 한라면옥으로~~ #한라면옥 #한라면옥수원 #한라면옥수원인계 #수원고기국수 #수원냉면맛집 #인계동맛집... ,오늘의 기억,20250915
https://blog.naver.com/en-escape/223871420916,[수원시청역 맛집] 점심으로도... &quot;<b>한라면옥 수원인계점</b>&quot; 후기!!,그래서 또 깔끔한 순대국집 찾다가 발견한 수원시청역 맛집 <b>한라면옥 수원인계점</b>이에요!! 그럼 가보죠!! 고고! 수원시청역 맛집 <b>한라면옥 수원인계점</b> 외관이에요! 이 친구 블로거가 아니어서 그런가!!... ,EN 방탈출,20250523
https://blog.naver.com/dbfla9432/223905667637,수원 인계동 맛집 국밥 [<b>한라면옥 수원인계점</b>],ㅎㅎ 배부르게 너무 맛있게 잘 먹고 왔습니다 :) #수원 #수원맛집 #수원인계동맛집 #수원인계동국밥맛집 #인계동맛집 #인계동국밥맛집 #인계동맛집국밥 #한라면옥 #<b>한라면옥수원인계점</b> #인계동냉면 #인계동국밥... ,"""뽁뽁이의 일상 이야기""",20250620
https://blog.naver.com/popozhu/223971001442,수원 인계동 맛집 국밥 <b>한라면옥 수원인계점</b> 돔베국수 솔직 후기,수원 인계동 맛집 국밥 ‘<b>한라면옥 수원인계점</b>’에서 돔베국수와 김치 찐만두를 먹은 리얼 후기.... 제주도에 가지 않아도 제주 향을 느낄 수 있는 집이였음 한라면옥 추천 이유 •수원 인계동 맛집 국밥으로... ,포포의 블로그,20250815
https://blog.naver.com/ems0626/224217440182,강남구청역 맛집 <b>해목 논현점</b> 나고야식 장어덮밥 맛집,덕분에 식사 마무리까지 기분 좋더라고요. ✨ 다시 또 생각날 것 같은 해목의 히츠마부시! 너무 맛있어요. ❣️ <b>해목 논현점</b> 매일 11:00-22:00 평일 브레이크 타임 15:00-17:00 서울 강남구 선릉로145길 14 0507-1466-0277,일상이야기,20260315
https://blog.naver.com/h_sj0117/224056964880,강남 논현동 맛집 일본식 장어덮밥 <b>해목 논현점</b>,강남 논현동 맛집 해목 외관 일본식 장어덮밥 ‘히츠마부시’ 먹으러 <b>해목 논현점</b> 다녀왔어요 얼마전부터 너무 먹고 싶어 잘하는 곳 한참 찾아보다 드디어 결정 후 다녀 온 곳! 분위기도 좋아 더욱 마음에 들던... ,좋은기억이 많으면 부자야,20251028
https://blog.naver.com/hagyumy/224266715250,"일요일 낮, <b>해목 논현점</b>에서 먹은 히츠마부시","근처에서 갈 만한 곳을 찾아보다가 <b>해목 논현점</b>이 가까이에 있다는 걸 알게 됐다. 해목은 히츠마부시와 카이센동으로 유명한 일식당이다. 히츠마부시는 나고야식 장어덮밥으로, 장어와 밥을 그냥 먹는 것에서... ",peas and pod,20260427
https://blog.naver.com/zxcvb4u/224267102075,압구정로데오 히츠마부시 맛집 <b>해목 논현점</b> 또간집 후기,일식 데이트 코스 찾으신다면 <b>해목 논현점</b> 너무 추천드려요 ❤❤️ 또 가고 싶은 집 등극...! #학동역맛집 #논현동맛집 #<b>해목논현점</b> #학동역히츠마부시 #논현일식 #해목 #학동역데이트 #논현맛집추천 #장어덮밥맛집,Nano log,20260427
https://blog.naver.com/flutistpark/224264914768,"[논현/청담] <b>해목 논현점</b>, 히츠마부시 맛집",내가 진짜 좋아하고 자주가는 장어덮밥 맛집 <b>해목 논현점</b>! 장어덮밥 장인이 계신 곳으로 이미 맛은 완전... 미리 예약을하고 조금 이른 저녁시간에 방문을 했던 터라 조금 한산했던 해목 한산한 모습이 어색할... ,hye,20260425
https://blog.naver.com/soheekimmy/224266615634,강남구청역 맛집 <b>해목 논현점</b> 장어덮밥 사케동 솔직후기,해목 사케동 강남구청역 맛집 <b>해목 논현점</b> 장어덮밥 사케동 솔직후기 사케동 후기입니당 ㅎㅎ 메뉴가 나올때 마다 직원분들께서 친절히 사케동 먹는 방법을 설명해 주셨어요 참치는 낫또 참깨 소스에... ,키미뷰 | 키미의 솔직 리뷰,20260427
https://blog.naver.com/solartic1004/224162275433,히츠마부시 주문 (테이블링 예약 웨이팅 가능) : <b>해목 논현점</b>,"오늘 소개할 곳은 논현동 장어덮밥 미슐랭 맛집인 <b>해목 논현점</b>입니다. 해목은 부산에 있을 때부터 워낙 유명한 곳이어서 많이 들어봤는데, 부산에서 못 가보고 서울에 와서 가보게 되었네요. (*해목 본점은 부산... ",솔라의 다락방,20260128
https://blog.naver.com/yej4705/224205499208,"강남장어덮밥 맛집, 히츠마부시 먹는 4가지 방법, <b>해목 논현점</b>","오빠와 연애 때, 장어 덮밥 맛집이라고 가자고 해서 먹었던 강남장어덮밥 맛집 <b>해목 논현점</b>...! 요새 기력 딸리고 몸보신 해야겠다 해서 다시 <b>해목 논현점</b> 방문하였습니다. 25년 미슐랭 맛집으로 올랐다고 하니... ",리얼한 수다,20260305
https://blog.naver.com/xx_yeonz/224226307808,청담 점심 <b>해목 논현점</b> 웨이팅 주차편한 서울 장어덮밥 맛집,"<b>해목 논현점</b> 서울 강남구 선릉로145길 14 주차가능 (발렛) 안그래도 해목 엄청 궁금했는데, 주차도 편하고 오픈시간에 가면 웨이팅 없다하여 <b>해목 논현점</b> 다녀왔어요 11시 조금 전에 가서 기다렸는데 거의... ",yeonz blog.,20260323
https://blog.naver.com/tmitmiworld/224227822164,전통 히츠마부시 장어덮밥 맛집 ‘내돈내산’ : <b>해목</b> (<b>논현점</b> 비교),"전문점 '해목' 내돈내산 후기 입니다 저는 서촌점 방문했어요 ( 논현점 비교도 함께 리뷰할게요 )... 압구정로데오역 <b>해목 논현점</b> 해목입니다 정갈한 분위기도 비슷합니다 1,2층으로 되어있어요 히쯔마부시... ",도리,20260324
https://blog.naver.com/kellysweethome/224131965850,<b>해목 논현점</b> 웨이팅,"해목 본점은 부산 해운대에 있지만 부산까지 너무 멀어 차마 갈수가 없었음 ㅋㅋㅋ 서울엔 논현점, 롯데월드몰, 서촌점 이렇게 3곳이 있음. 나와 친구들은 <b>해목 논현점</b>으로 다녀왔다. 네이버예약은 월-목만 가능... ",켈리의 스윗홈♥,20260102
https://blog.naver.com/bearting81/223509806399,[맛집/내돈내산] 히츠마부시(장어덮밥) '<b>해목 논현점</b>',"히츠마부시 전문점 '해목' 해운대점,롯데월드점,논현점있음 논현점은 강남구청역 근처 11시오픈... 딴건 그냥 그랬고 히츠마부시는 맛있더라~ 해목 1층 #해목 #<b>해목논현점</b> #강남구청맛집 #히츠마부시... ",곰냥의 살아내기,20240712
https://blog.naver.com/sally9476/224072835963,논현동 맛집 <b>해목 논현점</b> 서비스 최고 일본 현지 감성 가득한... ,이전부터 익히 들어서 유명한 분위기 좋은 맛집 <b>해목 논현점</b>에 방문했다. 해목은 논현에 위치한 일본식 감성을 살린 장어덮밥 맛집이다. 그래서 가게 외관도 완전 일본에 온 것처럼 잘 꾸며놨다. 입구를... ,예쁘고 귀엽고 맛있는게 짱이야,20251111
https://blog.naver.com/jolly_o/224271936328,논현 히츠마부시 맛집 <b>해목 논현점</b> | 부산 본점 부럽지 않은... ,"무조건 <b>해목</b> 히츠마부시 한 그릇에 가격이 있는 편이지만, 이 맛과 분위기라면 충분히 납득이 가요. 부산 본점까지 가기 부담스럽다면 <b>논현점</b>으로도 충분히 만족할 수 있을 것 같아요. 여름 보양식으로... ","졸리, 맛있는건 행복하니까",20260501
https://blog.naver.com/chungkhouse/224166706337,학동사거리 근처 논현동 맛집 <b>해목 논현점</b> 히츠마부시 제대로... ,"강남 논현동에서 히츠마부시로 꾸준히 언급되는 곳이 바로 <b>해목 논현점</b>입니다. 미쉐린 빕그루망... 위치 및 첫인상 <b>해목 논현점</b>은 강남구청역과 압구정로데오역 사이, 학동사거리 인근에 위치해 있습니다.... ",청케 HOUSE,20260131
https://blog.naver.com/jsj_01/223708477915,"<b>해목 논현점</b> 히츠마부시 장어덮밥 카이센동 맛집! (예약, 주차)","찾아본 해목!!!!!! 서울에 지점이 3개 있었는데 논현점이 분위기가 좋아보이더라구요. 같은 음식이라도 분위기가 중요해... <b>해목 논현점</b> 주차는 발렛으로 도와주십니다 (4천원) 예약은 주말,공휴일 제외... ",Crystal_소신있는라이프,20241229
https://blog.naver.com/cowboy655/224216593315,"압구정 미쉐린 가이드 장어덮밥 맛집, '<b>해목 논현점</b>' 솔직후기",<b>해목 논현점</b>은 네이버나 캐치 테이블로 별도의 예약은 안되고 현장에 있는 웨이팅 기기에 등록하시거나 가게로 유선문의하시면 됩니다 ! 가게 외부는 일본 느낌이 제대로 나서 멀리서 봐도 여기가 해목이구나... ,Food maeng Log,20260314
https://blog.naver.com/qde78/224269662568,"맛집 - 50분 대기도 아깝지 않은 미슐랭 장어덮밥, <b>해목 논현점</b>","도산공원 맞은편, 일본 단독주택 감성의 미슐랭 장어덮밥 맛집 <b>해목 논현점</b>은 도산공원 맞은편에... 보통 장어덮밥을 먹으면 작은 뼈가 씹히는 경우가 있는데, 해목의 히츠마부시는 뼈 처리가 완벽했다.... ",이유를 찾아서,20260429
https://blog.naver.com/mazique/224010813942,논현동 맛집 <b>해목 논현점</b> 히츠마부시와 마구로 사케 네기도로... ,"일본여행이 갑자기 가고싶을때 해목에서 히츠마부시와 마구로 사케동을 먹으며 잠깐 미식 여행을 떠나보시면 어떨까요? 참 그리고, <b>해목 논현점</b>은 전 메뉴 포장이 가능해서 매장을 가지 않고도 맛있는 식사를... ",LIVE EVER YOUNG,20250916
https://blog.naver.com/kattun74/224096848022,"강남구청역 맛집, 미슐랭 장어덮밥 : <b>해목 논현점</b> (주차/웨이팅... ",판매중인 <b>해목 논현점</b> 저는 해목의 시그니처이자 제일 인기있는 메뉴인 장어덮밥=히츠마부시와 참치+연어+네기도로도 주문했어요 특으로 주문하려다가 한마리반은 너무 많을 것 같아서 욕심 안내고... ,쎄쎄쎄,20251203
https://blog.naver.com/13qjrmadl/224268027724,[수원맛집] 수원 냉면 맛집 <b>황해면옥 수원점</b> 후기,맛집 <b>황해면옥 수원점</b> 수원 냉면 맛집 황해면옥은 수원시청역과 매교역 정가운데에 위치해 있어요 그리고 매장앞 도로 양쪽 복계천 공용주차장을 이용하시면 됩니다 그래서 뚜벅이로 방문해도 되고 자차로... ,일탈의 재미,20260429
https://blog.naver.com/tasice11/224136334820,수원맛집 권선동맛집 <b>황해면옥 수원점</b> 시원핫 냉면... ,즉 친정엄마가 올라오셨어요 맛있는 점심 사드리려고 방문한 수원맛집 권선동맛집 <b>황해면옥 수원점</b>에... 권선동맛집 황해면옥에서는 동치미도 직접 담구시고 김치도 직접 담구시는것 같았어요 면도 직접... ,마미 아뜰리에,20260108
https://blog.naver.com/pmina0610/223939935329,수원 평양냉면 맛집 <b>황해면옥 수원점</b>,저도 조만간 또 먹으러 갈 예정입니다♀️ 총평 평양냉면 초보자들도 쉽게 먹을 수 있는 평양냉면 #수원맛집 #권선동맛집 #복개천도로맛집 #황해면옥 #<b>황해면옥수원점</b> #평양냉면맛집 #수원평양냉면맛집... ,미나의 세상,20250720
https://blog.naver.com/happy_nyang52/224235273277,권선동 맛집 <b>황해면옥 수원점</b> 후기｜수원냉면 평양냉면부터... ,그래서 이번에 다녀온 곳은 권선동 맛집으로 유명한 <b>황해면옥 수원점</b>이에요. 여기는 놀라운토요일... 구성 황해면옥은 전체적으로 자극적이지 않으면서도 깊이 있는 맛이 특징이었어요. 특히 ✔ 김치비빔냉면은... ,happy_nyang_log,20260331
https://blog.naver.com/lkestoringplace/223931749263,"권선동 평양냉면, 소고기김치비빔 냉면 맛집[<b>황해면옥 수원점</b>]",매장정보: <b>황해면옥 수원점</b>  주소 수원시 권선구 세지로 112번길 56 1층 ⏰ 영업시간 11:00 - 21:00 라스트... 가게 입구에서도 알 수 있는 자가제면 포스가 물씬 ㅎㅎㅎ 권선동 냉면 맛집 황해면옥은 tvN 놀라운... ,꽁꽁의 저장소,20250713
https://blog.naver.com/you_ling/224263915903,"수원 평양냉면 맛집, <b>황해면옥 수원점</b> 완식 후기","<b>황해면옥 수원점</b>을 방문했어요. 소고기 사태와 양지를 푹 고아 낸 육수에 직접 담근 동치미까지 더해 깊은 맛을 낸다고 해서 기대가 더 컸어요. 과연 어떤 맛일지, 솔직한 후기 남겨볼게요! <b>황해면옥 수원점</b>... ",유링스,20260424
https://blog.naver.com/newgomgom/224226387341,"수원 권선동 맛집 <b>황해면옥 수원점</b>, 주차 메뉴 솔직후기","<b>황해면옥 수원점</b> 글.사진 ⓒ곰돌이짝꿍 슴슴한 평양냉면이 땡기는날, 황해면옥에 다녀왔어요 방송에도 여러번 나온 집인데 원래 대전에서 유명했는데 수원도 지점이 있더라구요 (반갑) 평양냉면 뿐 아니라... ",새곰달곰,20260323
https://blog.naver.com/kimrina1994/224245357091,수원 권선동 맛집 <b>황해면옥 수원점</b> 시그니처 김치비빔냉면 먹고... ,맛집 <b>황해면옥 수원점</b> 다녀왔어요 ! 이미 유명한 집이라 기대 가득 가득 그럼 지금부터 소개해드릴게요... 큼직하게 황해면옥 이라고 적혀 있어서 멀리서도 한눈에 딱 보여서 찾기 정말 쉬웠고 방송에도 출연한... ,Daily by Rina,20260408
https://blog.naver.com/28ssan/224240726115,"［<b>황해면옥 수원점</b>/권선동］갈비탕, 물냉면",공사다망한 동탄주당이 수원 권선동에 일보러 왔는데 시간되면 <b>황해면옥</b>에서 점심이나 하잡니다. 갈비탕에 낮술 한잔후 물냉면 한 그릇씩 하자는데 남길 거 같아 갈비탕 특(1.8만원) 하나와 평양냉면 곱(1.3만원)... ,반달곰,20260416
https://blog.naver.com/samira_o_o/224007581873,수원 냉면 맛집 <b>황해면옥 수원점</b> 수원 시청역 권선동 맛집,수원 시청역 근처에 위치한 <b>황해면옥 수원점</b>입니다!! 직접 만든 육수와 자가제면 냉면으로 유명하다고... 수원 냉면 맛집 황해면옥 메뉴와 가격 다시 한번 확인하세요◡̈ 면 메뉴는 곱빼기도 가능해서 양이... ,♡₊˚Sol story.౨ৎ ⊹,20250914
https://blog.naver.com/dlsjvltm77/224254758575,맛집 '<b>황해면옥 수원점</b>' 솔직 경험 후기 ! (+ 메뉴 및 주차 정보),[수원 권선동] TV '놀라운 토요일' 출연 평양냉면 맛집 '<b>황해면옥 수원점</b>' 솔직 경험 후기 ! 안녕하세요... 수원점심맛집 #냉면육수맛집 #수원권선동맛집 #냉면과만두 #2026맛집 #냉면리뷰 #수원황해면옥 #맛집후기,"이너피쓰의 자기 계발(독서, 재테크, 투자) & 맛집",20260416
https://blog.naver.com/wink4783/224111483965,수원 냉면 맛집 찾아 <b>황해면옥 수원점</b> 다녀오다,"아이는 따뜻한 갈비탕에 나는 새콤한 비빔국수으로 먹을수 있는 수원 황해면옥으로 갔다. 70년 전통이... 수원 냉면 맛집인 이유가 있구나ㅎㅎ <b>황해면옥 수원점</b>은 편한 동네 맛집 느낌이라 가족 단위, 커플, 지인... ",좌충우돌♡ 그림쟁2 하루,20251216
https://blog.naver.com/hahaha3574/224272127833,놀라운토요일 방송맛집 인증!권선동 <b>황해면옥 수원점</b>에서... ,#수원냉면 #평양냉면 #권선동맛집 #수원시청역맛집 #매교역맛집 #황해면옥 #<b>황해면옥수원점</b>... 수원노포맛집 #수원점심추천 #수원가족외식 #수원데이트맛집 #물냉면맛집 #비빔냉면맛집 #권선동냉면... ,효라의 결혼준비 다이어리✨,20260502
https://blog.naver.com/noza0830/224257647140,"수원 냉면 맛집, 놀라운 토요일에도 방영된 맛집&lt;<b>황해면옥 수원점</b>&gt;",<b>황해면옥 수원점</b> 위치: 경기 수원시 권선구 세지로112번길 56 수원시청역 5번 출구에서 877m 11:00-21:00... 0 평소에도 물냉면보다 비빔냉면을 더 선호하는데 왜 황해면옥 시그니처 메뉴인지 알겠더라구요... ,"맛집, 카페, 여행, 일상, 웨딩의 모든 기록♥",20260419
https://blog.naver.com/yaksabaksa/224014696814,수원냉면맛집 <b>황해면옥 수원점</b> 평양냉면 김치비빔냉면 후기,주차정보 황해면옥 골목 안으로 들어가면 공용주차장이 있습니다. <b>황해면옥 수원점</b>에서 식사하고 주차권을 받아서 공용주차장에 제출하면 된다고 해요!! +그리고 주차 꿀 팁 하나 공유하자면 <b>황해면옥 수원점</b>... ,약사아빠의 한주,20250919
https://blog.naver.com/uni9476/224276501913,수원냉면맛집 <b>황해면옥수원점</b> 물냉면 비빔냉면 후기,"평양냉면 입문자에게 추천할 만한 호불호 없는 황해면옥 냉면 후기 평양냉면 좋아하는 사람들... 유명한 <b>황해면옥수원점</b> 다녀옴 냉면만 있는 게 아니라 갈비탕, 소불고기, 만둣국, 육개장 수육전골까지... ",쏘이의 쏘쏘한일상,20260506
https://blog.naver.com/tjdeo13/223873010377,수원 평양냉면 맛집 <b>황해면옥 수원점</b>,<b>황해면옥 수원점</b> 위치: 수원시 권선구 세지로112번길 56 ☎ 0507-1490-8188 영업시간: 화 - 일 11:00 ~ 21:00 (L.O 20:30) 매주 월 정기휴무 수원평양냉면맛집 황해면옥은 수원시청역에서 도보로 10분쯤 되는 거리에 위치하여... ,오리대장 일상 블로그,20250521
https://blog.naver.com/lanijung/224275720009,맛 평양냉면과 소고기김치무침의 꿀조합 <b>황해면옥 수원점</b>,20:30 매주 월요일 정기휴무 #<b>황해면옥수원점</b> #수원냉면맛집 #수원평양냉면맛집 #수원권선동맛집 #놀라운토요일냉면 #황해면옥소고기김치무침 #황해면옥평양냉면 #서울근교평양냉면맛집 #수원냉면맛집,별 하나 있고 너 하나 있는,20260505
https://blog.naver.com/vanilla9090/224231749906,수원 냉면 맛집 놀라운 토요일 방송 권선동 맛집 <b>황해면옥 수원점</b>,"맛집 <b>황해면옥 수원점</b>는 갈비탕맛집 이거든요 시그니처 김치비빔냉면 맛있는 갈비탕 싸이드 메뉴, 왕만두 김치비빔냉면 황해면옥 시그니처 김치비빔냉면 13,000원 맛있는 빨간색, 살짝 매콤하면서 달달한 맛이... ",썸머의 여름,20260327
https://blog.naver.com/binalike/224220937144,해장으로 딱! <b>황해면옥 수원점</b> 김치비빔냉면 &amp; 갈비탕 특 후기,이웃님들만의 특별한 최애 해장 메뉴가 있다면 저에게도 댓글 부탁드려용  #수원맛집 #권선구맛집 #황해면옥 #<b>황해면옥수원점</b> #수원냉면맛집 #권선동맛집 #김치비빔냉면 #비빔냉면맛집 #수원갈비탕... ,LARID,20260318
